file_name,file_path,actor_id,sentence,emotion_code,emotion,intensity,split
1002_DFA_ANG_XX.wav,ai-service\data\raw\CREMA-D\AudioWAV\1002_DFA_ANG_XX.wav,1002,DFA,ANG,angry,XX,train
1002_DFA_DIS_XX.wav,ai-service\data\raw\CREMA-D\AudioWAV\1002_DFA_DIS_XX.wav,1002,DFA,DIS,disgust,XX,train
1002_DFA_FEA_XX.wav,ai-service\data\raw\CREMA-D\AudioWAV\1002_DFA_FEA_XX.wav,1002,DFA,FEA,fear,XX,train
1002_DFA_HAP_XX.wav,ai-service\data\raw\CREMA-D\AudioWAV\1002_DFA_HAP_XX.wav,1002,DFA,HAP,happy,XX,train
1002_DFA_NEU_XX.wav,ai-service\data\raw\CREMA-D\AudioWAV\1002_DFA_NEU_XX.wav,1002,DFA,NEU,neutral,XX,train
1002_DFA_SAD_XX.wav,ai-service\data\raw\CREMA-D\AudioWAV\1002_DFA_SAD_XX.wav,1002,DFA,SAD,sad,XX,train
1002_IEO_ANG_HI.wav,ai-service\data\raw\CREMA-D\AudioWAV\1002_IEO_ANG_HI.wav,1002,IEO,ANG,angry,HI,train
1002_IEO_ANG_LO.wav,ai-service\data\raw\CREMA-D\AudioWAV\1002_IEO_ANG_LO.wav,1002,IEO,ANG,angry,LO,train
1002_IEO_ANG_MD.wav,ai-service\data\raw\CREMA-D\AudioWAV\1002_IEO_ANG_MD.wav,1002,IEO,ANG,angry,MD,train
1002_IEO_DIS_HI.wav,ai-service\data\raw\CREMA-D\AudioWAV\1002_IEO_DIS_HI.wav,1002,IEO,DIS,disgust,HI,train
1002_IEO_DIS_LO.wav,ai-service\data\raw\CREMA-D\AudioWAV\1002_IEO_DIS_LO.wav,1002,IEO,DIS,disgust,LO,train
1002_IEO_DIS_MD.wav,ai-service\data\raw\CREMA-D\AudioWAV\1002_IEO_DIS_MD.wav,1002,IEO,DIS,disgust,MD,train
1002_IEO_FEA_HI.wav,ai-service\data\raw\CREMA-D\AudioWAV\1002_IEO_FEA_HI.wav,1002,IEO,FEA,fear,HI,train
1002_IEO_FEA_LO.wav,ai-service\data\raw\CREMA-D\AudioWAV\1002_IEO_FEA_LO.wav,1002,IEO,FEA,fear,LO,train
1002_IEO_FEA_MD.wav,ai-service\data\raw\CREMA-D\AudioWAV\1002_IEO_FEA_MD.wav,1002,IEO,FEA,fear,MD,train
1002_IEO_HAP_HI.wav,ai-service\data\raw\CREMA-D\AudioWAV\1002_IEO_HAP_HI.wav,1002,IEO,HAP,happy,HI,train
1002_IEO_HAP_LO.wav,ai-service\data\raw\CREMA-D\AudioWAV\1002_IEO_HAP_LO.wav,1002,IEO,HAP,happy,LO,train
1002_IEO_HAP_MD.wav,ai-service\data\raw\CREMA-D\AudioWAV\1002_IEO_HAP_MD.wav,1002,IEO,HAP,happy,MD,train
1002_IEO_NEU_XX.wav,ai-service\data\raw\CREMA-D\AudioWAV\1002_IEO_NEU_XX.wav,1002,IEO,NEU,neutral,XX,train
1002_IEO_SAD_HI.wav,ai-service\data\raw\CREMA-D\AudioWAV\1002_IEO_SAD_HI.wav,1002,IEO,SAD,sad,HI,train
1002_IEO_SAD_LO.wav,ai-service\data\raw\CREMA-D\AudioWAV\1002_IEO_SAD_LO.wav,1002,IEO,SAD,sad,LO,train
1002_IEO_SAD_MD.wav,ai-service\data\raw\CREMA-D\AudioWAV\1002_IEO_SAD_MD.wav,1002,IEO,SAD,sad,MD,train
1002_IOM_ANG_XX.wav,ai-service\data\raw\CREMA-D\AudioWAV\1002_IOM_ANG_XX.wav,1002,IOM,ANG,angry,XX,train
1002_IOM_DIS_XX.wav,ai-service\data\raw\CREMA-D\AudioWAV\1002_IOM_DIS_XX.wav,1002,IOM,DIS,disgust,XX,train
1002_IOM_FEA_XX.wav,ai-service\data\raw\CREMA-D\AudioWAV\1002_IOM_FEA_XX.wav,1002,IOM,FEA,fear,XX,train
1002_IOM_HAP_XX.wav,ai-service\data\raw\CREMA-D\AudioWAV\1002_IOM_HAP_XX.wav,1002,IOM,HAP,happy,XX,train
1002_IOM_NEU_XX.wav,ai-service\data\raw\CREMA-D\AudioWAV\1002_IOM_NEU_XX.wav,1002,IOM,NEU,neutral,XX,train
1002_IOM_SAD_XX.wav,ai-service\data\raw\CREMA-D\AudioWAV\1002_IOM_SAD_XX.wav,1002,IOM,SAD,sad,XX,train
1002_ITH_ANG_XX.wav,ai-service\data\raw\CREMA-D\AudioWAV\1002_ITH_ANG_XX.wav,1002,ITH,ANG,angry,XX,train
1002_ITH_DIS_XX.wav,ai-service\data\raw\CREMA-D\AudioWAV\1002_ITH_DIS_XX.wav,1002,ITH,DIS,disgust,XX,train
1002_ITH_FEA_XX.wav,ai-service\data\raw\CREMA-D\AudioWAV\1002_ITH_FEA_XX.wav,1002,ITH,FEA,fear,XX,train
1002_ITH_HAP_XX.wav,ai-service\data\raw\CREMA-D\AudioWAV\1002_ITH_HAP_XX.wav,1002,ITH,HAP,happy,XX,train
1002_ITH_NEU_XX.wav,ai-service\data\raw\CREMA-D\AudioWAV\1002_ITH_NEU_XX.wav,1002,ITH,NEU,neutral,XX,train
1002_ITH_SAD_XX.wav,ai-service\data\raw\CREMA-D\AudioWAV\1002_ITH_SAD_XX.wav,1002,ITH,SAD,sad,XX,train
1002_ITS_ANG_XX.wav,ai-service\data\raw\CREMA-D\AudioWAV\1002_ITS_ANG_XX.wav,1002,ITS,ANG,angry,XX,train
1002_ITS_DIS_XX.wav,ai-service\data\raw\CREMA-D\AudioWAV\1002_ITS_DIS_XX.wav,1002,ITS,DIS,disgust,XX,train
1002_ITS_FEA_XX.wav,ai-service\data\raw\CREMA-D\AudioWAV\1002_ITS_FEA_XX.wav,1002,ITS,FEA,fear,XX,train
1002_ITS_HAP_XX.wav,ai-service\data\raw\CREMA-D\AudioWAV\1002_ITS_HAP_XX.wav,1002,ITS,HAP,happy,XX,train
1002_ITS_NEU_XX.wav,ai-service\data\raw\CREMA-D\AudioWAV\1002_ITS_NEU_XX.wav,1002,ITS,NEU,neutral,XX,train
1002_ITS_SAD_XX.wav,ai-service\data\raw\CREMA-D\AudioWAV\1002_ITS_SAD_XX.wav,1002,ITS,SAD,sad,XX,train
1002_IWL_ANG_XX.wav,ai-service\data\raw\CREMA-D\AudioWAV\1002_IWL_ANG_XX.wav,1002,IWL,ANG,angry,XX,train
1002_IWL_DIS_XX.wav,ai-service\data\raw\CREMA-D\AudioWAV\1002_IWL_DIS_XX.wav,1002,IWL,DIS,disgust,XX,train
1002_IWL_FEA_XX.wav,ai-service\data\raw\CREMA-D\AudioWAV\1002_IWL_FEA_XX.wav,1002,IWL,FEA,fear,XX,train
1002_IWL_HAP_XX.wav,ai-service\data\raw\CREMA-D\AudioWAV\1002_IWL_HAP_XX.wav,1002,IWL,HAP,happy,XX,train
1002_IWL_NEU_XX.wav,ai-service\data\raw\CREMA-D\AudioWAV\1002_IWL_NEU_XX.wav,1002,IWL,NEU,neutral,XX,train
1002_IWL_SAD_XX.wav,ai-service\data\raw\CREMA-D\AudioWAV\1002_IWL_SAD_XX.wav,1002,IWL,SAD,sad,XX,train
1002_IWW_ANG_XX.wav,ai-service\data\raw\CREMA-D\AudioWAV\1002_IWW_ANG_XX.wav,1002,IWW,ANG,angry,XX,train
1002_IWW_DIS_XX.wav,ai-service\data\raw\CREMA-D\AudioWAV\1002_IWW_DIS_XX.wav,1002,IWW,DIS,disgust,XX,train
1002_IWW_FEA_XX.wav,ai-service\data\raw\CREMA-D\AudioWAV\1002_IWW_FEA_XX.wav,1002,IWW,FEA,fear,XX,train
1002_IWW_HAP_XX.wav,ai-service\data\raw\CREMA-D\AudioWAV\1002_IWW_HAP_XX.wav,1002,IWW,HAP,happy,XX,train
1002_IWW_NEU_XX.wav,ai-service\data\raw\CREMA-D\AudioWAV\1002_IWW_NEU_XX.wav,1002,IWW,NEU,neutral,XX,train
1002_IWW_SAD_XX.wav,ai-service\data\raw\CREMA-D\AudioWAV\1002_IWW_SAD_XX.wav,1002,IWW,SAD,sad,XX,train
1002_MTI_ANG_XX.wav,ai-service\data\raw\CREMA-D\AudioWAV\1002_MTI_ANG_XX.wav,1002,MTI,ANG,angry,XX,train
1002_MTI_DIS_XX.wav,ai-service\data\raw\CREMA-D\AudioWAV\1002_MTI_DIS_XX.wav,1002,MTI,DIS,disgust,XX,train
1002_MTI_FEA_XX.wav,ai-service\data\raw\CREMA-D\AudioWAV\1002_MTI_FEA_XX.wav,1002,MTI,FEA,fear,XX,train
1002_MTI_HAP_XX.wav,ai-service\data\raw\CREMA-D\AudioWAV\1002_MTI_HAP_XX.wav,1002,MTI,HAP,happy,XX,train
1002_MTI_NEU_XX.wav,ai-service\data\raw\CREMA-D\AudioWAV\1002_MTI_NEU_XX.wav,1002,MTI,NEU,neutral,XX,train
1002_MTI_SAD_XX.wav,ai-service\data\raw\CREMA-D\AudioWAV\1002_MTI_SAD_XX.wav,1002,MTI,SAD,sad,XX,train
1002_TAI_ANG_XX.wav,ai-service\data\raw\CREMA-D\AudioWAV\1002_TAI_ANG_XX.wav,1002,TAI,ANG,angry,XX,train
1002_TAI_DIS_XX.wav,ai-service\data\raw\CREMA-D\AudioWAV\1002_TAI_DIS_XX.wav,1002,TAI,DIS,disgust,XX,train
1002_TAI_FEA_XX.wav,ai-service\data\raw\CREMA-D\AudioWAV\1002_TAI_FEA_XX.wav,1002,TAI,FEA,fear,XX,train
1002_TAI_HAP_XX.wav,ai-service\data\raw\CREMA-D\AudioWAV\1002_TAI_HAP_XX.wav,1002,TAI,HAP,happy,XX,train
1002_TAI_NEU_XX.wav,ai-service\data\raw\CREMA-D\AudioWAV\1002_TAI_NEU_XX.wav,1002,TAI,NEU,neutral,XX,train
1002_TAI_SAD_XX.wav,ai-service\data\raw\CREMA-D\AudioWAV\1002_TAI_SAD_XX.wav,1002,TAI,SAD,sad,XX,train
1002_TIE_ANG_XX.wav,ai-service\data\raw\CREMA-D\AudioWAV\1002_TIE_ANG_XX.wav,1002,TIE,ANG,angry,XX,train
1002_TIE_DIS_XX.wav,ai-service\data\raw\CREMA-D\AudioWAV\1002_TIE_DIS_XX.wav,1002,TIE,DIS,disgust,XX,train
1002_TIE_FEA_XX.wav,ai-service\data\raw\CREMA-D\AudioWAV\1002_TIE_FEA_XX.wav,1002,TIE,FEA,fear,XX,train
1002_TIE_HAP_XX.wav,ai-service\data\raw\CREMA-D\AudioWAV\1002_TIE_HAP_XX.wav,1002,TIE,HAP,happy,XX,train
1002_TIE_SAD_XX.wav,ai-service\data\raw\CREMA-D\AudioWAV\1002_TIE_SAD_XX.wav,1002,TIE,SAD,sad,XX,train
1002_TSI_ANG_XX.wav,ai-service\data\raw\CREMA-D\AudioWAV\1002_TSI_ANG_XX.wav,1002,TSI,ANG,angry,XX,train
1002_TSI_DIS_XX.wav,ai-service\data\raw\CREMA-D\AudioWAV\1002_TSI_DIS_XX.wav,1002,TSI,DIS,disgust,XX,train
1002_TSI_FEA_XX.wav,ai-service\data\raw\CREMA-D\AudioWAV\1002_TSI_FEA_XX.wav,1002,TSI,FEA,fear,XX,train
1002_TSI_HAP_XX.wav,ai-service\data\raw\CREMA-D\AudioWAV\1002_TSI_HAP_XX.wav,1002,TSI,HAP,happy,XX,train
1002_TSI_NEU_XX.wav,ai-service\data\raw\CREMA-D\AudioWAV\1002_TSI_NEU_XX.wav,1002,TSI,NEU,neutral,XX,train
1002_TSI_SAD_XX.wav,ai-service\data\raw\CREMA-D\AudioWAV\1002_TSI_SAD_XX.wav,1002,TSI,SAD,sad,XX,train
1002_WSI_ANG_XX.wav,ai-service\data\raw\CREMA-D\AudioWAV\1002_WSI_ANG_XX.wav,1002,WSI,ANG,angry,XX,train
1002_WSI_DIS_XX.wav,ai-service\data\raw\CREMA-D\AudioWAV\1002_WSI_DIS_XX.wav,1002,WSI,DIS,disgust,XX,train
1002_WSI_FEA_XX.wav,ai-service\data\raw\CREMA-D\AudioWAV\1002_WSI_FEA_XX.wav,1002,WSI,FEA,fear,XX,train
1002_WSI_HAP_XX.wav,ai-service\data\raw\CREMA-D\AudioWAV\1002_WSI_HAP_XX.wav,1002,WSI,HAP,happy,XX,train
1002_WSI_NEU_XX.wav,ai-service\data\raw\CREMA-D\AudioWAV\1002_WSI_NEU_XX.wav,1002,WSI,NEU,neutral,XX,train
1002_WSI_SAD_XX.wav,ai-service\data\raw\CREMA-D\AudioWAV\1002_WSI_SAD_XX.wav,1002,WSI,SAD,sad,XX,train
1003_DFA_ANG_XX.wav,ai-service\data\raw\CREMA-D\AudioWAV\1003_DFA_ANG_XX.wav,1003,DFA,ANG,angry,XX,train
1003_DFA_DIS_XX.wav,ai-service\data\raw\CREMA-D\AudioWAV\1003_DFA_DIS_XX.wav,1003,DFA,DIS,disgust,XX,train
1003_DFA_FEA_XX.wav,ai-service\data\raw\CREMA-D\AudioWAV\1003_DFA_FEA_XX.wav,1003,DFA,FEA,fear,XX,train
1003_DFA_HAP_XX.wav,ai-service\data\raw\CREMA-D\AudioWAV\1003_DFA_HAP_XX.wav,1003,DFA,HAP,happy,XX,train
1003_DFA_NEU_XX.wav,ai-service\data\raw\CREMA-D\AudioWAV\1003_DFA_NEU_XX.wav,1003,DFA,NEU,neutral,XX,train
1003_DFA_SAD_XX.wav,ai-service\data\raw\CREMA-D\AudioWAV\1003_DFA_SAD_XX.wav,1003,DFA,SAD,sad,XX,train
1003_IEO_ANG_HI.wav,ai-service\data\raw\CREMA-D\AudioWAV\1003_IEO_ANG_HI.wav,1003,IEO,ANG,angry,HI,train
1003_IEO_ANG_LO.wav,ai-service\data\raw\CREMA-D\AudioWAV\1003_IEO_ANG_LO.wav,1003,IEO,ANG,angry,LO,train
1003_IEO_ANG_MD.wav,ai-service\data\raw\CREMA-D\AudioWAV\1003_IEO_ANG_MD.wav,1003,IEO,ANG,angry,MD,train
1003_IEO_DIS_HI.wav,ai-service\data\raw\CREMA-D\AudioWAV\1003_IEO_DIS_HI.wav,1003,IEO,DIS,disgust,HI,train
1003_IEO_DIS_LO.wav,ai-service\data\raw\CREMA-D\AudioWAV\1003_IEO_DIS_LO.wav,1003,IEO,DIS,disgust,LO,train
1003_IEO_DIS_MD.wav,ai-service\data\raw\CREMA-D\AudioWAV\1003_IEO_DIS_MD.wav,1003,IEO,DIS,disgust,MD,train
1003_IEO_FEA_HI.wav,ai-service\data\raw\CREMA-D\AudioWAV\1003_IEO_FEA_HI.wav,1003,IEO,FEA,fear,HI,train
1003_IEO_FEA_LO.wav,ai-service\data\raw\CREMA-D\AudioWAV\1003_IEO_FEA_LO.wav,1003,IEO,FEA,fear,LO,train
1003_IEO_FEA_MD.wav,ai-service\data\raw\CREMA-D\AudioWAV\1003_IEO_FEA_MD.wav,1003,IEO,FEA,fear,MD,train
1003_IEO_HAP_HI.wav,ai-service\data\raw\CREMA-D\AudioWAV\1003_IEO_HAP_HI.wav,1003,IEO,HAP,happy,HI,train
1003_IEO_HAP_LO.wav,ai-service\data\raw\CREMA-D\AudioWAV\1003_IEO_HAP_LO.wav,1003,IEO,HAP,happy,LO,train
1003_IEO_HAP_MD.wav,ai-service\data\raw\CREMA-D\AudioWAV\1003_IEO_HAP_MD.wav,1003,IEO,HAP,happy,MD,train
1003_IEO_NEU_XX.wav,ai-service\data\raw\CREMA-D\AudioWAV\1003_IEO_NEU_XX.wav,1003,IEO,NEU,neutral,XX,train
1003_IEO_SAD_HI.wav,ai-service\data\raw\CREMA-D\AudioWAV\1003_IEO_SAD_HI.wav,1003,IEO,SAD,sad,HI,train
1003_IEO_SAD_LO.wav,ai-service\data\raw\CREMA-D\AudioWAV\1003_IEO_SAD_LO.wav,1003,IEO,SAD,sad,LO,train
1003_IEO_SAD_MD.wav,ai-service\data\raw\CREMA-D\AudioWAV\1003_IEO_SAD_MD.wav,1003,IEO,SAD,sad,MD,train
1003_IOM_ANG_XX.wav,ai-service\data\raw\CREMA-D\AudioWAV\1003_IOM_ANG_XX.wav,1003,IOM,ANG,angry,XX,train
1003_IOM_DIS_XX.wav,ai-service\data\raw\CREMA-D\AudioWAV\1003_IOM_DIS_XX.wav,1003,IOM,DIS,disgust,XX,train
1003_IOM_FEA_XX.wav,ai-service\data\raw\CREMA-D\AudioWAV\1003_IOM_FEA_XX.wav,1003,IOM,FEA,fear,XX,train
1003_IOM_HAP_XX.wav,ai-service\data\raw\CREMA-D\AudioWAV\1003_IOM_HAP_XX.wav,1003,IOM,HAP,happy,XX,train
1003_IOM_NEU_XX.wav,ai-service\data\raw\CREMA-D\AudioWAV\1003_IOM_NEU_XX.wav,1003,IOM,NEU,neutral,XX,train
1003_IOM_SAD_XX.wav,ai-service\data\raw\CREMA-D\AudioWAV\1003_IOM_SAD_XX.wav,1003,IOM,SAD,sad,XX,train
1003_ITH_ANG_XX.wav,ai-service\data\raw\CREMA-D\AudioWAV\1003_ITH_ANG_XX.wav,1003,ITH,ANG,angry,XX,train
1003_ITH_DIS_XX.wav,ai-service\data\raw\CREMA-D\AudioWAV\1003_ITH_DIS_XX.wav,1003,ITH,DIS,disgust,XX,train
1003_ITH_FEA_XX.wav,ai-service\data\raw\CREMA-D\AudioWAV\1003_ITH_FEA_XX.wav,1003,ITH,FEA,fear,XX,train
1003_ITH_HAP_XX.wav,ai-service\data\raw\CREMA-D\AudioWAV\1003_ITH_HAP_XX.wav,1003,ITH,HAP,happy,XX,train
1003_ITH_NEU_XX.wav,ai-service\data\raw\CREMA-D\AudioWAV\1003_ITH_NEU_XX.wav,1003,ITH,NEU,neutral,XX,train
1003_ITH_SAD_XX.wav,ai-service\data\raw\CREMA-D\AudioWAV\1003_ITH_SAD_XX.wav,1003,ITH,SAD,sad,XX,train
1003_ITS_ANG_XX.wav,ai-service\data\raw\CREMA-D\AudioWAV\1003_ITS_ANG_XX.wav,1003,ITS,ANG,angry,XX,train
1003_ITS_DIS_XX.wav,ai-service\data\raw\CREMA-D\AudioWAV\1003_ITS_DIS_XX.wav,1003,ITS,DIS,disgust,XX,train
1003_ITS_FEA_XX.wav,ai-service\data\raw\CREMA-D\AudioWAV\1003_ITS_FEA_XX.wav,1003,ITS,FEA,fear,XX,train
1003_ITS_HAP_XX.wav,ai-service\data\raw\CREMA-D\AudioWAV\1003_ITS_HAP_XX.wav,1003,ITS,HAP,happy,XX,train
1003_ITS_NEU_XX.wav,ai-service\data\raw\CREMA-D\AudioWAV\1003_ITS_NEU_XX.wav,1003,ITS,NEU,neutral,XX,train
1003_ITS_SAD_XX.wav,ai-service\data\raw\CREMA-D\AudioWAV\1003_ITS_SAD_XX.wav,1003,ITS,SAD,sad,XX,train
1003_IWL_ANG_XX.wav,ai-service\data\raw\CREMA-D\AudioWAV\1003_IWL_ANG_XX.wav,1003,IWL,ANG,angry,XX,train
1003_IWL_DIS_XX.wav,ai-service\data\raw\CREMA-D\AudioWAV\1003_IWL_DIS_XX.wav,1003,IWL,DIS,disgust,XX,train
1003_IWL_FEA_XX.wav,ai-service\data\raw\CREMA-D\AudioWAV\1003_IWL_FEA_XX.wav,1003,IWL,FEA,fear,XX,train
1003_IWL_HAP_XX.wav,ai-service\data\raw\CREMA-D\AudioWAV\1003_IWL_HAP_XX.wav,1003,IWL,HAP,happy,XX,train
1003_IWL_NEU_XX.wav,ai-service\data\raw\CREMA-D\AudioWAV\1003_IWL_NEU_XX.wav,1003,IWL,NEU,neutral,XX,train
1003_IWL_SAD_XX.wav,ai-service\data\raw\CREMA-D\AudioWAV\1003_IWL_SAD_XX.wav,1003,IWL,SAD,sad,XX,train
1003_IWW_ANG_XX.wav,ai-service\data\raw\CREMA-D\AudioWAV\1003_IWW_ANG_XX.wav,1003,IWW,ANG,angry,XX,train
1003_IWW_DIS_XX.wav,ai-service\data\raw\CREMA-D\AudioWAV\1003_IWW_DIS_XX.wav,1003,IWW,DIS,disgust,XX,train
1003_IWW_FEA_XX.wav,ai-service\data\raw\CREMA-D\AudioWAV\1003_IWW_FEA_XX.wav,1003,IWW,FEA,fear,XX,train
1003_IWW_HAP_XX.wav,ai-service\data\raw\CREMA-D\AudioWAV\1003_IWW_HAP_XX.wav,1003,IWW,HAP,happy,XX,train
1003_IWW_NEU_XX.wav,ai-service\data\raw\CREMA-D\AudioWAV\1003_IWW_NEU_XX.wav,1003,IWW,NEU,neutral,XX,train
1003_IWW_SAD_XX.wav,ai-service\data\raw\CREMA-D\AudioWAV\1003_IWW_SAD_XX.wav,1003,IWW,SAD,sad,XX,train
1003_MTI_ANG_XX.wav,ai-service\data\raw\CREMA-D\AudioWAV\1003_MTI_ANG_XX.wav,1003,MTI,ANG,angry,XX,train
1003_MTI_DIS_XX.wav,ai-service\data\raw\CREMA-D\AudioWAV\1003_MTI_DIS_XX.wav,1003,MTI,DIS,disgust,XX,train
1003_MTI_FEA_XX.wav,ai-service\data\raw\CREMA-D\AudioWAV\1003_MTI_FEA_XX.wav,1003,MTI,FEA,fear,XX,train
1003_MTI_HAP_XX.wav,ai-service\data\raw\CREMA-D\AudioWAV\1003_MTI_HAP_XX.wav,1003,MTI,HAP,happy,XX,train
1003_MTI_NEU_XX.wav,ai-service\data\raw\CREMA-D\AudioWAV\1003_MTI_NEU_XX.wav,1003,MTI,NEU,neutral,XX,train
1003_MTI_SAD_XX.wav,ai-service\data\raw\CREMA-D\AudioWAV\1003_MTI_SAD_XX.wav,1003,MTI,SAD,sad,XX,train
1003_TAI_ANG_XX.wav,ai-service\data\raw\CREMA-D\AudioWAV\1003_TAI_ANG_XX.wav,1003,TAI,ANG,angry,XX,train
1003_TAI_DIS_XX.wav,ai-service\data\raw\CREMA-D\AudioWAV\1003_TAI_DIS_XX.wav,1003,TAI,DIS,disgust,XX,train
1003_TAI_FEA_XX.wav,ai-service\data\raw\CREMA-D\AudioWAV\1003_TAI_FEA_XX.wav,1003,TAI,FEA,fear,XX,train
1003_TAI_HAP_XX.wav,ai-service\data\raw\CREMA-D\AudioWAV\1003_TAI_HAP_XX.wav,1003,TAI,HAP,happy,XX,train
1003_TAI_NEU_XX.wav,ai-service\data\raw\CREMA-D\AudioWAV\1003_TAI_NEU_XX.wav,1003,TAI,NEU,neutral,XX,train
1003_TAI_SAD_XX.wav,ai-service\data\raw\CREMA-D\AudioWAV\1003_TAI_SAD_XX.wav,1003,TAI,SAD,sad,XX,train
1003_TIE_ANG_XX.wav,ai-service\data\raw\CREMA-D\AudioWAV\1003_TIE_ANG_XX.wav,1003,TIE,ANG,angry,XX,train
1003_TIE_DIS_XX.wav,ai-service\data\raw\CREMA-D\AudioWAV\1003_TIE_DIS_XX.wav,1003,TIE,DIS,disgust,XX,train
1003_TIE_FEA_XX.wav,ai-service\data\raw\CREMA-D\AudioWAV\1003_TIE_FEA_XX.wav,1003,TIE,FEA,fear,XX,train
1003_TIE_HAP_XX.wav,ai-service\data\raw\CREMA-D\AudioWAV\1003_TIE_HAP_XX.wav,1003,TIE,HAP,happy,XX,train
1003_TIE_NEU_XX.wav,ai-service\data\raw\CREMA-D\AudioWAV\1003_TIE_NEU_XX.wav,1003,TIE,NEU,neutral,XX,train
1003_TIE_SAD_XX.wav,ai-service\data\raw\CREMA-D\AudioWAV\1003_TIE_SAD_XX.wav,1003,TIE,SAD,sad,XX,train
1003_TSI_ANG_XX.wav,ai-service\data\raw\CREMA-D\AudioWAV\1003_TSI_ANG_XX.wav,1003,TSI,ANG,angry,XX,train
1003_TSI_DIS_XX.wav,ai-service\data\raw\CREMA-D\AudioWAV\1003_TSI_DIS_XX.wav,1003,TSI,DIS,disgust,XX,train
1003_TSI_FEA_XX.wav,ai-service\data\raw\CREMA-D\AudioWAV\1003_TSI_FEA_XX.wav,1003,TSI,FEA,fear,XX,train
1003_TSI_HAP_XX.wav,ai-service\data\raw\CREMA-D\AudioWAV\1003_TSI_HAP_XX.wav,1003,TSI,HAP,happy,XX,train
1003_TSI_NEU_XX.wav,ai-service\data\raw\CREMA-D\AudioWAV\1003_TSI_NEU_XX.wav,1003,TSI,NEU,neutral,XX,train
1003_TSI_SAD_XX.wav,ai-service\data\raw\CREMA-D\AudioWAV\1003_TSI_SAD_XX.wav,1003,TSI,SAD,sad,XX,train
1003_WSI_ANG_XX.wav,ai-service\data\raw\CREMA-D\AudioWAV\1003_WSI_ANG_XX.wav,1003,WSI,ANG,angry,XX,train
1003_WSI_DIS_XX.wav,ai-service\data\raw\CREMA-D\AudioWAV\1003_WSI_DIS_XX.wav,1003,WSI,DIS,disgust,XX,train
1003_WSI_FEA_XX.wav,ai-service\data\raw\CREMA-D\AudioWAV\1003_WSI_FEA_XX.wav,1003,WSI,FEA,fear,XX,train
1003_WSI_HAP_XX.wav,ai-service\data\raw\CREMA-D\AudioWAV\1003_WSI_HAP_XX.wav,1003,WSI,HAP,happy,XX,train
1003_WSI_NEU_XX.wav,ai-service\data\raw\CREMA-D\AudioWAV\1003_WSI_NEU_XX.wav,1003,WSI,NEU,neutral,XX,train
1003_WSI_SAD_XX.wav,ai-service\data\raw\CREMA-D\AudioWAV\1003_WSI_SAD_XX.wav,1003,WSI,SAD,sad,XX,train
1006_DFA_ANG_XX.wav,ai-service\data\raw\CREMA-D\AudioWAV\1006_DFA_ANG_XX.wav,1006,DFA,ANG,angry,XX,train
1006_DFA_DIS_XX.wav,ai-service\data\raw\CREMA-D\AudioWAV\1006_DFA_DIS_XX.wav,1006,DFA,DIS,disgust,XX,train
1006_DFA_FEA_XX.wav,ai-service\data\raw\CREMA-D\AudioWAV\1006_DFA_FEA_XX.wav,1006,DFA,FEA,fear,XX,train
1006_DFA_HAP_XX.wav,ai-service\data\raw\CREMA-D\AudioWAV\1006_DFA_HAP_XX.wav,1006,DFA,HAP,happy,XX,train
1006_DFA_NEU_XX.wav,ai-service\data\raw\CREMA-D\AudioWAV\1006_DFA_NEU_XX.wav,1006,DFA,NEU,neutral,XX,train
1006_DFA_SAD_XX.wav,ai-service\data\raw\CREMA-D\AudioWAV\1006_DFA_SAD_XX.wav,1006,DFA,SAD,sad,XX,train
1006_IEO_ANG_HI.wav,ai-service\data\raw\CREMA-D\AudioWAV\1006_IEO_ANG_HI.wav,1006,IEO,ANG,angry,HI,train
1006_IEO_ANG_LO.wav,ai-service\data\raw\CREMA-D\AudioWAV\1006_IEO_ANG_LO.wav,1006,IEO,ANG,angry,LO,train
1006_IEO_ANG_MD.wav,ai-service\data\raw\CREMA-D\AudioWAV\1006_IEO_ANG_MD.wav,1006,IEO,ANG,angry,MD,train
1006_IEO_DIS_HI.wav,ai-service\data\raw\CREMA-D\AudioWAV\1006_IEO_DIS_HI.wav,1006,IEO,DIS,disgust,HI,train
1006_IEO_DIS_LO.wav,ai-service\data\raw\CREMA-D\AudioWAV\1006_IEO_DIS_LO.wav,1006,IEO,DIS,disgust,LO,train
1006_IEO_DIS_MD.wav,ai-service\data\raw\CREMA-D\AudioWAV\1006_IEO_DIS_MD.wav,1006,IEO,DIS,disgust,MD,train
1006_IEO_FEA_HI.wav,ai-service\data\raw\CREMA-D\AudioWAV\1006_IEO_FEA_HI.wav,1006,IEO,FEA,fear,HI,train
1006_IEO_FEA_LO.wav,ai-service\data\raw\CREMA-D\AudioWAV\1006_IEO_FEA_LO.wav,1006,IEO,FEA,fear,LO,train
1006_IEO_FEA_MD.wav,ai-service\data\raw\CREMA-D\AudioWAV\1006_IEO_FEA_MD.wav,1006,IEO,FEA,fear,MD,train
1006_IEO_HAP_HI.wav,ai-service\data\raw\CREMA-D\AudioWAV\1006_IEO_HAP_HI.wav,1006,IEO,HAP,happy,HI,train
1006_IEO_HAP_LO.wav,ai-service\data\raw\CREMA-D\AudioWAV\1006_IEO_HAP_LO.wav,1006,IEO,HAP,happy,LO,train
1006_IEO_HAP_MD.wav,ai-service\data\raw\CREMA-D\AudioWAV\1006_IEO_HAP_MD.wav,1006,IEO,HAP,happy,MD,train
1006_IEO_NEU_XX.wav,ai-service\data\raw\CREMA-D\AudioWAV\1006_IEO_NEU_XX.wav,1006,IEO,NEU,neutral,XX,train
1006_IEO_SAD_HI.wav,ai-service\data\raw\CREMA-D\AudioWAV\1006_IEO_SAD_HI.wav,1006,IEO,SAD,sad,HI,train
1006_IEO_SAD_LO.wav,ai-service\data\raw\CREMA-D\AudioWAV\1006_IEO_SAD_LO.wav,1006,IEO,SAD,sad,LO,train
1006_IEO_SAD_MD.wav,ai-service\data\raw\CREMA-D\AudioWAV\1006_IEO_SAD_MD.wav,1006,IEO,SAD,sad,MD,train
1006_IOM_ANG_XX.wav,ai-service\data\raw\CREMA-D\AudioWAV\1006_IOM_ANG_XX.wav,1006,IOM,ANG,angry,XX,train
1006_IOM_DIS_XX.wav,ai-service\data\raw\CREMA-D\AudioWAV\1006_IOM_DIS_XX.wav,1006,IOM,DIS,disgust,XX,train
1006_IOM_FEA_XX.wav,ai-service\data\raw\CREMA-D\AudioWAV\1006_IOM_FEA_XX.wav,1006,IOM,FEA,fear,XX,train
1006_IOM_HAP_XX.wav,ai-service\data\raw\CREMA-D\AudioWAV\1006_IOM_HAP_XX.wav,1006,IOM,HAP,happy,XX,train
1006_IOM_NEU_XX.wav,ai-service\data\raw\CREMA-D\AudioWAV\1006_IOM_NEU_XX.wav,1006,IOM,NEU,neutral,XX,train
1006_IOM_SAD_XX.wav,ai-service\data\raw\CREMA-D\AudioWAV\1006_IOM_SAD_XX.wav,1006,IOM,SAD,sad,XX,train
1006_ITH_ANG_XX.wav,ai-service\data\raw\CREMA-D\AudioWAV\1006_ITH_ANG_XX.wav,1006,ITH,ANG,angry,XX,train
1006_ITH_DIS_XX.wav,ai-service\data\raw\CREMA-D\AudioWAV\1006_ITH_DIS_XX.wav,1006,ITH,DIS,disgust,XX,train
1006_ITH_FEA_XX.wav,ai-service\data\raw\CREMA-D\AudioWAV\1006_ITH_FEA_XX.wav,1006,ITH,FEA,fear,XX,train
1006_ITH_HAP_XX.wav,ai-service\data\raw\CREMA-D\AudioWAV\1006_ITH_HAP_XX.wav,1006,ITH,HAP,happy,XX,train
1006_ITH_NEU_XX.wav,ai-service\data\raw\CREMA-D\AudioWAV\1006_ITH_NEU_XX.wav,1006,ITH,NEU,neutral,XX,train
1006_ITH_SAD_XX.wav,ai-service\data\raw\CREMA-D\AudioWAV\1006_ITH_SAD_XX.wav,1006,ITH,SAD,sad,XX,train
1006_ITS_ANG_XX.wav,ai-service\data\raw\CREMA-D\AudioWAV\1006_ITS_ANG_XX.wav,1006,ITS,ANG,angry,XX,train
1006_ITS_DIS_XX.wav,ai-service\data\raw\CREMA-D\AudioWAV\1006_ITS_DIS_XX.wav,1006,ITS,DIS,disgust,XX,train
1006_ITS_FEA_XX.wav,ai-service\data\raw\CREMA-D\AudioWAV\1006_ITS_FEA_XX.wav,1006,ITS,FEA,fear,XX,train
1006_ITS_HAP_XX.wav,ai-service\data\raw\CREMA-D\AudioWAV\1006_ITS_HAP_XX.wav,1006,ITS,HAP,happy,XX,train
1006_ITS_NEU_XX.wav,ai-service\data\raw\CREMA-D\AudioWAV\1006_ITS_NEU_XX.wav,1006,ITS,NEU,neutral,XX,train
1006_ITS_SAD_XX.wav,ai-service\data\raw\CREMA-D\AudioWAV\1006_ITS_SAD_XX.wav,1006,ITS,SAD,sad,XX,train
1006_IWL_ANG_XX.wav,ai-service\data\raw\CREMA-D\AudioWAV\1006_IWL_ANG_XX.wav,1006,IWL,ANG,angry,XX,train
1006_IWL_DIS_XX.wav,ai-service\data\raw\CREMA-D\AudioWAV\1006_IWL_DIS_XX.wav,1006,IWL,DIS,disgust,XX,train
1006_IWL_FEA_XX.wav,ai-service\data\raw\CREMA-D\AudioWAV\1006_IWL_FEA_XX.wav,1006,IWL,FEA,fear,XX,train
1006_IWL_HAP_XX.wav,ai-service\data\raw\CREMA-D\AudioWAV\1006_IWL_HAP_XX.wav,1006,IWL,HAP,happy,XX,train
1006_IWL_NEU_XX.wav,ai-service\data\raw\CREMA-D\AudioWAV\1006_IWL_NEU_XX.wav,1006,IWL,NEU,neutral,XX,train
1006_IWL_SAD_XX.wav,ai-service\data\raw\CREMA-D\AudioWAV\1006_IWL_SAD_XX.wav,1006,IWL,SAD,sad,XX,train
1006_IWW_ANG_XX.wav,ai-service\data\raw\CREMA-D\AudioWAV\1006_IWW_ANG_XX.wav,1006,IWW,ANG,angry,XX,train
1006_IWW_DIS_XX.wav,ai-service\data\raw\CREMA-D\AudioWAV\1006_IWW_DIS_XX.wav,1006,IWW,DIS,disgust,XX,train
1006_IWW_FEA_XX.wav,ai-service\data\raw\CREMA-D\AudioWAV\1006_IWW_FEA_XX.wav,1006,IWW,FEA,fear,XX,train
1006_IWW_HAP_XX.wav,ai-service\data\raw\CREMA-D\AudioWAV\1006_IWW_HAP_XX.wav,1006,IWW,HAP,happy,XX,train
1006_IWW_NEU_XX.wav,ai-service\data\raw\CREMA-D\AudioWAV\1006_IWW_NEU_XX.wav,1006,IWW,NEU,neutral,XX,train
1006_IWW_SAD_XX.wav,ai-service\data\raw\CREMA-D\AudioWAV\1006_IWW_SAD_XX.wav,1006,IWW,SAD,sad,XX,train
1006_MTI_ANG_XX.wav,ai-service\data\raw\CREMA-D\AudioWAV\1006_MTI_ANG_XX.wav,1006,MTI,ANG,angry,XX,train
1006_MTI_DIS_XX.wav,ai-service\data\raw\CREMA-D\AudioWAV\1006_MTI_DIS_XX.wav,1006,MTI,DIS,disgust,XX,train
1006_MTI_FEA_XX.wav,ai-service\data\raw\CREMA-D\AudioWAV\1006_MTI_FEA_XX.wav,1006,MTI,FEA,fear,XX,train
1006_MTI_HAP_XX.wav,ai-service\data\raw\CREMA-D\AudioWAV\1006_MTI_HAP_XX.wav,1006,MTI,HAP,happy,XX,train
1006_MTI_NEU_XX.wav,ai-service\data\raw\CREMA-D\AudioWAV\1006_MTI_NEU_XX.wav,1006,MTI,NEU,neutral,XX,train
1006_MTI_SAD_XX.wav,ai-service\data\raw\CREMA-D\AudioWAV\1006_MTI_SAD_XX.wav,1006,MTI,SAD,sad,XX,train
1006_TAI_ANG_XX.wav,ai-service\data\raw\CREMA-D\AudioWAV\1006_TAI_ANG_XX.wav,1006,TAI,ANG,angry,XX,train
1006_TAI_DIS_XX.wav,ai-service\data\raw\CREMA-D\AudioWAV\1006_TAI_DIS_XX.wav,1006,TAI,DIS,disgust,XX,train
1006_TAI_FEA_XX.wav,ai-service\data\raw\CREMA-D\AudioWAV\1006_TAI_FEA_XX.wav,1006,TAI,FEA,fear,XX,train
1006_TAI_HAP_XX.wav,ai-service\data\raw\CREMA-D\AudioWAV\1006_TAI_HAP_XX.wav,1006,TAI,HAP,happy,XX,train
1006_TAI_NEU_XX.wav,ai-service\data\raw\CREMA-D\AudioWAV\1006_TAI_NEU_XX.wav,1006,TAI,NEU,neutral,XX,train
1006_TAI_SAD_XX.wav,ai-service\data\raw\CREMA-D\AudioWAV\1006_TAI_SAD_XX.wav,1006,TAI,SAD,sad,XX,train
1006_TIE_ANG_XX.wav,ai-service\data\raw\CREMA-D\AudioWAV\1006_TIE_ANG_XX.wav,1006,TIE,ANG,angry,XX,train
1006_TIE_DIS_XX.wav,ai-service\data\raw\CREMA-D\AudioWAV\1006_TIE_DIS_XX.wav,1006,TIE,DIS,disgust,XX,train
1006_TIE_FEA_XX.wav,ai-service\data\raw\CREMA-D\AudioWAV\1006_TIE_FEA_XX.wav,1006,TIE,FEA,fear,XX,train
1006_TIE_HAP_XX.wav,ai-service\data\raw\CREMA-D\AudioWAV\1006_TIE_HAP_XX.wav,1006,TIE,HAP,happy,XX,train
1006_TIE_NEU_XX.wav,ai-service\data\raw\CREMA-D\AudioWAV\1006_TIE_NEU_XX.wav,1006,TIE,NEU,neutral,XX,train
1006_TIE_SAD_XX.wav,ai-service\data\raw\CREMA-D\AudioWAV\1006_TIE_SAD_XX.wav,1006,TIE,SAD,sad,XX,train
1006_TSI_ANG_XX.wav,ai-service\data\raw\CREMA-D\AudioWAV\1006_TSI_ANG_XX.wav,1006,TSI,ANG,angry,XX,train
1006_TSI_DIS_XX.wav,ai-service\data\raw\CREMA-D\AudioWAV\1006_TSI_DIS_XX.wav,1006,TSI,DIS,disgust,XX,train
1006_TSI_FEA_XX.wav,ai-service\data\raw\CREMA-D\AudioWAV\1006_TSI_FEA_XX.wav,1006,TSI,FEA,fear,XX,train
1006_TSI_HAP_XX.wav,ai-service\data\raw\CREMA-D\AudioWAV\1006_TSI_HAP_XX.wav,1006,TSI,HAP,happy,XX,train
1006_TSI_NEU_XX.wav,ai-service\data\raw\CREMA-D\AudioWAV\1006_TSI_NEU_XX.wav,1006,TSI,NEU,neutral,XX,train
1006_TSI_SAD_XX.wav,ai-service\data\raw\CREMA-D\AudioWAV\1006_TSI_SAD_XX.wav,1006,TSI,SAD,sad,XX,train
1006_WSI_ANG_XX.wav,ai-service\data\raw\CREMA-D\AudioWAV\1006_WSI_ANG_XX.wav,1006,WSI,ANG,angry,XX,train
1006_WSI_DIS_XX.wav,ai-service\data\raw\CREMA-D\AudioWAV\1006_WSI_DIS_XX.wav,1006,WSI,DIS,disgust,XX,train
1006_WSI_FEA_XX.wav,ai-service\data\raw\CREMA-D\AudioWAV\1006_WSI_FEA_XX.wav,1006,WSI,FEA,fear,XX,train
1006_WSI_HAP_XX.wav,ai-service\data\raw\CREMA-D\AudioWAV\1006_WSI_HAP_XX.wav,1006,WSI,HAP,happy,XX,train
1006_WSI_NEU_XX.wav,ai-service\data\raw\CREMA-D\AudioWAV\1006_WSI_NEU_XX.wav,1006,WSI,NEU,neutral,XX,train
1006_WSI_SAD_XX.wav,ai-service\data\raw\CREMA-D\AudioWAV\1006_WSI_SAD_XX.wav,1006,WSI,SAD,sad,XX,train
1007_DFA_ANG_XX.wav,ai-service\data\raw\CREMA-D\AudioWAV\1007_DFA_ANG_XX.wav,1007,DFA,ANG,angry,XX,train
1007_DFA_DIS_XX.wav,ai-service\data\raw\CREMA-D\AudioWAV\1007_DFA_DIS_XX.wav,1007,DFA,DIS,disgust,XX,train
1007_DFA_FEA_XX.wav,ai-service\data\raw\CREMA-D\AudioWAV\1007_DFA_FEA_XX.wav,1007,DFA,FEA,fear,XX,train
1007_DFA_HAP_XX.wav,ai-service\data\raw\CREMA-D\AudioWAV\1007_DFA_HAP_XX.wav,1007,DFA,HAP,happy,XX,train
1007_DFA_NEU_XX.wav,ai-service\data\raw\CREMA-D\AudioWAV\1007_DFA_NEU_XX.wav,1007,DFA,NEU,neutral,XX,train
1007_DFA_SAD_XX.wav,ai-service\data\raw\CREMA-D\AudioWAV\1007_DFA_SAD_XX.wav,1007,DFA,SAD,sad,XX,train
1007_IEO_ANG_HI.wav,ai-service\data\raw\CREMA-D\AudioWAV\1007_IEO_ANG_HI.wav,1007,IEO,ANG,angry,HI,train
1007_IEO_ANG_LO.wav,ai-service\data\raw\CREMA-D\AudioWAV\1007_IEO_ANG_LO.wav,1007,IEO,ANG,angry,LO,train
1007_IEO_ANG_MD.wav,ai-service\data\raw\CREMA-D\AudioWAV\1007_IEO_ANG_MD.wav,1007,IEO,ANG,angry,MD,train
1007_IEO_DIS_HI.wav,ai-service\data\raw\CREMA-D\AudioWAV\1007_IEO_DIS_HI.wav,1007,IEO,DIS,disgust,HI,train
1007_IEO_DIS_LO.wav,ai-service\data\raw\CREMA-D\AudioWAV\1007_IEO_DIS_LO.wav,1007,IEO,DIS,disgust,LO,train
1007_IEO_DIS_MD.wav,ai-service\data\raw\CREMA-D\AudioWAV\1007_IEO_DIS_MD.wav,1007,IEO,DIS,disgust,MD,train
1007_IEO_FEA_HI.wav,ai-service\data\raw\CREMA-D\AudioWAV\1007_IEO_FEA_HI.wav,1007,IEO,FEA,fear,HI,train
1007_IEO_FEA_LO.wav,ai-service\data\raw\CREMA-D\AudioWAV\1007_IEO_FEA_LO.wav,1007,IEO,FEA,fear,LO,train
1007_IEO_FEA_MD.wav,ai-service\data\raw\CREMA-D\AudioWAV\1007_IEO_FEA_MD.wav,1007,IEO,FEA,fear,MD,train
1007_IEO_HAP_HI.wav,ai-service\data\raw\CREMA-D\AudioWAV\1007_IEO_HAP_HI.wav,1007,IEO,HAP,happy,HI,train
1007_IEO_HAP_LO.wav,ai-service\data\raw\CREMA-D\AudioWAV\1007_IEO_HAP_LO.wav,1007,IEO,HAP,happy,LO,train
1007_IEO_HAP_MD.wav,ai-service\data\raw\CREMA-D\AudioWAV\1007_IEO_HAP_MD.wav,1007,IEO,HAP,happy,MD,train
1007_IEO_NEU_XX.wav,ai-service\data\raw\CREMA-D\AudioWAV\1007_IEO_NEU_XX.wav,1007,IEO,NEU,neutral,XX,train
1007_IEO_SAD_HI.wav,ai-service\data\raw\CREMA-D\AudioWAV\1007_IEO_SAD_HI.wav,1007,IEO,SAD,sad,HI,train
1007_IEO_SAD_LO.wav,ai-service\data\raw\CREMA-D\AudioWAV\1007_IEO_SAD_LO.wav,1007,IEO,SAD,sad,LO,train
1007_IEO_SAD_MD.wav,ai-service\data\raw\CREMA-D\AudioWAV\1007_IEO_SAD_MD.wav,1007,IEO,SAD,sad,MD,train
1007_IOM_ANG_XX.wav,ai-service\data\raw\CREMA-D\AudioWAV\1007_IOM_ANG_XX.wav,1007,IOM,ANG,angry,XX,train
1007_IOM_DIS_XX.wav,ai-service\data\raw\CREMA-D\AudioWAV\1007_IOM_DIS_XX.wav,1007,IOM,DIS,disgust,XX,train
1007_IOM_FEA_XX.wav,ai-service\data\raw\CREMA-D\AudioWAV\1007_IOM_FEA_XX.wav,1007,IOM,FEA,fear,XX,train
1007_IOM_HAP_XX.wav,ai-service\data\raw\CREMA-D\AudioWAV\1007_IOM_HAP_XX.wav,1007,IOM,HAP,happy,XX,train
1007_IOM_NEU_XX.wav,ai-service\data\raw\CREMA-D\AudioWAV\1007_IOM_NEU_XX.wav,1007,IOM,NEU,neutral,XX,train
1007_IOM_SAD_XX.wav,ai-service\data\raw\CREMA-D\AudioWAV\1007_IOM_SAD_XX.wav,1007,IOM,SAD,sad,XX,train
1007_ITH_ANG_XX.wav,ai-service\data\raw\CREMA-D\AudioWAV\1007_ITH_ANG_XX.wav,1007,ITH,ANG,angry,XX,train
1007_ITH_DIS_XX.wav,ai-service\data\raw\CREMA-D\AudioWAV\1007_ITH_DIS_XX.wav,1007,ITH,DIS,disgust,XX,train
1007_ITH_FEA_XX.wav,ai-service\data\raw\CREMA-D\AudioWAV\1007_ITH_FEA_XX.wav,1007,ITH,FEA,fear,XX,train
1007_ITH_HAP_XX.wav,ai-service\data\raw\CREMA-D\AudioWAV\1007_ITH_HAP_XX.wav,1007,ITH,HAP,happy,XX,train
1007_ITH_NEU_XX.wav,ai-service\data\raw\CREMA-D\AudioWAV\1007_ITH_NEU_XX.wav,1007,ITH,NEU,neutral,XX,train
1007_ITH_SAD_XX.wav,ai-service\data\raw\CREMA-D\AudioWAV\1007_ITH_SAD_XX.wav,1007,ITH,SAD,sad,XX,train
1007_ITS_ANG_XX.wav,ai-service\data\raw\CREMA-D\AudioWAV\1007_ITS_ANG_XX.wav,1007,ITS,ANG,angry,XX,train
1007_ITS_DIS_XX.wav,ai-service\data\raw\CREMA-D\AudioWAV\1007_ITS_DIS_XX.wav,1007,ITS,DIS,disgust,XX,train
1007_ITS_FEA_XX.wav,ai-service\data\raw\CREMA-D\AudioWAV\1007_ITS_FEA_XX.wav,1007,ITS,FEA,fear,XX,train
1007_ITS_HAP_XX.wav,ai-service\data\raw\CREMA-D\AudioWAV\1007_ITS_HAP_XX.wav,1007,ITS,HAP,happy,XX,train
1007_ITS_NEU_XX.wav,ai-service\data\raw\CREMA-D\AudioWAV\1007_ITS_NEU_XX.wav,1007,ITS,NEU,neutral,XX,train
1007_ITS_SAD_XX.wav,ai-service\data\raw\CREMA-D\AudioWAV\1007_ITS_SAD_XX.wav,1007,ITS,SAD,sad,XX,train
1007_IWL_ANG_XX.wav,ai-service\data\raw\CREMA-D\AudioWAV\1007_IWL_ANG_XX.wav,1007,IWL,ANG,angry,XX,train
1007_IWL_DIS_XX.wav,ai-service\data\raw\CREMA-D\AudioWAV\1007_IWL_DIS_XX.wav,1007,IWL,DIS,disgust,XX,train
1007_IWL_FEA_XX.wav,ai-service\data\raw\CREMA-D\AudioWAV\1007_IWL_FEA_XX.wav,1007,IWL,FEA,fear,XX,train
1007_IWL_HAP_XX.wav,ai-service\data\raw\CREMA-D\AudioWAV\1007_IWL_HAP_XX.wav,1007,IWL,HAP,happy,XX,train
1007_IWL_NEU_XX.wav,ai-service\data\raw\CREMA-D\AudioWAV\1007_IWL_NEU_XX.wav,1007,IWL,NEU,neutral,XX,train
1007_IWL_SAD_XX.wav,ai-service\data\raw\CREMA-D\AudioWAV\1007_IWL_SAD_XX.wav,1007,IWL,SAD,sad,XX,train
1007_IWW_ANG_XX.wav,ai-service\data\raw\CREMA-D\AudioWAV\1007_IWW_ANG_XX.wav,1007,IWW,ANG,angry,XX,train
1007_IWW_DIS_XX.wav,ai-service\data\raw\CREMA-D\AudioWAV\1007_IWW_DIS_XX.wav,1007,IWW,DIS,disgust,XX,train
1007_IWW_FEA_XX.wav,ai-service\data\raw\CREMA-D\AudioWAV\1007_IWW_FEA_XX.wav,1007,IWW,FEA,fear,XX,train
1007_IWW_HAP_XX.wav,ai-service\data\raw\CREMA-D\AudioWAV\1007_IWW_HAP_XX.wav,1007,IWW,HAP,happy,XX,train
1007_IWW_NEU_XX.wav,ai-service\data\raw\CREMA-D\AudioWAV\1007_IWW_NEU_XX.wav,1007,IWW,NEU,neutral,XX,train
1007_IWW_SAD_XX.wav,ai-service\data\raw\CREMA-D\AudioWAV\1007_IWW_SAD_XX.wav,1007,IWW,SAD,sad,XX,train
1007_MTI_ANG_XX.wav,ai-service\data\raw\CREMA-D\AudioWAV\1007_MTI_ANG_XX.wav,1007,MTI,ANG,angry,XX,train
1007_MTI_DIS_XX.wav,ai-service\data\raw\CREMA-D\AudioWAV\1007_MTI_DIS_XX.wav,1007,MTI,DIS,disgust,XX,train
1007_MTI_FEA_XX.wav,ai-service\data\raw\CREMA-D\AudioWAV\1007_MTI_FEA_XX.wav,1007,MTI,FEA,fear,XX,train
1007_MTI_HAP_XX.wav,ai-service\data\raw\CREMA-D\AudioWAV\1007_MTI_HAP_XX.wav,1007,MTI,HAP,happy,XX,train
1007_MTI_NEU_XX.wav,ai-service\data\raw\CREMA-D\AudioWAV\1007_MTI_NEU_XX.wav,1007,MTI,NEU,neutral,XX,train
1007_MTI_SAD_XX.wav,ai-service\data\raw\CREMA-D\AudioWAV\1007_MTI_SAD_XX.wav,1007,MTI,SAD,sad,XX,train
1007_TAI_ANG_XX.wav,ai-service\data\raw\CREMA-D\AudioWAV\1007_TAI_ANG_XX.wav,1007,TAI,ANG,angry,XX,train
1007_TAI_DIS_XX.wav,ai-service\data\raw\CREMA-D\AudioWAV\1007_TAI_DIS_XX.wav,1007,TAI,DIS,disgust,XX,train
1007_TAI_FEA_XX.wav,ai-service\data\raw\CREMA-D\AudioWAV\1007_TAI_FEA_XX.wav,1007,TAI,FEA,fear,XX,train
1007_TAI_HAP_XX.wav,ai-service\data\raw\CREMA-D\AudioWAV\1007_TAI_HAP_XX.wav,1007,TAI,HAP,happy,XX,train
1007_TAI_NEU_XX.wav,ai-service\data\raw\CREMA-D\AudioWAV\1007_TAI_NEU_XX.wav,1007,TAI,NEU,neutral,XX,train
1007_TAI_SAD_XX.wav,ai-service\data\raw\CREMA-D\AudioWAV\1007_TAI_SAD_XX.wav,1007,TAI,SAD,sad,XX,train
1007_TIE_ANG_XX.wav,ai-service\data\raw\CREMA-D\AudioWAV\1007_TIE_ANG_XX.wav,1007,TIE,ANG,angry,XX,train
1007_TIE_DIS_XX.wav,ai-service\data\raw\CREMA-D\AudioWAV\1007_TIE_DIS_XX.wav,1007,TIE,DIS,disgust,XX,train
1007_TIE_FEA_XX.wav,ai-service\data\raw\CREMA-D\AudioWAV\1007_TIE_FEA_XX.wav,1007,TIE,FEA,fear,XX,train
1007_TIE_HAP_XX.wav,ai-service\data\raw\CREMA-D\AudioWAV\1007_TIE_HAP_XX.wav,1007,TIE,HAP,happy,XX,train
1007_TIE_NEU_XX.wav,ai-service\data\raw\CREMA-D\AudioWAV\1007_TIE_NEU_XX.wav,1007,TIE,NEU,neutral,XX,train
1007_TIE_SAD_XX.wav,ai-service\data\raw\CREMA-D\AudioWAV\1007_TIE_SAD_XX.wav,1007,TIE,SAD,sad,XX,train
1007_TSI_ANG_XX.wav,ai-service\data\raw\CREMA-D\AudioWAV\1007_TSI_ANG_XX.wav,1007,TSI,ANG,angry,XX,train
1007_TSI_DIS_XX.wav,ai-service\data\raw\CREMA-D\AudioWAV\1007_TSI_DIS_XX.wav,1007,TSI,DIS,disgust,XX,train
1007_TSI_FEA_XX.wav,ai-service\data\raw\CREMA-D\AudioWAV\1007_TSI_FEA_XX.wav,1007,TSI,FEA,fear,XX,train
1007_TSI_HAP_XX.wav,ai-service\data\raw\CREMA-D\AudioWAV\1007_TSI_HAP_XX.wav,1007,TSI,HAP,happy,XX,train
1007_TSI_NEU_XX.wav,ai-service\data\raw\CREMA-D\AudioWAV\1007_TSI_NEU_XX.wav,1007,TSI,NEU,neutral,XX,train
1007_TSI_SAD_XX.wav,ai-service\data\raw\CREMA-D\AudioWAV\1007_TSI_SAD_XX.wav,1007,TSI,SAD,sad,XX,train
1007_WSI_ANG_XX.wav,ai-service\data\raw\CREMA-D\AudioWAV\1007_WSI_ANG_XX.wav,1007,WSI,ANG,angry,XX,train
1007_WSI_DIS_XX.wav,ai-service\data\raw\CREMA-D\AudioWAV\1007_WSI_DIS_XX.wav,1007,WSI,DIS,disgust,XX,train
1007_WSI_FEA_XX.wav,ai-service\data\raw\CREMA-D\AudioWAV\1007_WSI_FEA_XX.wav,1007,WSI,FEA,fear,XX,train
1007_WSI_HAP_XX.wav,ai-service\data\raw\CREMA-D\AudioWAV\1007_WSI_HAP_XX.wav,1007,WSI,HAP,happy,XX,train
1007_WSI_NEU_XX.wav,ai-service\data\raw\CREMA-D\AudioWAV\1007_WSI_NEU_XX.wav,1007,WSI,NEU,neutral,XX,train
1007_WSI_SAD_XX.wav,ai-service\data\raw\CREMA-D\AudioWAV\1007_WSI_SAD_XX.wav,1007,WSI,SAD,sad,XX,train
1008_DFA_ANG_XX.wav,ai-service\data\raw\CREMA-D\AudioWAV\1008_DFA_ANG_XX.wav,1008,DFA,ANG,angry,XX,train
1008_DFA_DIS_XX.wav,ai-service\data\raw\CREMA-D\AudioWAV\1008_DFA_DIS_XX.wav,1008,DFA,DIS,disgust,XX,train
1008_DFA_FEA_XX.wav,ai-service\data\raw\CREMA-D\AudioWAV\1008_DFA_FEA_XX.wav,1008,DFA,FEA,fear,XX,train
1008_DFA_HAP_XX.wav,ai-service\data\raw\CREMA-D\AudioWAV\1008_DFA_HAP_XX.wav,1008,DFA,HAP,happy,XX,train
1008_DFA_NEU_XX.wav,ai-service\data\raw\CREMA-D\AudioWAV\1008_DFA_NEU_XX.wav,1008,DFA,NEU,neutral,XX,train
1008_DFA_SAD_XX.wav,ai-service\data\raw\CREMA-D\AudioWAV\1008_DFA_SAD_XX.wav,1008,DFA,SAD,sad,XX,train
1008_IEO_ANG_HI.wav,ai-service\data\raw\CREMA-D\AudioWAV\1008_IEO_ANG_HI.wav,1008,IEO,ANG,angry,HI,train
1008_IEO_ANG_LO.wav,ai-service\data\raw\CREMA-D\AudioWAV\1008_IEO_ANG_LO.wav,1008,IEO,ANG,angry,LO,train
1008_IEO_ANG_MD.wav,ai-service\data\raw\CREMA-D\AudioWAV\1008_IEO_ANG_MD.wav,1008,IEO,ANG,angry,MD,train
1008_IEO_DIS_HI.wav,ai-service\data\raw\CREMA-D\AudioWAV\1008_IEO_DIS_HI.wav,1008,IEO,DIS,disgust,HI,train
1008_IEO_DIS_LO.wav,ai-service\data\raw\CREMA-D\AudioWAV\1008_IEO_DIS_LO.wav,1008,IEO,DIS,disgust,LO,train
1008_IEO_DIS_MD.wav,ai-service\data\raw\CREMA-D\AudioWAV\1008_IEO_DIS_MD.wav,1008,IEO,DIS,disgust,MD,train
1008_IEO_FEA_HI.wav,ai-service\data\raw\CREMA-D\AudioWAV\1008_IEO_FEA_HI.wav,1008,IEO,FEA,fear,HI,train
1008_IEO_FEA_LO.wav,ai-service\data\raw\CREMA-D\AudioWAV\1008_IEO_FEA_LO.wav,1008,IEO,FEA,fear,LO,train
1008_IEO_FEA_MD.wav,ai-service\data\raw\CREMA-D\AudioWAV\1008_IEO_FEA_MD.wav,1008,IEO,FEA,fear,MD,train
1008_IEO_HAP_HI.wav,ai-service\data\raw\CREMA-D\AudioWAV\1008_IEO_HAP_HI.wav,1008,IEO,HAP,happy,HI,train
1008_IEO_HAP_LO.wav,ai-service\data\raw\CREMA-D\AudioWAV\1008_IEO_HAP_LO.wav,1008,IEO,HAP,happy,LO,train
1008_IEO_HAP_MD.wav,ai-service\data\raw\CREMA-D\AudioWAV\1008_IEO_HAP_MD.wav,1008,IEO,HAP,happy,MD,train
1008_IEO_NEU_XX.wav,ai-service\data\raw\CREMA-D\AudioWAV\1008_IEO_NEU_XX.wav,1008,IEO,NEU,neutral,XX,train
1008_IEO_SAD_HI.wav,ai-service\data\raw\CREMA-D\AudioWAV\1008_IEO_SAD_HI.wav,1008,IEO,SAD,sad,HI,train
1008_IEO_SAD_LO.wav,ai-service\data\raw\CREMA-D\AudioWAV\1008_IEO_SAD_LO.wav,1008,IEO,SAD,sad,LO,train
1008_IEO_SAD_MD.wav,ai-service\data\raw\CREMA-D\AudioWAV\1008_IEO_SAD_MD.wav,1008,IEO,SAD,sad,MD,train
1008_IOM_ANG_XX.wav,ai-service\data\raw\CREMA-D\AudioWAV\1008_IOM_ANG_XX.wav,1008,IOM,ANG,angry,XX,train
1008_IOM_DIS_XX.wav,ai-service\data\raw\CREMA-D\AudioWAV\1008_IOM_DIS_XX.wav,1008,IOM,DIS,disgust,XX,train
1008_IOM_FEA_XX.wav,ai-service\data\raw\CREMA-D\AudioWAV\1008_IOM_FEA_XX.wav,1008,IOM,FEA,fear,XX,train
1008_IOM_HAP_XX.wav,ai-service\data\raw\CREMA-D\AudioWAV\1008_IOM_HAP_XX.wav,1008,IOM,HAP,happy,XX,train
1008_IOM_NEU_XX.wav,ai-service\data\raw\CREMA-D\AudioWAV\1008_IOM_NEU_XX.wav,1008,IOM,NEU,neutral,XX,train
1008_IOM_SAD_XX.wav,ai-service\data\raw\CREMA-D\AudioWAV\1008_IOM_SAD_XX.wav,1008,IOM,SAD,sad,XX,train
1008_ITH_ANG_XX.wav,ai-service\data\raw\CREMA-D\AudioWAV\1008_ITH_ANG_XX.wav,1008,ITH,ANG,angry,XX,train
1008_ITH_DIS_XX.wav,ai-service\data\raw\CREMA-D\AudioWAV\1008_ITH_DIS_XX.wav,1008,ITH,DIS,disgust,XX,train
1008_ITH_FEA_XX.wav,ai-service\data\raw\CREMA-D\AudioWAV\1008_ITH_FEA_XX.wav,1008,ITH,FEA,fear,XX,train
1008_ITH_HAP_XX.wav,ai-service\data\raw\CREMA-D\AudioWAV\1008_ITH_HAP_XX.wav,1008,ITH,HAP,happy,XX,train
1008_ITH_NEU_XX.wav,ai-service\data\raw\CREMA-D\AudioWAV\1008_ITH_NEU_XX.wav,1008,ITH,NEU,neutral,XX,train
1008_ITH_SAD_XX.wav,ai-service\data\raw\CREMA-D\AudioWAV\1008_ITH_SAD_XX.wav,1008,ITH,SAD,sad,XX,train
1008_ITS_ANG_XX.wav,ai-service\data\raw\CREMA-D\AudioWAV\1008_ITS_ANG_XX.wav,1008,ITS,ANG,angry,XX,train
1008_ITS_DIS_XX.wav,ai-service\data\raw\CREMA-D\AudioWAV\1008_ITS_DIS_XX.wav,1008,ITS,DIS,disgust,XX,train
1008_ITS_FEA_XX.wav,ai-service\data\raw\CREMA-D\AudioWAV\1008_ITS_FEA_XX.wav,1008,ITS,FEA,fear,XX,train
1008_ITS_HAP_XX.wav,ai-service\data\raw\CREMA-D\AudioWAV\1008_ITS_HAP_XX.wav,1008,ITS,HAP,happy,XX,train
1008_ITS_NEU_XX.wav,ai-service\data\raw\CREMA-D\AudioWAV\1008_ITS_NEU_XX.wav,1008,ITS,NEU,neutral,XX,train
1008_ITS_SAD_XX.wav,ai-service\data\raw\CREMA-D\AudioWAV\1008_ITS_SAD_XX.wav,1008,ITS,SAD,sad,XX,train
1008_IWL_ANG_XX.wav,ai-service\data\raw\CREMA-D\AudioWAV\1008_IWL_ANG_XX.wav,1008,IWL,ANG,angry,XX,train
1008_IWL_DIS_XX.wav,ai-service\data\raw\CREMA-D\AudioWAV\1008_IWL_DIS_XX.wav,1008,IWL,DIS,disgust,XX,train
1008_IWL_FEA_XX.wav,ai-service\data\raw\CREMA-D\AudioWAV\1008_IWL_FEA_XX.wav,1008,IWL,FEA,fear,XX,train
1008_IWL_HAP_XX.wav,ai-service\data\raw\CREMA-D\AudioWAV\1008_IWL_HAP_XX.wav,1008,IWL,HAP,happy,XX,train
1008_IWL_NEU_XX.wav,ai-service\data\raw\CREMA-D\AudioWAV\1008_IWL_NEU_XX.wav,1008,IWL,NEU,neutral,XX,train
1008_IWL_SAD_XX.wav,ai-service\data\raw\CREMA-D\AudioWAV\1008_IWL_SAD_XX.wav,1008,IWL,SAD,sad,XX,train
1008_IWW_ANG_XX.wav,ai-service\data\raw\CREMA-D\AudioWAV\1008_IWW_ANG_XX.wav,1008,IWW,ANG,angry,XX,train
1008_IWW_DIS_XX.wav,ai-service\data\raw\CREMA-D\AudioWAV\1008_IWW_DIS_XX.wav,1008,IWW,DIS,disgust,XX,train
1008_IWW_FEA_XX.wav,ai-service\data\raw\CREMA-D\AudioWAV\1008_IWW_FEA_XX.wav,1008,IWW,FEA,fear,XX,train
1008_IWW_HAP_XX.wav,ai-service\data\raw\CREMA-D\AudioWAV\1008_IWW_HAP_XX.wav,1008,IWW,HAP,happy,XX,train
1008_IWW_NEU_XX.wav,ai-service\data\raw\CREMA-D\AudioWAV\1008_IWW_NEU_XX.wav,1008,IWW,NEU,neutral,XX,train
1008_IWW_SAD_XX.wav,ai-service\data\raw\CREMA-D\AudioWAV\1008_IWW_SAD_XX.wav,1008,IWW,SAD,sad,XX,train
1008_MTI_ANG_XX.wav,ai-service\data\raw\CREMA-D\AudioWAV\1008_MTI_ANG_XX.wav,1008,MTI,ANG,angry,XX,train
1008_MTI_DIS_XX.wav,ai-service\data\raw\CREMA-D\AudioWAV\1008_MTI_DIS_XX.wav,1008,MTI,DIS,disgust,XX,train
1008_MTI_FEA_XX.wav,ai-service\data\raw\CREMA-D\AudioWAV\1008_MTI_FEA_XX.wav,1008,MTI,FEA,fear,XX,train
1008_MTI_HAP_XX.wav,ai-service\data\raw\CREMA-D\AudioWAV\1008_MTI_HAP_XX.wav,1008,MTI,HAP,happy,XX,train
1008_MTI_NEU_XX.wav,ai-service\data\raw\CREMA-D\AudioWAV\1008_MTI_NEU_XX.wav,1008,MTI,NEU,neutral,XX,train
1008_MTI_SAD_XX.wav,ai-service\data\raw\CREMA-D\AudioWAV\1008_MTI_SAD_XX.wav,1008,MTI,SAD,sad,XX,train
1008_TAI_ANG_XX.wav,ai-service\data\raw\CREMA-D\AudioWAV\1008_TAI_ANG_XX.wav,1008,TAI,ANG,angry,XX,train
1008_TAI_DIS_XX.wav,ai-service\data\raw\CREMA-D\AudioWAV\1008_TAI_DIS_XX.wav,1008,TAI,DIS,disgust,XX,train
1008_TAI_FEA_XX.wav,ai-service\data\raw\CREMA-D\AudioWAV\1008_TAI_FEA_XX.wav,1008,TAI,FEA,fear,XX,train
1008_TAI_HAP_XX.wav,ai-service\data\raw\CREMA-D\AudioWAV\1008_TAI_HAP_XX.wav,1008,TAI,HAP,happy,XX,train
1008_TAI_NEU_XX.wav,ai-service\data\raw\CREMA-D\AudioWAV\1008_TAI_NEU_XX.wav,1008,TAI,NEU,neutral,XX,train
1008_TAI_SAD_XX.wav,ai-service\data\raw\CREMA-D\AudioWAV\1008_TAI_SAD_XX.wav,1008,TAI,SAD,sad,XX,train
1008_TIE_ANG_XX.wav,ai-service\data\raw\CREMA-D\AudioWAV\1008_TIE_ANG_XX.wav,1008,TIE,ANG,angry,XX,train
1008_TIE_DIS_XX.wav,ai-service\data\raw\CREMA-D\AudioWAV\1008_TIE_DIS_XX.wav,1008,TIE,DIS,disgust,XX,train
1008_TIE_FEA_XX.wav,ai-service\data\raw\CREMA-D\AudioWAV\1008_TIE_FEA_XX.wav,1008,TIE,FEA,fear,XX,train
1008_TIE_HAP_XX.wav,ai-service\data\raw\CREMA-D\AudioWAV\1008_TIE_HAP_XX.wav,1008,TIE,HAP,happy,XX,train
1008_TIE_NEU_XX.wav,ai-service\data\raw\CREMA-D\AudioWAV\1008_TIE_NEU_XX.wav,1008,TIE,NEU,neutral,XX,train
1008_TIE_SAD_XX.wav,ai-service\data\raw\CREMA-D\AudioWAV\1008_TIE_SAD_XX.wav,1008,TIE,SAD,sad,XX,train
1008_TSI_ANG_XX.wav,ai-service\data\raw\CREMA-D\AudioWAV\1008_TSI_ANG_XX.wav,1008,TSI,ANG,angry,XX,train
1008_TSI_DIS_XX.wav,ai-service\data\raw\CREMA-D\AudioWAV\1008_TSI_DIS_XX.wav,1008,TSI,DIS,disgust,XX,train
1008_TSI_FEA_XX.wav,ai-service\data\raw\CREMA-D\AudioWAV\1008_TSI_FEA_XX.wav,1008,TSI,FEA,fear,XX,train
1008_TSI_HAP_XX.wav,ai-service\data\raw\CREMA-D\AudioWAV\1008_TSI_HAP_XX.wav,1008,TSI,HAP,happy,XX,train
1008_TSI_NEU_XX.wav,ai-service\data\raw\CREMA-D\AudioWAV\1008_TSI_NEU_XX.wav,1008,TSI,NEU,neutral,XX,train
1008_TSI_SAD_XX.wav,ai-service\data\raw\CREMA-D\AudioWAV\1008_TSI_SAD_XX.wav,1008,TSI,SAD,sad,XX,train
1009_DFA_ANG_XX.wav,ai-service\data\raw\CREMA-D\AudioWAV\1009_DFA_ANG_XX.wav,1009,DFA,ANG,angry,XX,train
1009_DFA_DIS_XX.wav,ai-service\data\raw\CREMA-D\AudioWAV\1009_DFA_DIS_XX.wav,1009,DFA,DIS,disgust,XX,train
1009_DFA_FEA_XX.wav,ai-service\data\raw\CREMA-D\AudioWAV\1009_DFA_FEA_XX.wav,1009,DFA,FEA,fear,XX,train
1009_DFA_HAP_XX.wav,ai-service\data\raw\CREMA-D\AudioWAV\1009_DFA_HAP_XX.wav,1009,DFA,HAP,happy,XX,train
1009_DFA_NEU_XX.wav,ai-service\data\raw\CREMA-D\AudioWAV\1009_DFA_NEU_XX.wav,1009,DFA,NEU,neutral,XX,train
1009_DFA_SAD_XX.wav,ai-service\data\raw\CREMA-D\AudioWAV\1009_DFA_SAD_XX.wav,1009,DFA,SAD,sad,XX,train
1009_IEO_ANG_HI.wav,ai-service\data\raw\CREMA-D\AudioWAV\1009_IEO_ANG_HI.wav,1009,IEO,ANG,angry,HI,train
1009_IEO_ANG_LO.wav,ai-service\data\raw\CREMA-D\AudioWAV\1009_IEO_ANG_LO.wav,1009,IEO,ANG,angry,LO,train
1009_IEO_ANG_MD.wav,ai-service\data\raw\CREMA-D\AudioWAV\1009_IEO_ANG_MD.wav,1009,IEO,ANG,angry,MD,train
1009_IEO_DIS_HI.wav,ai-service\data\raw\CREMA-D\AudioWAV\1009_IEO_DIS_HI.wav,1009,IEO,DIS,disgust,HI,train
1009_IEO_DIS_LO.wav,ai-service\data\raw\CREMA-D\AudioWAV\1009_IEO_DIS_LO.wav,1009,IEO,DIS,disgust,LO,train
1009_IEO_DIS_MD.wav,ai-service\data\raw\CREMA-D\AudioWAV\1009_IEO_DIS_MD.wav,1009,IEO,DIS,disgust,MD,train
1009_IEO_FEA_HI.wav,ai-service\data\raw\CREMA-D\AudioWAV\1009_IEO_FEA_HI.wav,1009,IEO,FEA,fear,HI,train
1009_IEO_FEA_LO.wav,ai-service\data\raw\CREMA-D\AudioWAV\1009_IEO_FEA_LO.wav,1009,IEO,FEA,fear,LO,train
1009_IEO_FEA_MD.wav,ai-service\data\raw\CREMA-D\AudioWAV\1009_IEO_FEA_MD.wav,1009,IEO,FEA,fear,MD,train
1009_IEO_HAP_HI.wav,ai-service\data\raw\CREMA-D\AudioWAV\1009_IEO_HAP_HI.wav,1009,IEO,HAP,happy,HI,train
1009_IEO_HAP_LO.wav,ai-service\data\raw\CREMA-D\AudioWAV\1009_IEO_HAP_LO.wav,1009,IEO,HAP,happy,LO,train
1009_IEO_HAP_MD.wav,ai-service\data\raw\CREMA-D\AudioWAV\1009_IEO_HAP_MD.wav,1009,IEO,HAP,happy,MD,train
1009_IEO_NEU_XX.wav,ai-service\data\raw\CREMA-D\AudioWAV\1009_IEO_NEU_XX.wav,1009,IEO,NEU,neutral,XX,train
1009_IEO_SAD_HI.wav,ai-service\data\raw\CREMA-D\AudioWAV\1009_IEO_SAD_HI.wav,1009,IEO,SAD,sad,HI,train
1009_IEO_SAD_LO.wav,ai-service\data\raw\CREMA-D\AudioWAV\1009_IEO_SAD_LO.wav,1009,IEO,SAD,sad,LO,train
1009_IEO_SAD_MD.wav,ai-service\data\raw\CREMA-D\AudioWAV\1009_IEO_SAD_MD.wav,1009,IEO,SAD,sad,MD,train
1009_IOM_ANG_XX.wav,ai-service\data\raw\CREMA-D\AudioWAV\1009_IOM_ANG_XX.wav,1009,IOM,ANG,angry,XX,train
1009_IOM_DIS_XX.wav,ai-service\data\raw\CREMA-D\AudioWAV\1009_IOM_DIS_XX.wav,1009,IOM,DIS,disgust,XX,train
1009_IOM_FEA_XX.wav,ai-service\data\raw\CREMA-D\AudioWAV\1009_IOM_FEA_XX.wav,1009,IOM,FEA,fear,XX,train
1009_IOM_HAP_XX.wav,ai-service\data\raw\CREMA-D\AudioWAV\1009_IOM_HAP_XX.wav,1009,IOM,HAP,happy,XX,train
1009_IOM_NEU_XX.wav,ai-service\data\raw\CREMA-D\AudioWAV\1009_IOM_NEU_XX.wav,1009,IOM,NEU,neutral,XX,train
1009_IOM_SAD_XX.wav,ai-service\data\raw\CREMA-D\AudioWAV\1009_IOM_SAD_XX.wav,1009,IOM,SAD,sad,XX,train
1009_ITH_ANG_XX.wav,ai-service\data\raw\CREMA-D\AudioWAV\1009_ITH_ANG_XX.wav,1009,ITH,ANG,angry,XX,train
1009_ITH_DIS_XX.wav,ai-service\data\raw\CREMA-D\AudioWAV\1009_ITH_DIS_XX.wav,1009,ITH,DIS,disgust,XX,train
1009_ITH_FEA_XX.wav,ai-service\data\raw\CREMA-D\AudioWAV\1009_ITH_FEA_XX.wav,1009,ITH,FEA,fear,XX,train
1009_ITH_HAP_XX.wav,ai-service\data\raw\CREMA-D\AudioWAV\1009_ITH_HAP_XX.wav,1009,ITH,HAP,happy,XX,train
1009_ITH_NEU_XX.wav,ai-service\data\raw\CREMA-D\AudioWAV\1009_ITH_NEU_XX.wav,1009,ITH,NEU,neutral,XX,train
1009_ITH_SAD_XX.wav,ai-service\data\raw\CREMA-D\AudioWAV\1009_ITH_SAD_XX.wav,1009,ITH,SAD,sad,XX,train
1009_ITS_ANG_XX.wav,ai-service\data\raw\CREMA-D\AudioWAV\1009_ITS_ANG_XX.wav,1009,ITS,ANG,angry,XX,train
1009_ITS_DIS_XX.wav,ai-service\data\raw\CREMA-D\AudioWAV\1009_ITS_DIS_XX.wav,1009,ITS,DIS,disgust,XX,train
1009_ITS_FEA_XX.wav,ai-service\data\raw\CREMA-D\AudioWAV\1009_ITS_FEA_XX.wav,1009,ITS,FEA,fear,XX,train
1009_ITS_HAP_XX.wav,ai-service\data\raw\CREMA-D\AudioWAV\1009_ITS_HAP_XX.wav,1009,ITS,HAP,happy,XX,train
1009_ITS_NEU_XX.wav,ai-service\data\raw\CREMA-D\AudioWAV\1009_ITS_NEU_XX.wav,1009,ITS,NEU,neutral,XX,train
1009_ITS_SAD_XX.wav,ai-service\data\raw\CREMA-D\AudioWAV\1009_ITS_SAD_XX.wav,1009,ITS,SAD,sad,XX,train
1009_IWL_ANG_XX.wav,ai-service\data\raw\CREMA-D\AudioWAV\1009_IWL_ANG_XX.wav,1009,IWL,ANG,angry,XX,train
1009_IWL_DIS_XX.wav,ai-service\data\raw\CREMA-D\AudioWAV\1009_IWL_DIS_XX.wav,1009,IWL,DIS,disgust,XX,train
1009_IWL_FEA_XX.wav,ai-service\data\raw\CREMA-D\AudioWAV\1009_IWL_FEA_XX.wav,1009,IWL,FEA,fear,XX,train
1009_IWL_HAP_XX.wav,ai-service\data\raw\CREMA-D\AudioWAV\1009_IWL_HAP_XX.wav,1009,IWL,HAP,happy,XX,train
1009_IWL_NEU_XX.wav,ai-service\data\raw\CREMA-D\AudioWAV\1009_IWL_NEU_XX.wav,1009,IWL,NEU,neutral,XX,train
1009_IWL_SAD_XX.wav,ai-service\data\raw\CREMA-D\AudioWAV\1009_IWL_SAD_XX.wav,1009,IWL,SAD,sad,XX,train
1009_IWW_ANG_XX.wav,ai-service\data\raw\CREMA-D\AudioWAV\1009_IWW_ANG_XX.wav,1009,IWW,ANG,angry,XX,train
1009_IWW_DIS_XX.wav,ai-service\data\raw\CREMA-D\AudioWAV\1009_IWW_DIS_XX.wav,1009,IWW,DIS,disgust,XX,train
1009_IWW_FEA_XX.wav,ai-service\data\raw\CREMA-D\AudioWAV\1009_IWW_FEA_XX.wav,1009,IWW,FEA,fear,XX,train
1009_IWW_HAP_XX.wav,ai-service\data\raw\CREMA-D\AudioWAV\1009_IWW_HAP_XX.wav,1009,IWW,HAP,happy,XX,train
1009_IWW_NEU_XX.wav,ai-service\data\raw\CREMA-D\AudioWAV\1009_IWW_NEU_XX.wav,1009,IWW,NEU,neutral,XX,train
1009_IWW_SAD_XX.wav,ai-service\data\raw\CREMA-D\AudioWAV\1009_IWW_SAD_XX.wav,1009,IWW,SAD,sad,XX,train
1009_TAI_ANG_XX.wav,ai-service\data\raw\CREMA-D\AudioWAV\1009_TAI_ANG_XX.wav,1009,TAI,ANG,angry,XX,train
1009_TAI_DIS_XX.wav,ai-service\data\raw\CREMA-D\AudioWAV\1009_TAI_DIS_XX.wav,1009,TAI,DIS,disgust,XX,train
1009_TAI_FEA_XX.wav,ai-service\data\raw\CREMA-D\AudioWAV\1009_TAI_FEA_XX.wav,1009,TAI,FEA,fear,XX,train
1009_TAI_HAP_XX.wav,ai-service\data\raw\CREMA-D\AudioWAV\1009_TAI_HAP_XX.wav,1009,TAI,HAP,happy,XX,train
1009_TAI_NEU_XX.wav,ai-service\data\raw\CREMA-D\AudioWAV\1009_TAI_NEU_XX.wav,1009,TAI,NEU,neutral,XX,train
1009_TAI_SAD_XX.wav,ai-service\data\raw\CREMA-D\AudioWAV\1009_TAI_SAD_XX.wav,1009,TAI,SAD,sad,XX,train
1009_TIE_ANG_XX.wav,ai-service\data\raw\CREMA-D\AudioWAV\1009_TIE_ANG_XX.wav,1009,TIE,ANG,angry,XX,train
1009_TIE_DIS_XX.wav,ai-service\data\raw\CREMA-D\AudioWAV\1009_TIE_DIS_XX.wav,1009,TIE,DIS,disgust,XX,train
1009_TIE_FEA_XX.wav,ai-service\data\raw\CREMA-D\AudioWAV\1009_TIE_FEA_XX.wav,1009,TIE,FEA,fear,XX,train
1009_TIE_HAP_XX.wav,ai-service\data\raw\CREMA-D\AudioWAV\1009_TIE_HAP_XX.wav,1009,TIE,HAP,happy,XX,train
1009_TIE_NEU_XX.wav,ai-service\data\raw\CREMA-D\AudioWAV\1009_TIE_NEU_XX.wav,1009,TIE,NEU,neutral,XX,train
1009_TIE_SAD_XX.wav,ai-service\data\raw\CREMA-D\AudioWAV\1009_TIE_SAD_XX.wav,1009,TIE,SAD,sad,XX,train
1009_TSI_ANG_XX.wav,ai-service\data\raw\CREMA-D\AudioWAV\1009_TSI_ANG_XX.wav,1009,TSI,ANG,angry,XX,train
1009_TSI_DIS_XX.wav,ai-service\data\raw\CREMA-D\AudioWAV\1009_TSI_DIS_XX.wav,1009,TSI,DIS,disgust,XX,train
1009_TSI_FEA_XX.wav,ai-service\data\raw\CREMA-D\AudioWAV\1009_TSI_FEA_XX.wav,1009,TSI,FEA,fear,XX,train
1009_TSI_HAP_XX.wav,ai-service\data\raw\CREMA-D\AudioWAV\1009_TSI_HAP_XX.wav,1009,TSI,HAP,happy,XX,train
1009_TSI_NEU_XX.wav,ai-service\data\raw\CREMA-D\AudioWAV\1009_TSI_NEU_XX.wav,1009,TSI,NEU,neutral,XX,train
1009_TSI_SAD_XX.wav,ai-service\data\raw\CREMA-D\AudioWAV\1009_TSI_SAD_XX.wav,1009,TSI,SAD,sad,XX,train
1009_WSI_ANG_XX.wav,ai-service\data\raw\CREMA-D\AudioWAV\1009_WSI_ANG_XX.wav,1009,WSI,ANG,angry,XX,train
1009_WSI_DIS_XX.wav,ai-service\data\raw\CREMA-D\AudioWAV\1009_WSI_DIS_XX.wav,1009,WSI,DIS,disgust,XX,train
1009_WSI_FEA_XX.wav,ai-service\data\raw\CREMA-D\AudioWAV\1009_WSI_FEA_XX.wav,1009,WSI,FEA,fear,XX,train
1009_WSI_HAP_XX.wav,ai-service\data\raw\CREMA-D\AudioWAV\1009_WSI_HAP_XX.wav,1009,WSI,HAP,happy,XX,train
1009_WSI_NEU_XX.wav,ai-service\data\raw\CREMA-D\AudioWAV\1009_WSI_NEU_XX.wav,1009,WSI,NEU,neutral,XX,train
1009_WSI_SAD_XX.wav,ai-service\data\raw\CREMA-D\AudioWAV\1009_WSI_SAD_XX.wav,1009,WSI,SAD,sad,XX,train
1010_DFA_ANG_XX.wav,ai-service\data\raw\CREMA-D\AudioWAV\1010_DFA_ANG_XX.wav,1010,DFA,ANG,angry,XX,train
1010_DFA_DIS_XX.wav,ai-service\data\raw\CREMA-D\AudioWAV\1010_DFA_DIS_XX.wav,1010,DFA,DIS,disgust,XX,train
1010_DFA_FEA_XX.wav,ai-service\data\raw\CREMA-D\AudioWAV\1010_DFA_FEA_XX.wav,1010,DFA,FEA,fear,XX,train
1010_DFA_HAP_XX.wav,ai-service\data\raw\CREMA-D\AudioWAV\1010_DFA_HAP_XX.wav,1010,DFA,HAP,happy,XX,train
1010_DFA_NEU_XX.wav,ai-service\data\raw\CREMA-D\AudioWAV\1010_DFA_NEU_XX.wav,1010,DFA,NEU,neutral,XX,train
1010_DFA_SAD_XX.wav,ai-service\data\raw\CREMA-D\AudioWAV\1010_DFA_SAD_XX.wav,1010,DFA,SAD,sad,XX,train
1010_IEO_ANG_HI.wav,ai-service\data\raw\CREMA-D\AudioWAV\1010_IEO_ANG_HI.wav,1010,IEO,ANG,angry,HI,train
1010_IEO_ANG_LO.wav,ai-service\data\raw\CREMA-D\AudioWAV\1010_IEO_ANG_LO.wav,1010,IEO,ANG,angry,LO,train
1010_IEO_ANG_MD.wav,ai-service\data\raw\CREMA-D\AudioWAV\1010_IEO_ANG_MD.wav,1010,IEO,ANG,angry,MD,train
1010_IEO_DIS_HI.wav,ai-service\data\raw\CREMA-D\AudioWAV\1010_IEO_DIS_HI.wav,1010,IEO,DIS,disgust,HI,train
1010_IEO_DIS_LO.wav,ai-service\data\raw\CREMA-D\AudioWAV\1010_IEO_DIS_LO.wav,1010,IEO,DIS,disgust,LO,train
1010_IEO_DIS_MD.wav,ai-service\data\raw\CREMA-D\AudioWAV\1010_IEO_DIS_MD.wav,1010,IEO,DIS,disgust,MD,train
1010_IEO_FEA_HI.wav,ai-service\data\raw\CREMA-D\AudioWAV\1010_IEO_FEA_HI.wav,1010,IEO,FEA,fear,HI,train
1010_IEO_FEA_LO.wav,ai-service\data\raw\CREMA-D\AudioWAV\1010_IEO_FEA_LO.wav,1010,IEO,FEA,fear,LO,train
1010_IEO_FEA_MD.wav,ai-service\data\raw\CREMA-D\AudioWAV\1010_IEO_FEA_MD.wav,1010,IEO,FEA,fear,MD,train
1010_IEO_HAP_HI.wav,ai-service\data\raw\CREMA-D\AudioWAV\1010_IEO_HAP_HI.wav,1010,IEO,HAP,happy,HI,train
1010_IEO_HAP_LO.wav,ai-service\data\raw\CREMA-D\AudioWAV\1010_IEO_HAP_LO.wav,1010,IEO,HAP,happy,LO,train
1010_IEO_HAP_MD.wav,ai-service\data\raw\CREMA-D\AudioWAV\1010_IEO_HAP_MD.wav,1010,IEO,HAP,happy,MD,train
1010_IEO_NEU_XX.wav,ai-service\data\raw\CREMA-D\AudioWAV\1010_IEO_NEU_XX.wav,1010,IEO,NEU,neutral,XX,train
1010_IEO_SAD_HI.wav,ai-service\data\raw\CREMA-D\AudioWAV\1010_IEO_SAD_HI.wav,1010,IEO,SAD,sad,HI,train
1010_IEO_SAD_LO.wav,ai-service\data\raw\CREMA-D\AudioWAV\1010_IEO_SAD_LO.wav,1010,IEO,SAD,sad,LO,train
1010_IEO_SAD_MD.wav,ai-service\data\raw\CREMA-D\AudioWAV\1010_IEO_SAD_MD.wav,1010,IEO,SAD,sad,MD,train
1010_IOM_ANG_XX.wav,ai-service\data\raw\CREMA-D\AudioWAV\1010_IOM_ANG_XX.wav,1010,IOM,ANG,angry,XX,train
1010_IOM_DIS_XX.wav,ai-service\data\raw\CREMA-D\AudioWAV\1010_IOM_DIS_XX.wav,1010,IOM,DIS,disgust,XX,train
1010_IOM_FEA_XX.wav,ai-service\data\raw\CREMA-D\AudioWAV\1010_IOM_FEA_XX.wav,1010,IOM,FEA,fear,XX,train
1010_IOM_HAP_XX.wav,ai-service\data\raw\CREMA-D\AudioWAV\1010_IOM_HAP_XX.wav,1010,IOM,HAP,happy,XX,train
1010_IOM_NEU_XX.wav,ai-service\data\raw\CREMA-D\AudioWAV\1010_IOM_NEU_XX.wav,1010,IOM,NEU,neutral,XX,train
1010_IOM_SAD_XX.wav,ai-service\data\raw\CREMA-D\AudioWAV\1010_IOM_SAD_XX.wav,1010,IOM,SAD,sad,XX,train
1010_ITH_ANG_XX.wav,ai-service\data\raw\CREMA-D\AudioWAV\1010_ITH_ANG_XX.wav,1010,ITH,ANG,angry,XX,train
1010_ITH_DIS_XX.wav,ai-service\data\raw\CREMA-D\AudioWAV\1010_ITH_DIS_XX.wav,1010,ITH,DIS,disgust,XX,train
1010_ITH_FEA_XX.wav,ai-service\data\raw\CREMA-D\AudioWAV\1010_ITH_FEA_XX.wav,1010,ITH,FEA,fear,XX,train
1010_ITH_HAP_XX.wav,ai-service\data\raw\CREMA-D\AudioWAV\1010_ITH_HAP_XX.wav,1010,ITH,HAP,happy,XX,train
1010_ITH_NEU_XX.wav,ai-service\data\raw\CREMA-D\AudioWAV\1010_ITH_NEU_XX.wav,1010,ITH,NEU,neutral,XX,train
1010_ITH_SAD_XX.wav,ai-service\data\raw\CREMA-D\AudioWAV\1010_ITH_SAD_XX.wav,1010,ITH,SAD,sad,XX,train
1010_ITS_ANG_XX.wav,ai-service\data\raw\CREMA-D\AudioWAV\1010_ITS_ANG_XX.wav,1010,ITS,ANG,angry,XX,train
1010_ITS_DIS_XX.wav,ai-service\data\raw\CREMA-D\AudioWAV\1010_ITS_DIS_XX.wav,1010,ITS,DIS,disgust,XX,train
1010_ITS_FEA_XX.wav,ai-service\data\raw\CREMA-D\AudioWAV\1010_ITS_FEA_XX.wav,1010,ITS,FEA,fear,XX,train
1010_ITS_HAP_XX.wav,ai-service\data\raw\CREMA-D\AudioWAV\1010_ITS_HAP_XX.wav,1010,ITS,HAP,happy,XX,train
1010_ITS_NEU_XX.wav,ai-service\data\raw\CREMA-D\AudioWAV\1010_ITS_NEU_XX.wav,1010,ITS,NEU,neutral,XX,train
1010_ITS_SAD_XX.wav,ai-service\data\raw\CREMA-D\AudioWAV\1010_ITS_SAD_XX.wav,1010,ITS,SAD,sad,XX,train
1010_IWL_ANG_XX.wav,ai-service\data\raw\CREMA-D\AudioWAV\1010_IWL_ANG_XX.wav,1010,IWL,ANG,angry,XX,train
1010_IWL_DIS_XX.wav,ai-service\data\raw\CREMA-D\AudioWAV\1010_IWL_DIS_XX.wav,1010,IWL,DIS,disgust,XX,train
1010_IWL_FEA_XX.wav,ai-service\data\raw\CREMA-D\AudioWAV\1010_IWL_FEA_XX.wav,1010,IWL,FEA,fear,XX,train
1010_IWL_HAP_XX.wav,ai-service\data\raw\CREMA-D\AudioWAV\1010_IWL_HAP_XX.wav,1010,IWL,HAP,happy,XX,train
1010_IWL_NEU_XX.wav,ai-service\data\raw\CREMA-D\AudioWAV\1010_IWL_NEU_XX.wav,1010,IWL,NEU,neutral,XX,train
1010_IWL_SAD_XX.wav,ai-service\data\raw\CREMA-D\AudioWAV\1010_IWL_SAD_XX.wav,1010,IWL,SAD,sad,XX,train
1010_IWW_ANG_XX.wav,ai-service\data\raw\CREMA-D\AudioWAV\1010_IWW_ANG_XX.wav,1010,IWW,ANG,angry,XX,train
1010_IWW_DIS_XX.wav,ai-service\data\raw\CREMA-D\AudioWAV\1010_IWW_DIS_XX.wav,1010,IWW,DIS,disgust,XX,train
1010_IWW_FEA_XX.wav,ai-service\data\raw\CREMA-D\AudioWAV\1010_IWW_FEA_XX.wav,1010,IWW,FEA,fear,XX,train
1010_IWW_HAP_XX.wav,ai-service\data\raw\CREMA-D\AudioWAV\1010_IWW_HAP_XX.wav,1010,IWW,HAP,happy,XX,train
1010_IWW_NEU_XX.wav,ai-service\data\raw\CREMA-D\AudioWAV\1010_IWW_NEU_XX.wav,1010,IWW,NEU,neutral,XX,train
1010_IWW_SAD_XX.wav,ai-service\data\raw\CREMA-D\AudioWAV\1010_IWW_SAD_XX.wav,1010,IWW,SAD,sad,XX,train
1010_MTI_ANG_XX.wav,ai-service\data\raw\CREMA-D\AudioWAV\1010_MTI_ANG_XX.wav,1010,MTI,ANG,angry,XX,train
1010_MTI_DIS_XX.wav,ai-service\data\raw\CREMA-D\AudioWAV\1010_MTI_DIS_XX.wav,1010,MTI,DIS,disgust,XX,train
1010_MTI_FEA_XX.wav,ai-service\data\raw\CREMA-D\AudioWAV\1010_MTI_FEA_XX.wav,1010,MTI,FEA,fear,XX,train
1010_MTI_HAP_XX.wav,ai-service\data\raw\CREMA-D\AudioWAV\1010_MTI_HAP_XX.wav,1010,MTI,HAP,happy,XX,train
1010_MTI_NEU_XX.wav,ai-service\data\raw\CREMA-D\AudioWAV\1010_MTI_NEU_XX.wav,1010,MTI,NEU,neutral,XX,train
1010_MTI_SAD_XX.wav,ai-service\data\raw\CREMA-D\AudioWAV\1010_MTI_SAD_XX.wav,1010,MTI,SAD,sad,XX,train
1010_TAI_ANG_XX.wav,ai-service\data\raw\CREMA-D\AudioWAV\1010_TAI_ANG_XX.wav,1010,TAI,ANG,angry,XX,train
1010_TAI_DIS_XX.wav,ai-service\data\raw\CREMA-D\AudioWAV\1010_TAI_DIS_XX.wav,1010,TAI,DIS,disgust,XX,train
1010_TAI_FEA_XX.wav,ai-service\data\raw\CREMA-D\AudioWAV\1010_TAI_FEA_XX.wav,1010,TAI,FEA,fear,XX,train
1010_TAI_HAP_XX.wav,ai-service\data\raw\CREMA-D\AudioWAV\1010_TAI_HAP_XX.wav,1010,TAI,HAP,happy,XX,train
1010_TAI_NEU_XX.wav,ai-service\data\raw\CREMA-D\AudioWAV\1010_TAI_NEU_XX.wav,1010,TAI,NEU,neutral,XX,train
1010_TAI_SAD_XX.wav,ai-service\data\raw\CREMA-D\AudioWAV\1010_TAI_SAD_XX.wav,1010,TAI,SAD,sad,XX,train
1010_TIE_ANG_XX.wav,ai-service\data\raw\CREMA-D\AudioWAV\1010_TIE_ANG_XX.wav,1010,TIE,ANG,angry,XX,train
1010_TIE_DIS_XX.wav,ai-service\data\raw\CREMA-D\AudioWAV\1010_TIE_DIS_XX.wav,1010,TIE,DIS,disgust,XX,train
1010_TIE_FEA_XX.wav,ai-service\data\raw\CREMA-D\AudioWAV\1010_TIE_FEA_XX.wav,1010,TIE,FEA,fear,XX,train
1010_TIE_HAP_XX.wav,ai-service\data\raw\CREMA-D\AudioWAV\1010_TIE_HAP_XX.wav,1010,TIE,HAP,happy,XX,train
1010_TIE_NEU_XX.wav,ai-service\data\raw\CREMA-D\AudioWAV\1010_TIE_NEU_XX.wav,1010,TIE,NEU,neutral,XX,train
1010_TIE_SAD_XX.wav,ai-service\data\raw\CREMA-D\AudioWAV\1010_TIE_SAD_XX.wav,1010,TIE,SAD,sad,XX,train
1010_TSI_ANG_XX.wav,ai-service\data\raw\CREMA-D\AudioWAV\1010_TSI_ANG_XX.wav,1010,TSI,ANG,angry,XX,train
1010_TSI_DIS_XX.wav,ai-service\data\raw\CREMA-D\AudioWAV\1010_TSI_DIS_XX.wav,1010,TSI,DIS,disgust,XX,train
1010_TSI_FEA_XX.wav,ai-service\data\raw\CREMA-D\AudioWAV\1010_TSI_FEA_XX.wav,1010,TSI,FEA,fear,XX,train
1010_TSI_HAP_XX.wav,ai-service\data\raw\CREMA-D\AudioWAV\1010_TSI_HAP_XX.wav,1010,TSI,HAP,happy,XX,train
1010_TSI_NEU_XX.wav,ai-service\data\raw\CREMA-D\AudioWAV\1010_TSI_NEU_XX.wav,1010,TSI,NEU,neutral,XX,train
1010_TSI_SAD_XX.wav,ai-service\data\raw\CREMA-D\AudioWAV\1010_TSI_SAD_XX.wav,1010,TSI,SAD,sad,XX,train
1010_WSI_ANG_XX.wav,ai-service\data\raw\CREMA-D\AudioWAV\1010_WSI_ANG_XX.wav,1010,WSI,ANG,angry,XX,train
1010_WSI_DIS_XX.wav,ai-service\data\raw\CREMA-D\AudioWAV\1010_WSI_DIS_XX.wav,1010,WSI,DIS,disgust,XX,train
1010_WSI_FEA_XX.wav,ai-service\data\raw\CREMA-D\AudioWAV\1010_WSI_FEA_XX.wav,1010,WSI,FEA,fear,XX,train
1010_WSI_HAP_XX.wav,ai-service\data\raw\CREMA-D\AudioWAV\1010_WSI_HAP_XX.wav,1010,WSI,HAP,happy,XX,train
1010_WSI_NEU_XX.wav,ai-service\data\raw\CREMA-D\AudioWAV\1010_WSI_NEU_XX.wav,1010,WSI,NEU,neutral,XX,train
1010_WSI_SAD_XX.wav,ai-service\data\raw\CREMA-D\AudioWAV\1010_WSI_SAD_XX.wav,1010,WSI,SAD,sad,XX,train
1011_DFA_ANG_XX.wav,ai-service\data\raw\CREMA-D\AudioWAV\1011_DFA_ANG_XX.wav,1011,DFA,ANG,angry,XX,train
1011_DFA_DIS_XX.wav,ai-service\data\raw\CREMA-D\AudioWAV\1011_DFA_DIS_XX.wav,1011,DFA,DIS,disgust,XX,train
1011_DFA_FEA_XX.wav,ai-service\data\raw\CREMA-D\AudioWAV\1011_DFA_FEA_XX.wav,1011,DFA,FEA,fear,XX,train
1011_DFA_HAP_XX.wav,ai-service\data\raw\CREMA-D\AudioWAV\1011_DFA_HAP_XX.wav,1011,DFA,HAP,happy,XX,train
1011_DFA_NEU_XX.wav,ai-service\data\raw\CREMA-D\AudioWAV\1011_DFA_NEU_XX.wav,1011,DFA,NEU,neutral,XX,train
1011_DFA_SAD_XX.wav,ai-service\data\raw\CREMA-D\AudioWAV\1011_DFA_SAD_XX.wav,1011,DFA,SAD,sad,XX,train
1011_IEO_ANG_HI.wav,ai-service\data\raw\CREMA-D\AudioWAV\1011_IEO_ANG_HI.wav,1011,IEO,ANG,angry,HI,train
1011_IEO_ANG_LO.wav,ai-service\data\raw\CREMA-D\AudioWAV\1011_IEO_ANG_LO.wav,1011,IEO,ANG,angry,LO,train
1011_IEO_ANG_MD.wav,ai-service\data\raw\CREMA-D\AudioWAV\1011_IEO_ANG_MD.wav,1011,IEO,ANG,angry,MD,train
1011_IEO_DIS_HI.wav,ai-service\data\raw\CREMA-D\AudioWAV\1011_IEO_DIS_HI.wav,1011,IEO,DIS,disgust,HI,train
1011_IEO_DIS_LO.wav,ai-service\data\raw\CREMA-D\AudioWAV\1011_IEO_DIS_LO.wav,1011,IEO,DIS,disgust,LO,train
1011_IEO_DIS_MD.wav,ai-service\data\raw\CREMA-D\AudioWAV\1011_IEO_DIS_MD.wav,1011,IEO,DIS,disgust,MD,train
1011_IEO_FEA_HI.wav,ai-service\data\raw\CREMA-D\AudioWAV\1011_IEO_FEA_HI.wav,1011,IEO,FEA,fear,HI,train
1011_IEO_FEA_LO.wav,ai-service\data\raw\CREMA-D\AudioWAV\1011_IEO_FEA_LO.wav,1011,IEO,FEA,fear,LO,train
1011_IEO_FEA_MD.wav,ai-service\data\raw\CREMA-D\AudioWAV\1011_IEO_FEA_MD.wav,1011,IEO,FEA,fear,MD,train
1011_IEO_HAP_HI.wav,ai-service\data\raw\CREMA-D\AudioWAV\1011_IEO_HAP_HI.wav,1011,IEO,HAP,happy,HI,train
1011_IEO_HAP_LO.wav,ai-service\data\raw\CREMA-D\AudioWAV\1011_IEO_HAP_LO.wav,1011,IEO,HAP,happy,LO,train
1011_IEO_HAP_MD.wav,ai-service\data\raw\CREMA-D\AudioWAV\1011_IEO_HAP_MD.wav,1011,IEO,HAP,happy,MD,train
1011_IEO_NEU_XX.wav,ai-service\data\raw\CREMA-D\AudioWAV\1011_IEO_NEU_XX.wav,1011,IEO,NEU,neutral,XX,train
1011_IEO_SAD_HI.wav,ai-service\data\raw\CREMA-D\AudioWAV\1011_IEO_SAD_HI.wav,1011,IEO,SAD,sad,HI,train
1011_IEO_SAD_LO.wav,ai-service\data\raw\CREMA-D\AudioWAV\1011_IEO_SAD_LO.wav,1011,IEO,SAD,sad,LO,train
1011_IEO_SAD_MD.wav,ai-service\data\raw\CREMA-D\AudioWAV\1011_IEO_SAD_MD.wav,1011,IEO,SAD,sad,MD,train
1011_IOM_ANG_XX.wav,ai-service\data\raw\CREMA-D\AudioWAV\1011_IOM_ANG_XX.wav,1011,IOM,ANG,angry,XX,train
1011_IOM_DIS_XX.wav,ai-service\data\raw\CREMA-D\AudioWAV\1011_IOM_DIS_XX.wav,1011,IOM,DIS,disgust,XX,train
1011_IOM_FEA_XX.wav,ai-service\data\raw\CREMA-D\AudioWAV\1011_IOM_FEA_XX.wav,1011,IOM,FEA,fear,XX,train
1011_IOM_HAP_XX.wav,ai-service\data\raw\CREMA-D\AudioWAV\1011_IOM_HAP_XX.wav,1011,IOM,HAP,happy,XX,train
1011_IOM_NEU_XX.wav,ai-service\data\raw\CREMA-D\AudioWAV\1011_IOM_NEU_XX.wav,1011,IOM,NEU,neutral,XX,train
1011_IOM_SAD_XX.wav,ai-service\data\raw\CREMA-D\AudioWAV\1011_IOM_SAD_XX.wav,1011,IOM,SAD,sad,XX,train
1011_ITH_ANG_XX.wav,ai-service\data\raw\CREMA-D\AudioWAV\1011_ITH_ANG_XX.wav,1011,ITH,ANG,angry,XX,train
1011_ITH_DIS_XX.wav,ai-service\data\raw\CREMA-D\AudioWAV\1011_ITH_DIS_XX.wav,1011,ITH,DIS,disgust,XX,train
1011_ITH_FEA_XX.wav,ai-service\data\raw\CREMA-D\AudioWAV\1011_ITH_FEA_XX.wav,1011,ITH,FEA,fear,XX,train
1011_ITH_HAP_XX.wav,ai-service\data\raw\CREMA-D\AudioWAV\1011_ITH_HAP_XX.wav,1011,ITH,HAP,happy,XX,train
1011_ITH_NEU_XX.wav,ai-service\data\raw\CREMA-D\AudioWAV\1011_ITH_NEU_XX.wav,1011,ITH,NEU,neutral,XX,train
1011_ITH_SAD_XX.wav,ai-service\data\raw\CREMA-D\AudioWAV\1011_ITH_SAD_XX.wav,1011,ITH,SAD,sad,XX,train
1011_ITS_ANG_XX.wav,ai-service\data\raw\CREMA-D\AudioWAV\1011_ITS_ANG_XX.wav,1011,ITS,ANG,angry,XX,train
1011_ITS_DIS_XX.wav,ai-service\data\raw\CREMA-D\AudioWAV\1011_ITS_DIS_XX.wav,1011,ITS,DIS,disgust,XX,train
1011_ITS_FEA_XX.wav,ai-service\data\raw\CREMA-D\AudioWAV\1011_ITS_FEA_XX.wav,1011,ITS,FEA,fear,XX,train
1011_ITS_HAP_XX.wav,ai-service\data\raw\CREMA-D\AudioWAV\1011_ITS_HAP_XX.wav,1011,ITS,HAP,happy,XX,train
1011_ITS_NEU_XX.wav,ai-service\data\raw\CREMA-D\AudioWAV\1011_ITS_NEU_XX.wav,1011,ITS,NEU,neutral,XX,train
1011_ITS_SAD_XX.wav,ai-service\data\raw\CREMA-D\AudioWAV\1011_ITS_SAD_XX.wav,1011,ITS,SAD,sad,XX,train
1011_IWL_ANG_XX.wav,ai-service\data\raw\CREMA-D\AudioWAV\1011_IWL_ANG_XX.wav,1011,IWL,ANG,angry,XX,train
1011_IWL_DIS_XX.wav,ai-service\data\raw\CREMA-D\AudioWAV\1011_IWL_DIS_XX.wav,1011,IWL,DIS,disgust,XX,train
1011_IWL_FEA_XX.wav,ai-service\data\raw\CREMA-D\AudioWAV\1011_IWL_FEA_XX.wav,1011,IWL,FEA,fear,XX,train
1011_IWL_HAP_XX.wav,ai-service\data\raw\CREMA-D\AudioWAV\1011_IWL_HAP_XX.wav,1011,IWL,HAP,happy,XX,train
1011_IWL_NEU_XX.wav,ai-service\data\raw\CREMA-D\AudioWAV\1011_IWL_NEU_XX.wav,1011,IWL,NEU,neutral,XX,train
1011_IWL_SAD_XX.wav,ai-service\data\raw\CREMA-D\AudioWAV\1011_IWL_SAD_XX.wav,1011,IWL,SAD,sad,XX,train
1011_IWW_ANG_XX.wav,ai-service\data\raw\CREMA-D\AudioWAV\1011_IWW_ANG_XX.wav,1011,IWW,ANG,angry,XX,train
1011_IWW_DIS_XX.wav,ai-service\data\raw\CREMA-D\AudioWAV\1011_IWW_DIS_XX.wav,1011,IWW,DIS,disgust,XX,train
1011_IWW_FEA_XX.wav,ai-service\data\raw\CREMA-D\AudioWAV\1011_IWW_FEA_XX.wav,1011,IWW,FEA,fear,XX,train
1011_IWW_HAP_XX.wav,ai-service\data\raw\CREMA-D\AudioWAV\1011_IWW_HAP_XX.wav,1011,IWW,HAP,happy,XX,train
1011_IWW_NEU_XX.wav,ai-service\data\raw\CREMA-D\AudioWAV\1011_IWW_NEU_XX.wav,1011,IWW,NEU,neutral,XX,train
1011_IWW_SAD_XX.wav,ai-service\data\raw\CREMA-D\AudioWAV\1011_IWW_SAD_XX.wav,1011,IWW,SAD,sad,XX,train
1011_MTI_ANG_XX.wav,ai-service\data\raw\CREMA-D\AudioWAV\1011_MTI_ANG_XX.wav,1011,MTI,ANG,angry,XX,train
1011_MTI_DIS_XX.wav,ai-service\data\raw\CREMA-D\AudioWAV\1011_MTI_DIS_XX.wav,1011,MTI,DIS,disgust,XX,train
1011_MTI_FEA_XX.wav,ai-service\data\raw\CREMA-D\AudioWAV\1011_MTI_FEA_XX.wav,1011,MTI,FEA,fear,XX,train
1011_MTI_HAP_XX.wav,ai-service\data\raw\CREMA-D\AudioWAV\1011_MTI_HAP_XX.wav,1011,MTI,HAP,happy,XX,train
1011_MTI_NEU_XX.wav,ai-service\data\raw\CREMA-D\AudioWAV\1011_MTI_NEU_XX.wav,1011,MTI,NEU,neutral,XX,train
1011_MTI_SAD_XX.wav,ai-service\data\raw\CREMA-D\AudioWAV\1011_MTI_SAD_XX.wav,1011,MTI,SAD,sad,XX,train
1011_TAI_ANG_XX.wav,ai-service\data\raw\CREMA-D\AudioWAV\1011_TAI_ANG_XX.wav,1011,TAI,ANG,angry,XX,train
1011_TAI_DIS_XX.wav,ai-service\data\raw\CREMA-D\AudioWAV\1011_TAI_DIS_XX.wav,1011,TAI,DIS,disgust,XX,train
1011_TAI_FEA_XX.wav,ai-service\data\raw\CREMA-D\AudioWAV\1011_TAI_FEA_XX.wav,1011,TAI,FEA,fear,XX,train
1011_TAI_HAP_XX.wav,ai-service\data\raw\CREMA-D\AudioWAV\1011_TAI_HAP_XX.wav,1011,TAI,HAP,happy,XX,train
1011_TAI_NEU_XX.wav,ai-service\data\raw\CREMA-D\AudioWAV\1011_TAI_NEU_XX.wav,1011,TAI,NEU,neutral,XX,train
1011_TAI_SAD_XX.wav,ai-service\data\raw\CREMA-D\AudioWAV\1011_TAI_SAD_XX.wav,1011,TAI,SAD,sad,XX,train
1011_TIE_ANG_XX.wav,ai-service\data\raw\CREMA-D\AudioWAV\1011_TIE_ANG_XX.wav,1011,TIE,ANG,angry,XX,train
1011_TIE_DIS_XX.wav,ai-service\data\raw\CREMA-D\AudioWAV\1011_TIE_DIS_XX.wav,1011,TIE,DIS,disgust,XX,train
1011_TIE_FEA_XX.wav,ai-service\data\raw\CREMA-D\AudioWAV\1011_TIE_FEA_XX.wav,1011,TIE,FEA,fear,XX,train
1011_TIE_HAP_XX.wav,ai-service\data\raw\CREMA-D\AudioWAV\1011_TIE_HAP_XX.wav,1011,TIE,HAP,happy,XX,train
1011_TIE_NEU_XX.wav,ai-service\data\raw\CREMA-D\AudioWAV\1011_TIE_NEU_XX.wav,1011,TIE,NEU,neutral,XX,train
1011_TIE_SAD_XX.wav,ai-service\data\raw\CREMA-D\AudioWAV\1011_TIE_SAD_XX.wav,1011,TIE,SAD,sad,XX,train
1011_TSI_ANG_XX.wav,ai-service\data\raw\CREMA-D\AudioWAV\1011_TSI_ANG_XX.wav,1011,TSI,ANG,angry,XX,train
1011_TSI_DIS_XX.wav,ai-service\data\raw\CREMA-D\AudioWAV\1011_TSI_DIS_XX.wav,1011,TSI,DIS,disgust,XX,train
1011_TSI_FEA_XX.wav,ai-service\data\raw\CREMA-D\AudioWAV\1011_TSI_FEA_XX.wav,1011,TSI,FEA,fear,XX,train
1011_TSI_HAP_XX.wav,ai-service\data\raw\CREMA-D\AudioWAV\1011_TSI_HAP_XX.wav,1011,TSI,HAP,happy,XX,train
1011_TSI_NEU_XX.wav,ai-service\data\raw\CREMA-D\AudioWAV\1011_TSI_NEU_XX.wav,1011,TSI,NEU,neutral,XX,train
1011_TSI_SAD_XX.wav,ai-service\data\raw\CREMA-D\AudioWAV\1011_TSI_SAD_XX.wav,1011,TSI,SAD,sad,XX,train
1011_WSI_ANG_XX.wav,ai-service\data\raw\CREMA-D\AudioWAV\1011_WSI_ANG_XX.wav,1011,WSI,ANG,angry,XX,train
1011_WSI_DIS_XX.wav,ai-service\data\raw\CREMA-D\AudioWAV\1011_WSI_DIS_XX.wav,1011,WSI,DIS,disgust,XX,train
1011_WSI_FEA_XX.wav,ai-service\data\raw\CREMA-D\AudioWAV\1011_WSI_FEA_XX.wav,1011,WSI,FEA,fear,XX,train
1011_WSI_HAP_XX.wav,ai-service\data\raw\CREMA-D\AudioWAV\1011_WSI_HAP_XX.wav,1011,WSI,HAP,happy,XX,train
1011_WSI_NEU_XX.wav,ai-service\data\raw\CREMA-D\AudioWAV\1011_WSI_NEU_XX.wav,1011,WSI,NEU,neutral,XX,train
1011_WSI_SAD_XX.wav,ai-service\data\raw\CREMA-D\AudioWAV\1011_WSI_SAD_XX.wav,1011,WSI,SAD,sad,XX,train
1013_DFA_ANG_XX.wav,ai-service\data\raw\CREMA-D\AudioWAV\1013_DFA_ANG_XX.wav,1013,DFA,ANG,angry,XX,train
1013_DFA_DIS_XX.wav,ai-service\data\raw\CREMA-D\AudioWAV\1013_DFA_DIS_XX.wav,1013,DFA,DIS,disgust,XX,train
1013_DFA_FEA_XX.wav,ai-service\data\raw\CREMA-D\AudioWAV\1013_DFA_FEA_XX.wav,1013,DFA,FEA,fear,XX,train
1013_DFA_HAP_XX.wav,ai-service\data\raw\CREMA-D\AudioWAV\1013_DFA_HAP_XX.wav,1013,DFA,HAP,happy,XX,train
1013_DFA_NEU_XX.wav,ai-service\data\raw\CREMA-D\AudioWAV\1013_DFA_NEU_XX.wav,1013,DFA,NEU,neutral,XX,train
1013_DFA_SAD_XX.wav,ai-service\data\raw\CREMA-D\AudioWAV\1013_DFA_SAD_XX.wav,1013,DFA,SAD,sad,XX,train
1013_IEO_ANG_HI.wav,ai-service\data\raw\CREMA-D\AudioWAV\1013_IEO_ANG_HI.wav,1013,IEO,ANG,angry,HI,train
1013_IEO_ANG_LO.wav,ai-service\data\raw\CREMA-D\AudioWAV\1013_IEO_ANG_LO.wav,1013,IEO,ANG,angry,LO,train
1013_IEO_ANG_MD.wav,ai-service\data\raw\CREMA-D\AudioWAV\1013_IEO_ANG_MD.wav,1013,IEO,ANG,angry,MD,train
1013_IEO_DIS_HI.wav,ai-service\data\raw\CREMA-D\AudioWAV\1013_IEO_DIS_HI.wav,1013,IEO,DIS,disgust,HI,train
1013_IEO_DIS_LO.wav,ai-service\data\raw\CREMA-D\AudioWAV\1013_IEO_DIS_LO.wav,1013,IEO,DIS,disgust,LO,train
1013_IEO_DIS_MD.wav,ai-service\data\raw\CREMA-D\AudioWAV\1013_IEO_DIS_MD.wav,1013,IEO,DIS,disgust,MD,train
1013_IEO_FEA_HI.wav,ai-service\data\raw\CREMA-D\AudioWAV\1013_IEO_FEA_HI.wav,1013,IEO,FEA,fear,HI,train
1013_IEO_FEA_LO.wav,ai-service\data\raw\CREMA-D\AudioWAV\1013_IEO_FEA_LO.wav,1013,IEO,FEA,fear,LO,train
1013_IEO_FEA_MD.wav,ai-service\data\raw\CREMA-D\AudioWAV\1013_IEO_FEA_MD.wav,1013,IEO,FEA,fear,MD,train
1013_IEO_HAP_HI.wav,ai-service\data\raw\CREMA-D\AudioWAV\1013_IEO_HAP_HI.wav,1013,IEO,HAP,happy,HI,train
1013_IEO_HAP_LO.wav,ai-service\data\raw\CREMA-D\AudioWAV\1013_IEO_HAP_LO.wav,1013,IEO,HAP,happy,LO,train
1013_IEO_HAP_MD.wav,ai-service\data\raw\CREMA-D\AudioWAV\1013_IEO_HAP_MD.wav,1013,IEO,HAP,happy,MD,train
1013_IEO_NEU_XX.wav,ai-service\data\raw\CREMA-D\AudioWAV\1013_IEO_NEU_XX.wav,1013,IEO,NEU,neutral,XX,train
1013_IEO_SAD_HI.wav,ai-service\data\raw\CREMA-D\AudioWAV\1013_IEO_SAD_HI.wav,1013,IEO,SAD,sad,HI,train
1013_IEO_SAD_LO.wav,ai-service\data\raw\CREMA-D\AudioWAV\1013_IEO_SAD_LO.wav,1013,IEO,SAD,sad,LO,train
1013_IEO_SAD_MD.wav,ai-service\data\raw\CREMA-D\AudioWAV\1013_IEO_SAD_MD.wav,1013,IEO,SAD,sad,MD,train
1013_IOM_ANG_XX.wav,ai-service\data\raw\CREMA-D\AudioWAV\1013_IOM_ANG_XX.wav,1013,IOM,ANG,angry,XX,train
1013_IOM_DIS_XX.wav,ai-service\data\raw\CREMA-D\AudioWAV\1013_IOM_DIS_XX.wav,1013,IOM,DIS,disgust,XX,train
1013_IOM_FEA_XX.wav,ai-service\data\raw\CREMA-D\AudioWAV\1013_IOM_FEA_XX.wav,1013,IOM,FEA,fear,XX,train
1013_IOM_HAP_XX.wav,ai-service\data\raw\CREMA-D\AudioWAV\1013_IOM_HAP_XX.wav,1013,IOM,HAP,happy,XX,train
1013_IOM_NEU_XX.wav,ai-service\data\raw\CREMA-D\AudioWAV\1013_IOM_NEU_XX.wav,1013,IOM,NEU,neutral,XX,train
1013_IOM_SAD_XX.wav,ai-service\data\raw\CREMA-D\AudioWAV\1013_IOM_SAD_XX.wav,1013,IOM,SAD,sad,XX,train
1013_ITH_ANG_XX.wav,ai-service\data\raw\CREMA-D\AudioWAV\1013_ITH_ANG_XX.wav,1013,ITH,ANG,angry,XX,train
1013_ITH_DIS_XX.wav,ai-service\data\raw\CREMA-D\AudioWAV\1013_ITH_DIS_XX.wav,1013,ITH,DIS,disgust,XX,train
1013_ITH_FEA_XX.wav,ai-service\data\raw\CREMA-D\AudioWAV\1013_ITH_FEA_XX.wav,1013,ITH,FEA,fear,XX,train
1013_ITH_HAP_XX.wav,ai-service\data\raw\CREMA-D\AudioWAV\1013_ITH_HAP_XX.wav,1013,ITH,HAP,happy,XX,train
1013_ITH_NEU_XX.wav,ai-service\data\raw\CREMA-D\AudioWAV\1013_ITH_NEU_XX.wav,1013,ITH,NEU,neutral,XX,train
1013_ITH_SAD_XX.wav,ai-service\data\raw\CREMA-D\AudioWAV\1013_ITH_SAD_XX.wav,1013,ITH,SAD,sad,XX,train
1013_ITS_ANG_XX.wav,ai-service\data\raw\CREMA-D\AudioWAV\1013_ITS_ANG_XX.wav,1013,ITS,ANG,angry,XX,train
1013_ITS_DIS_XX.wav,ai-service\data\raw\CREMA-D\AudioWAV\1013_ITS_DIS_XX.wav,1013,ITS,DIS,disgust,XX,train
1013_ITS_FEA_XX.wav,ai-service\data\raw\CREMA-D\AudioWAV\1013_ITS_FEA_XX.wav,1013,ITS,FEA,fear,XX,train
1013_ITS_HAP_XX.wav,ai-service\data\raw\CREMA-D\AudioWAV\1013_ITS_HAP_XX.wav,1013,ITS,HAP,happy,XX,train
1013_ITS_NEU_XX.wav,ai-service\data\raw\CREMA-D\AudioWAV\1013_ITS_NEU_XX.wav,1013,ITS,NEU,neutral,XX,train
1013_ITS_SAD_XX.wav,ai-service\data\raw\CREMA-D\AudioWAV\1013_ITS_SAD_XX.wav,1013,ITS,SAD,sad,XX,train
1013_IWL_ANG_XX.wav,ai-service\data\raw\CREMA-D\AudioWAV\1013_IWL_ANG_XX.wav,1013,IWL,ANG,angry,XX,train
1013_IWL_DIS_XX.wav,ai-service\data\raw\CREMA-D\AudioWAV\1013_IWL_DIS_XX.wav,1013,IWL,DIS,disgust,XX,train
1013_IWL_FEA_XX.wav,ai-service\data\raw\CREMA-D\AudioWAV\1013_IWL_FEA_XX.wav,1013,IWL,FEA,fear,XX,train
1013_IWL_HAP_XX.wav,ai-service\data\raw\CREMA-D\AudioWAV\1013_IWL_HAP_XX.wav,1013,IWL,HAP,happy,XX,train
1013_IWL_NEU_XX.wav,ai-service\data\raw\CREMA-D\AudioWAV\1013_IWL_NEU_XX.wav,1013,IWL,NEU,neutral,XX,train
1013_IWL_SAD_XX.wav,ai-service\data\raw\CREMA-D\AudioWAV\1013_IWL_SAD_XX.wav,1013,IWL,SAD,sad,XX,train
1013_IWW_ANG_XX.wav,ai-service\data\raw\CREMA-D\AudioWAV\1013_IWW_ANG_XX.wav,1013,IWW,ANG,angry,XX,train
1013_IWW_DIS_XX.wav,ai-service\data\raw\CREMA-D\AudioWAV\1013_IWW_DIS_XX.wav,1013,IWW,DIS,disgust,XX,train
1013_IWW_FEA_XX.wav,ai-service\data\raw\CREMA-D\AudioWAV\1013_IWW_FEA_XX.wav,1013,IWW,FEA,fear,XX,train
1013_IWW_HAP_XX.wav,ai-service\data\raw\CREMA-D\AudioWAV\1013_IWW_HAP_XX.wav,1013,IWW,HAP,happy,XX,train
1013_IWW_NEU_XX.wav,ai-service\data\raw\CREMA-D\AudioWAV\1013_IWW_NEU_XX.wav,1013,IWW,NEU,neutral,XX,train
1013_IWW_SAD_XX.wav,ai-service\data\raw\CREMA-D\AudioWAV\1013_IWW_SAD_XX.wav,1013,IWW,SAD,sad,XX,train
1013_MTI_ANG_XX.wav,ai-service\data\raw\CREMA-D\AudioWAV\1013_MTI_ANG_XX.wav,1013,MTI,ANG,angry,XX,train
1013_MTI_DIS_XX.wav,ai-service\data\raw\CREMA-D\AudioWAV\1013_MTI_DIS_XX.wav,1013,MTI,DIS,disgust,XX,train
1013_MTI_FEA_XX.wav,ai-service\data\raw\CREMA-D\AudioWAV\1013_MTI_FEA_XX.wav,1013,MTI,FEA,fear,XX,train
1013_MTI_HAP_XX.wav,ai-service\data\raw\CREMA-D\AudioWAV\1013_MTI_HAP_XX.wav,1013,MTI,HAP,happy,XX,train
1013_MTI_NEU_XX.wav,ai-service\data\raw\CREMA-D\AudioWAV\1013_MTI_NEU_XX.wav,1013,MTI,NEU,neutral,XX,train
1013_MTI_SAD_XX.wav,ai-service\data\raw\CREMA-D\AudioWAV\1013_MTI_SAD_XX.wav,1013,MTI,SAD,sad,XX,train
1013_TAI_ANG_XX.wav,ai-service\data\raw\CREMA-D\AudioWAV\1013_TAI_ANG_XX.wav,1013,TAI,ANG,angry,XX,train
1013_TAI_DIS_XX.wav,ai-service\data\raw\CREMA-D\AudioWAV\1013_TAI_DIS_XX.wav,1013,TAI,DIS,disgust,XX,train
1013_TAI_FEA_XX.wav,ai-service\data\raw\CREMA-D\AudioWAV\1013_TAI_FEA_XX.wav,1013,TAI,FEA,fear,XX,train
1013_TAI_HAP_XX.wav,ai-service\data\raw\CREMA-D\AudioWAV\1013_TAI_HAP_XX.wav,1013,TAI,HAP,happy,XX,train
1013_TAI_NEU_XX.wav,ai-service\data\raw\CREMA-D\AudioWAV\1013_TAI_NEU_XX.wav,1013,TAI,NEU,neutral,XX,train
1013_TAI_SAD_XX.wav,ai-service\data\raw\CREMA-D\AudioWAV\1013_TAI_SAD_XX.wav,1013,TAI,SAD,sad,XX,train
1013_TIE_ANG_XX.wav,ai-service\data\raw\CREMA-D\AudioWAV\1013_TIE_ANG_XX.wav,1013,TIE,ANG,angry,XX,train
1013_TIE_DIS_XX.wav,ai-service\data\raw\CREMA-D\AudioWAV\1013_TIE_DIS_XX.wav,1013,TIE,DIS,disgust,XX,train
1013_TIE_FEA_XX.wav,ai-service\data\raw\CREMA-D\AudioWAV\1013_TIE_FEA_XX.wav,1013,TIE,FEA,fear,XX,train
1013_TIE_HAP_XX.wav,ai-service\data\raw\CREMA-D\AudioWAV\1013_TIE_HAP_XX.wav,1013,TIE,HAP,happy,XX,train
1013_TIE_NEU_XX.wav,ai-service\data\raw\CREMA-D\AudioWAV\1013_TIE_NEU_XX.wav,1013,TIE,NEU,neutral,XX,train
1013_TIE_SAD_XX.wav,ai-service\data\raw\CREMA-D\AudioWAV\1013_TIE_SAD_XX.wav,1013,TIE,SAD,sad,XX,train
1013_TSI_ANG_XX.wav,ai-service\data\raw\CREMA-D\AudioWAV\1013_TSI_ANG_XX.wav,1013,TSI,ANG,angry,XX,train
1013_TSI_DIS_XX.wav,ai-service\data\raw\CREMA-D\AudioWAV\1013_TSI_DIS_XX.wav,1013,TSI,DIS,disgust,XX,train
1013_TSI_FEA_XX.wav,ai-service\data\raw\CREMA-D\AudioWAV\1013_TSI_FEA_XX.wav,1013,TSI,FEA,fear,XX,train
1013_TSI_HAP_XX.wav,ai-service\data\raw\CREMA-D\AudioWAV\1013_TSI_HAP_XX.wav,1013,TSI,HAP,happy,XX,train
1013_TSI_NEU_XX.wav,ai-service\data\raw\CREMA-D\AudioWAV\1013_TSI_NEU_XX.wav,1013,TSI,NEU,neutral,XX,train
1013_TSI_SAD_XX.wav,ai-service\data\raw\CREMA-D\AudioWAV\1013_TSI_SAD_XX.wav,1013,TSI,SAD,sad,XX,train
1013_WSI_ANG_XX.wav,ai-service\data\raw\CREMA-D\AudioWAV\1013_WSI_ANG_XX.wav,1013,WSI,ANG,angry,XX,train
1013_WSI_DIS_XX.wav,ai-service\data\raw\CREMA-D\AudioWAV\1013_WSI_DIS_XX.wav,1013,WSI,DIS,disgust,XX,train
1013_WSI_FEA_XX.wav,ai-service\data\raw\CREMA-D\AudioWAV\1013_WSI_FEA_XX.wav,1013,WSI,FEA,fear,XX,train
1013_WSI_HAP_XX.wav,ai-service\data\raw\CREMA-D\AudioWAV\1013_WSI_HAP_XX.wav,1013,WSI,HAP,happy,XX,train
1013_WSI_NEU_XX.wav,ai-service\data\raw\CREMA-D\AudioWAV\1013_WSI_NEU_XX.wav,1013,WSI,NEU,neutral,XX,train
1013_WSI_SAD_XX.wav,ai-service\data\raw\CREMA-D\AudioWAV\1013_WSI_SAD_XX.wav,1013,WSI,SAD,sad,XX,train
1016_DFA_ANG_XX.wav,ai-service\data\raw\CREMA-D\AudioWAV\1016_DFA_ANG_XX.wav,1016,DFA,ANG,angry,XX,train
1016_DFA_DIS_XX.wav,ai-service\data\raw\CREMA-D\AudioWAV\1016_DFA_DIS_XX.wav,1016,DFA,DIS,disgust,XX,train
1016_DFA_FEA_XX.wav,ai-service\data\raw\CREMA-D\AudioWAV\1016_DFA_FEA_XX.wav,1016,DFA,FEA,fear,XX,train
1016_DFA_HAP_XX.wav,ai-service\data\raw\CREMA-D\AudioWAV\1016_DFA_HAP_XX.wav,1016,DFA,HAP,happy,XX,train
1016_DFA_NEU_XX.wav,ai-service\data\raw\CREMA-D\AudioWAV\1016_DFA_NEU_XX.wav,1016,DFA,NEU,neutral,XX,train
1016_DFA_SAD_XX.wav,ai-service\data\raw\CREMA-D\AudioWAV\1016_DFA_SAD_XX.wav,1016,DFA,SAD,sad,XX,train
1016_IEO_ANG_HI.wav,ai-service\data\raw\CREMA-D\AudioWAV\1016_IEO_ANG_HI.wav,1016,IEO,ANG,angry,HI,train
1016_IEO_ANG_LO.wav,ai-service\data\raw\CREMA-D\AudioWAV\1016_IEO_ANG_LO.wav,1016,IEO,ANG,angry,LO,train
1016_IEO_ANG_MD.wav,ai-service\data\raw\CREMA-D\AudioWAV\1016_IEO_ANG_MD.wav,1016,IEO,ANG,angry,MD,train
1016_IEO_DIS_HI.wav,ai-service\data\raw\CREMA-D\AudioWAV\1016_IEO_DIS_HI.wav,1016,IEO,DIS,disgust,HI,train
1016_IEO_DIS_LO.wav,ai-service\data\raw\CREMA-D\AudioWAV\1016_IEO_DIS_LO.wav,1016,IEO,DIS,disgust,LO,train
1016_IEO_DIS_MD.wav,ai-service\data\raw\CREMA-D\AudioWAV\1016_IEO_DIS_MD.wav,1016,IEO,DIS,disgust,MD,train
1016_IEO_FEA_HI.wav,ai-service\data\raw\CREMA-D\AudioWAV\1016_IEO_FEA_HI.wav,1016,IEO,FEA,fear,HI,train
1016_IEO_FEA_LO.wav,ai-service\data\raw\CREMA-D\AudioWAV\1016_IEO_FEA_LO.wav,1016,IEO,FEA,fear,LO,train
1016_IEO_FEA_MD.wav,ai-service\data\raw\CREMA-D\AudioWAV\1016_IEO_FEA_MD.wav,1016,IEO,FEA,fear,MD,train
1016_IEO_HAP_HI.wav,ai-service\data\raw\CREMA-D\AudioWAV\1016_IEO_HAP_HI.wav,1016,IEO,HAP,happy,HI,train
1016_IEO_HAP_LO.wav,ai-service\data\raw\CREMA-D\AudioWAV\1016_IEO_HAP_LO.wav,1016,IEO,HAP,happy,LO,train
1016_IEO_HAP_MD.wav,ai-service\data\raw\CREMA-D\AudioWAV\1016_IEO_HAP_MD.wav,1016,IEO,HAP,happy,MD,train
1016_IEO_NEU_XX.wav,ai-service\data\raw\CREMA-D\AudioWAV\1016_IEO_NEU_XX.wav,1016,IEO,NEU,neutral,XX,train
1016_IEO_SAD_HI.wav,ai-service\data\raw\CREMA-D\AudioWAV\1016_IEO_SAD_HI.wav,1016,IEO,SAD,sad,HI,train
1016_IEO_SAD_LO.wav,ai-service\data\raw\CREMA-D\AudioWAV\1016_IEO_SAD_LO.wav,1016,IEO,SAD,sad,LO,train
1016_IEO_SAD_MD.wav,ai-service\data\raw\CREMA-D\AudioWAV\1016_IEO_SAD_MD.wav,1016,IEO,SAD,sad,MD,train
1016_IOM_ANG_XX.wav,ai-service\data\raw\CREMA-D\AudioWAV\1016_IOM_ANG_XX.wav,1016,IOM,ANG,angry,XX,train
1016_IOM_DIS_XX.wav,ai-service\data\raw\CREMA-D\AudioWAV\1016_IOM_DIS_XX.wav,1016,IOM,DIS,disgust,XX,train
1016_IOM_FEA_XX.wav,ai-service\data\raw\CREMA-D\AudioWAV\1016_IOM_FEA_XX.wav,1016,IOM,FEA,fear,XX,train
1016_IOM_HAP_XX.wav,ai-service\data\raw\CREMA-D\AudioWAV\1016_IOM_HAP_XX.wav,1016,IOM,HAP,happy,XX,train
1016_IOM_NEU_XX.wav,ai-service\data\raw\CREMA-D\AudioWAV\1016_IOM_NEU_XX.wav,1016,IOM,NEU,neutral,XX,train
1016_IOM_SAD_XX.wav,ai-service\data\raw\CREMA-D\AudioWAV\1016_IOM_SAD_XX.wav,1016,IOM,SAD,sad,XX,train
1016_ITH_ANG_XX.wav,ai-service\data\raw\CREMA-D\AudioWAV\1016_ITH_ANG_XX.wav,1016,ITH,ANG,angry,XX,train
1016_ITH_DIS_XX.wav,ai-service\data\raw\CREMA-D\AudioWAV\1016_ITH_DIS_XX.wav,1016,ITH,DIS,disgust,XX,train
1016_ITH_FEA_XX.wav,ai-service\data\raw\CREMA-D\AudioWAV\1016_ITH_FEA_XX.wav,1016,ITH,FEA,fear,XX,train
1016_ITH_HAP_XX.wav,ai-service\data\raw\CREMA-D\AudioWAV\1016_ITH_HAP_XX.wav,1016,ITH,HAP,happy,XX,train
1016_ITH_NEU_XX.wav,ai-service\data\raw\CREMA-D\AudioWAV\1016_ITH_NEU_XX.wav,1016,ITH,NEU,neutral,XX,train
1016_ITH_SAD_XX.wav,ai-service\data\raw\CREMA-D\AudioWAV\1016_ITH_SAD_XX.wav,1016,ITH,SAD,sad,XX,train
1016_ITS_ANG_XX.wav,ai-service\data\raw\CREMA-D\AudioWAV\1016_ITS_ANG_XX.wav,1016,ITS,ANG,angry,XX,train
1016_ITS_DIS_XX.wav,ai-service\data\raw\CREMA-D\AudioWAV\1016_ITS_DIS_XX.wav,1016,ITS,DIS,disgust,XX,train
1016_ITS_FEA_XX.wav,ai-service\data\raw\CREMA-D\AudioWAV\1016_ITS_FEA_XX.wav,1016,ITS,FEA,fear,XX,train
1016_ITS_HAP_XX.wav,ai-service\data\raw\CREMA-D\AudioWAV\1016_ITS_HAP_XX.wav,1016,ITS,HAP,happy,XX,train
1016_ITS_NEU_XX.wav,ai-service\data\raw\CREMA-D\AudioWAV\1016_ITS_NEU_XX.wav,1016,ITS,NEU,neutral,XX,train
1016_ITS_SAD_XX.wav,ai-service\data\raw\CREMA-D\AudioWAV\1016_ITS_SAD_XX.wav,1016,ITS,SAD,sad,XX,train
1016_IWL_ANG_XX.wav,ai-service\data\raw\CREMA-D\AudioWAV\1016_IWL_ANG_XX.wav,1016,IWL,ANG,angry,XX,train
1016_IWL_DIS_XX.wav,ai-service\data\raw\CREMA-D\AudioWAV\1016_IWL_DIS_XX.wav,1016,IWL,DIS,disgust,XX,train
1016_IWL_FEA_XX.wav,ai-service\data\raw\CREMA-D\AudioWAV\1016_IWL_FEA_XX.wav,1016,IWL,FEA,fear,XX,train
1016_IWL_HAP_XX.wav,ai-service\data\raw\CREMA-D\AudioWAV\1016_IWL_HAP_XX.wav,1016,IWL,HAP,happy,XX,train
1016_IWL_NEU_XX.wav,ai-service\data\raw\CREMA-D\AudioWAV\1016_IWL_NEU_XX.wav,1016,IWL,NEU,neutral,XX,train
1016_IWL_SAD_XX.wav,ai-service\data\raw\CREMA-D\AudioWAV\1016_IWL_SAD_XX.wav,1016,IWL,SAD,sad,XX,train
1016_IWW_ANG_XX.wav,ai-service\data\raw\CREMA-D\AudioWAV\1016_IWW_ANG_XX.wav,1016,IWW,ANG,angry,XX,train
1016_IWW_DIS_XX.wav,ai-service\data\raw\CREMA-D\AudioWAV\1016_IWW_DIS_XX.wav,1016,IWW,DIS,disgust,XX,train
1016_IWW_FEA_XX.wav,ai-service\data\raw\CREMA-D\AudioWAV\1016_IWW_FEA_XX.wav,1016,IWW,FEA,fear,XX,train
1016_IWW_HAP_XX.wav,ai-service\data\raw\CREMA-D\AudioWAV\1016_IWW_HAP_XX.wav,1016,IWW,HAP,happy,XX,train
1016_IWW_NEU_XX.wav,ai-service\data\raw\CREMA-D\AudioWAV\1016_IWW_NEU_XX.wav,1016,IWW,NEU,neutral,XX,train
1016_IWW_SAD_XX.wav,ai-service\data\raw\CREMA-D\AudioWAV\1016_IWW_SAD_XX.wav,1016,IWW,SAD,sad,XX,train
1016_MTI_ANG_XX.wav,ai-service\data\raw\CREMA-D\AudioWAV\1016_MTI_ANG_XX.wav,1016,MTI,ANG,angry,XX,train
1016_MTI_DIS_XX.wav,ai-service\data\raw\CREMA-D\AudioWAV\1016_MTI_DIS_XX.wav,1016,MTI,DIS,disgust,XX,train
1016_MTI_FEA_XX.wav,ai-service\data\raw\CREMA-D\AudioWAV\1016_MTI_FEA_XX.wav,1016,MTI,FEA,fear,XX,train
1016_MTI_HAP_XX.wav,ai-service\data\raw\CREMA-D\AudioWAV\1016_MTI_HAP_XX.wav,1016,MTI,HAP,happy,XX,train
1016_MTI_NEU_XX.wav,ai-service\data\raw\CREMA-D\AudioWAV\1016_MTI_NEU_XX.wav,1016,MTI,NEU,neutral,XX,train
1016_MTI_SAD_XX.wav,ai-service\data\raw\CREMA-D\AudioWAV\1016_MTI_SAD_XX.wav,1016,MTI,SAD,sad,XX,train
1016_TAI_ANG_XX.wav,ai-service\data\raw\CREMA-D\AudioWAV\1016_TAI_ANG_XX.wav,1016,TAI,ANG,angry,XX,train
1016_TAI_DIS_XX.wav,ai-service\data\raw\CREMA-D\AudioWAV\1016_TAI_DIS_XX.wav,1016,TAI,DIS,disgust,XX,train
1016_TAI_FEA_XX.wav,ai-service\data\raw\CREMA-D\AudioWAV\1016_TAI_FEA_XX.wav,1016,TAI,FEA,fear,XX,train
1016_TAI_HAP_XX.wav,ai-service\data\raw\CREMA-D\AudioWAV\1016_TAI_HAP_XX.wav,1016,TAI,HAP,happy,XX,train
1016_TAI_NEU_XX.wav,ai-service\data\raw\CREMA-D\AudioWAV\1016_TAI_NEU_XX.wav,1016,TAI,NEU,neutral,XX,train
1016_TAI_SAD_XX.wav,ai-service\data\raw\CREMA-D\AudioWAV\1016_TAI_SAD_XX.wav,1016,TAI,SAD,sad,XX,train
1016_TIE_ANG_XX.wav,ai-service\data\raw\CREMA-D\AudioWAV\1016_TIE_ANG_XX.wav,1016,TIE,ANG,angry,XX,train
1016_TIE_DIS_XX.wav,ai-service\data\raw\CREMA-D\AudioWAV\1016_TIE_DIS_XX.wav,1016,TIE,DIS,disgust,XX,train
1016_TIE_FEA_XX.wav,ai-service\data\raw\CREMA-D\AudioWAV\1016_TIE_FEA_XX.wav,1016,TIE,FEA,fear,XX,train
1016_TIE_HAP_XX.wav,ai-service\data\raw\CREMA-D\AudioWAV\1016_TIE_HAP_XX.wav,1016,TIE,HAP,happy,XX,train
1016_TIE_NEU_XX.wav,ai-service\data\raw\CREMA-D\AudioWAV\1016_TIE_NEU_XX.wav,1016,TIE,NEU,neutral,XX,train
1016_TIE_SAD_XX.wav,ai-service\data\raw\CREMA-D\AudioWAV\1016_TIE_SAD_XX.wav,1016,TIE,SAD,sad,XX,train
1016_TSI_ANG_XX.wav,ai-service\data\raw\CREMA-D\AudioWAV\1016_TSI_ANG_XX.wav,1016,TSI,ANG,angry,XX,train
1016_TSI_DIS_XX.wav,ai-service\data\raw\CREMA-D\AudioWAV\1016_TSI_DIS_XX.wav,1016,TSI,DIS,disgust,XX,train
1016_TSI_FEA_XX.wav,ai-service\data\raw\CREMA-D\AudioWAV\1016_TSI_FEA_XX.wav,1016,TSI,FEA,fear,XX,train
1016_TSI_HAP_XX.wav,ai-service\data\raw\CREMA-D\AudioWAV\1016_TSI_HAP_XX.wav,1016,TSI,HAP,happy,XX,train
1016_TSI_NEU_XX.wav,ai-service\data\raw\CREMA-D\AudioWAV\1016_TSI_NEU_XX.wav,1016,TSI,NEU,neutral,XX,train
1016_TSI_SAD_XX.wav,ai-service\data\raw\CREMA-D\AudioWAV\1016_TSI_SAD_XX.wav,1016,TSI,SAD,sad,XX,train
1016_WSI_ANG_XX.wav,ai-service\data\raw\CREMA-D\AudioWAV\1016_WSI_ANG_XX.wav,1016,WSI,ANG,angry,XX,train
1016_WSI_DIS_XX.wav,ai-service\data\raw\CREMA-D\AudioWAV\1016_WSI_DIS_XX.wav,1016,WSI,DIS,disgust,XX,train
1016_WSI_FEA_XX.wav,ai-service\data\raw\CREMA-D\AudioWAV\1016_WSI_FEA_XX.wav,1016,WSI,FEA,fear,XX,train
1016_WSI_HAP_XX.wav,ai-service\data\raw\CREMA-D\AudioWAV\1016_WSI_HAP_XX.wav,1016,WSI,HAP,happy,XX,train
1016_WSI_NEU_XX.wav,ai-service\data\raw\CREMA-D\AudioWAV\1016_WSI_NEU_XX.wav,1016,WSI,NEU,neutral,XX,train
1016_WSI_SAD_XX.wav,ai-service\data\raw\CREMA-D\AudioWAV\1016_WSI_SAD_XX.wav,1016,WSI,SAD,sad,XX,train
1017_DFA_ANG_XX.wav,ai-service\data\raw\CREMA-D\AudioWAV\1017_DFA_ANG_XX.wav,1017,DFA,ANG,angry,XX,train
1017_DFA_DIS_XX.wav,ai-service\data\raw\CREMA-D\AudioWAV\1017_DFA_DIS_XX.wav,1017,DFA,DIS,disgust,XX,train
1017_DFA_FEA_XX.wav,ai-service\data\raw\CREMA-D\AudioWAV\1017_DFA_FEA_XX.wav,1017,DFA,FEA,fear,XX,train
1017_DFA_HAP_XX.wav,ai-service\data\raw\CREMA-D\AudioWAV\1017_DFA_HAP_XX.wav,1017,DFA,HAP,happy,XX,train
1017_DFA_NEU_XX.wav,ai-service\data\raw\CREMA-D\AudioWAV\1017_DFA_NEU_XX.wav,1017,DFA,NEU,neutral,XX,train
1017_DFA_SAD_XX.wav,ai-service\data\raw\CREMA-D\AudioWAV\1017_DFA_SAD_XX.wav,1017,DFA,SAD,sad,XX,train
1017_IEO_ANG_HI.wav,ai-service\data\raw\CREMA-D\AudioWAV\1017_IEO_ANG_HI.wav,1017,IEO,ANG,angry,HI,train
1017_IEO_ANG_LO.wav,ai-service\data\raw\CREMA-D\AudioWAV\1017_IEO_ANG_LO.wav,1017,IEO,ANG,angry,LO,train
1017_IEO_ANG_MD.wav,ai-service\data\raw\CREMA-D\AudioWAV\1017_IEO_ANG_MD.wav,1017,IEO,ANG,angry,MD,train
1017_IEO_DIS_HI.wav,ai-service\data\raw\CREMA-D\AudioWAV\1017_IEO_DIS_HI.wav,1017,IEO,DIS,disgust,HI,train
1017_IEO_DIS_LO.wav,ai-service\data\raw\CREMA-D\AudioWAV\1017_IEO_DIS_LO.wav,1017,IEO,DIS,disgust,LO,train
1017_IEO_DIS_MD.wav,ai-service\data\raw\CREMA-D\AudioWAV\1017_IEO_DIS_MD.wav,1017,IEO,DIS,disgust,MD,train
1017_IEO_FEA_HI.wav,ai-service\data\raw\CREMA-D\AudioWAV\1017_IEO_FEA_HI.wav,1017,IEO,FEA,fear,HI,train
1017_IEO_FEA_LO.wav,ai-service\data\raw\CREMA-D\AudioWAV\1017_IEO_FEA_LO.wav,1017,IEO,FEA,fear,LO,train
1017_IEO_FEA_MD.wav,ai-service\data\raw\CREMA-D\AudioWAV\1017_IEO_FEA_MD.wav,1017,IEO,FEA,fear,MD,train
1017_IEO_HAP_HI.wav,ai-service\data\raw\CREMA-D\AudioWAV\1017_IEO_HAP_HI.wav,1017,IEO,HAP,happy,HI,train
1017_IEO_HAP_LO.wav,ai-service\data\raw\CREMA-D\AudioWAV\1017_IEO_HAP_LO.wav,1017,IEO,HAP,happy,LO,train
1017_IEO_HAP_MD.wav,ai-service\data\raw\CREMA-D\AudioWAV\1017_IEO_HAP_MD.wav,1017,IEO,HAP,happy,MD,train
1017_IEO_NEU_XX.wav,ai-service\data\raw\CREMA-D\AudioWAV\1017_IEO_NEU_XX.wav,1017,IEO,NEU,neutral,XX,train
1017_IEO_SAD_HI.wav,ai-service\data\raw\CREMA-D\AudioWAV\1017_IEO_SAD_HI.wav,1017,IEO,SAD,sad,HI,train
1017_IEO_SAD_LO.wav,ai-service\data\raw\CREMA-D\AudioWAV\1017_IEO_SAD_LO.wav,1017,IEO,SAD,sad,LO,train
1017_IEO_SAD_MD.wav,ai-service\data\raw\CREMA-D\AudioWAV\1017_IEO_SAD_MD.wav,1017,IEO,SAD,sad,MD,train
1017_IOM_ANG_XX.wav,ai-service\data\raw\CREMA-D\AudioWAV\1017_IOM_ANG_XX.wav,1017,IOM,ANG,angry,XX,train
1017_IOM_DIS_XX.wav,ai-service\data\raw\CREMA-D\AudioWAV\1017_IOM_DIS_XX.wav,1017,IOM,DIS,disgust,XX,train
1017_IOM_FEA_XX.wav,ai-service\data\raw\CREMA-D\AudioWAV\1017_IOM_FEA_XX.wav,1017,IOM,FEA,fear,XX,train
1017_IOM_HAP_XX.wav,ai-service\data\raw\CREMA-D\AudioWAV\1017_IOM_HAP_XX.wav,1017,IOM,HAP,happy,XX,train
1017_IOM_NEU_XX.wav,ai-service\data\raw\CREMA-D\AudioWAV\1017_IOM_NEU_XX.wav,1017,IOM,NEU,neutral,XX,train
1017_IOM_SAD_XX.wav,ai-service\data\raw\CREMA-D\AudioWAV\1017_IOM_SAD_XX.wav,1017,IOM,SAD,sad,XX,train
1017_ITH_ANG_XX.wav,ai-service\data\raw\CREMA-D\AudioWAV\1017_ITH_ANG_XX.wav,1017,ITH,ANG,angry,XX,train
1017_ITH_DIS_XX.wav,ai-service\data\raw\CREMA-D\AudioWAV\1017_ITH_DIS_XX.wav,1017,ITH,DIS,disgust,XX,train
1017_ITH_FEA_XX.wav,ai-service\data\raw\CREMA-D\AudioWAV\1017_ITH_FEA_XX.wav,1017,ITH,FEA,fear,XX,train
1017_ITH_HAP_XX.wav,ai-service\data\raw\CREMA-D\AudioWAV\1017_ITH_HAP_XX.wav,1017,ITH,HAP,happy,XX,train
1017_ITH_NEU_XX.wav,ai-service\data\raw\CREMA-D\AudioWAV\1017_ITH_NEU_XX.wav,1017,ITH,NEU,neutral,XX,train
1017_ITH_SAD_XX.wav,ai-service\data\raw\CREMA-D\AudioWAV\1017_ITH_SAD_XX.wav,1017,ITH,SAD,sad,XX,train
1017_ITS_ANG_XX.wav,ai-service\data\raw\CREMA-D\AudioWAV\1017_ITS_ANG_XX.wav,1017,ITS,ANG,angry,XX,train
1017_ITS_DIS_XX.wav,ai-service\data\raw\CREMA-D\AudioWAV\1017_ITS_DIS_XX.wav,1017,ITS,DIS,disgust,XX,train
1017_ITS_FEA_XX.wav,ai-service\data\raw\CREMA-D\AudioWAV\1017_ITS_FEA_XX.wav,1017,ITS,FEA,fear,XX,train
1017_ITS_HAP_XX.wav,ai-service\data\raw\CREMA-D\AudioWAV\1017_ITS_HAP_XX.wav,1017,ITS,HAP,happy,XX,train
1017_ITS_NEU_XX.wav,ai-service\data\raw\CREMA-D\AudioWAV\1017_ITS_NEU_XX.wav,1017,ITS,NEU,neutral,XX,train
1017_ITS_SAD_XX.wav,ai-service\data\raw\CREMA-D\AudioWAV\1017_ITS_SAD_XX.wav,1017,ITS,SAD,sad,XX,train
1017_IWL_ANG_XX.wav,ai-service\data\raw\CREMA-D\AudioWAV\1017_IWL_ANG_XX.wav,1017,IWL,ANG,angry,XX,train
1017_IWL_DIS_XX.wav,ai-service\data\raw\CREMA-D\AudioWAV\1017_IWL_DIS_XX.wav,1017,IWL,DIS,disgust,XX,train
1017_IWL_FEA_XX.wav,ai-service\data\raw\CREMA-D\AudioWAV\1017_IWL_FEA_XX.wav,1017,IWL,FEA,fear,XX,train
1017_IWL_HAP_XX.wav,ai-service\data\raw\CREMA-D\AudioWAV\1017_IWL_HAP_XX.wav,1017,IWL,HAP,happy,XX,train
1017_IWL_NEU_XX.wav,ai-service\data\raw\CREMA-D\AudioWAV\1017_IWL_NEU_XX.wav,1017,IWL,NEU,neutral,XX,train
1017_IWL_SAD_XX.wav,ai-service\data\raw\CREMA-D\AudioWAV\1017_IWL_SAD_XX.wav,1017,IWL,SAD,sad,XX,train
1017_IWW_ANG_XX.wav,ai-service\data\raw\CREMA-D\AudioWAV\1017_IWW_ANG_XX.wav,1017,IWW,ANG,angry,XX,train
1017_IWW_DIS_XX.wav,ai-service\data\raw\CREMA-D\AudioWAV\1017_IWW_DIS_XX.wav,1017,IWW,DIS,disgust,XX,train
1017_IWW_FEA_XX.wav,ai-service\data\raw\CREMA-D\AudioWAV\1017_IWW_FEA_XX.wav,1017,IWW,FEA,fear,XX,train
1017_IWW_HAP_XX.wav,ai-service\data\raw\CREMA-D\AudioWAV\1017_IWW_HAP_XX.wav,1017,IWW,HAP,happy,XX,train
1017_IWW_NEU_XX.wav,ai-service\data\raw\CREMA-D\AudioWAV\1017_IWW_NEU_XX.wav,1017,IWW,NEU,neutral,XX,train
1017_IWW_SAD_XX.wav,ai-service\data\raw\CREMA-D\AudioWAV\1017_IWW_SAD_XX.wav,1017,IWW,SAD,sad,XX,train
1017_MTI_ANG_XX.wav,ai-service\data\raw\CREMA-D\AudioWAV\1017_MTI_ANG_XX.wav,1017,MTI,ANG,angry,XX,train
1017_MTI_DIS_XX.wav,ai-service\data\raw\CREMA-D\AudioWAV\1017_MTI_DIS_XX.wav,1017,MTI,DIS,disgust,XX,train
1017_MTI_FEA_XX.wav,ai-service\data\raw\CREMA-D\AudioWAV\1017_MTI_FEA_XX.wav,1017,MTI,FEA,fear,XX,train
1017_MTI_HAP_XX.wav,ai-service\data\raw\CREMA-D\AudioWAV\1017_MTI_HAP_XX.wav,1017,MTI,HAP,happy,XX,train
1017_MTI_NEU_XX.wav,ai-service\data\raw\CREMA-D\AudioWAV\1017_MTI_NEU_XX.wav,1017,MTI,NEU,neutral,XX,train
1017_MTI_SAD_XX.wav,ai-service\data\raw\CREMA-D\AudioWAV\1017_MTI_SAD_XX.wav,1017,MTI,SAD,sad,XX,train
1017_TAI_ANG_XX.wav,ai-service\data\raw\CREMA-D\AudioWAV\1017_TAI_ANG_XX.wav,1017,TAI,ANG,angry,XX,train
1017_TAI_DIS_XX.wav,ai-service\data\raw\CREMA-D\AudioWAV\1017_TAI_DIS_XX.wav,1017,TAI,DIS,disgust,XX,train
1017_TAI_FEA_XX.wav,ai-service\data\raw\CREMA-D\AudioWAV\1017_TAI_FEA_XX.wav,1017,TAI,FEA,fear,XX,train
1017_TAI_HAP_XX.wav,ai-service\data\raw\CREMA-D\AudioWAV\1017_TAI_HAP_XX.wav,1017,TAI,HAP,happy,XX,train
1017_TAI_NEU_XX.wav,ai-service\data\raw\CREMA-D\AudioWAV\1017_TAI_NEU_XX.wav,1017,TAI,NEU,neutral,XX,train
1017_TAI_SAD_XX.wav,ai-service\data\raw\CREMA-D\AudioWAV\1017_TAI_SAD_XX.wav,1017,TAI,SAD,sad,XX,train
1017_TIE_ANG_XX.wav,ai-service\data\raw\CREMA-D\AudioWAV\1017_TIE_ANG_XX.wav,1017,TIE,ANG,angry,XX,train
1017_TIE_DIS_XX.wav,ai-service\data\raw\CREMA-D\AudioWAV\1017_TIE_DIS_XX.wav,1017,TIE,DIS,disgust,XX,train
1017_TIE_FEA_XX.wav,ai-service\data\raw\CREMA-D\AudioWAV\1017_TIE_FEA_XX.wav,1017,TIE,FEA,fear,XX,train
1017_TIE_HAP_XX.wav,ai-service\data\raw\CREMA-D\AudioWAV\1017_TIE_HAP_XX.wav,1017,TIE,HAP,happy,XX,train
1017_TIE_NEU_XX.wav,ai-service\data\raw\CREMA-D\AudioWAV\1017_TIE_NEU_XX.wav,1017,TIE,NEU,neutral,XX,train
1017_TIE_SAD_XX.wav,ai-service\data\raw\CREMA-D\AudioWAV\1017_TIE_SAD_XX.wav,1017,TIE,SAD,sad,XX,train
1017_TSI_ANG_XX.wav,ai-service\data\raw\CREMA-D\AudioWAV\1017_TSI_ANG_XX.wav,1017,TSI,ANG,angry,XX,train
1017_TSI_DIS_XX.wav,ai-service\data\raw\CREMA-D\AudioWAV\1017_TSI_DIS_XX.wav,1017,TSI,DIS,disgust,XX,train
1017_TSI_FEA_XX.wav,ai-service\data\raw\CREMA-D\AudioWAV\1017_TSI_FEA_XX.wav,1017,TSI,FEA,fear,XX,train
1017_TSI_HAP_XX.wav,ai-service\data\raw\CREMA-D\AudioWAV\1017_TSI_HAP_XX.wav,1017,TSI,HAP,happy,XX,train
1017_TSI_NEU_XX.wav,ai-service\data\raw\CREMA-D\AudioWAV\1017_TSI_NEU_XX.wav,1017,TSI,NEU,neutral,XX,train
1017_TSI_SAD_XX.wav,ai-service\data\raw\CREMA-D\AudioWAV\1017_TSI_SAD_XX.wav,1017,TSI,SAD,sad,XX,train
1017_WSI_ANG_XX.wav,ai-service\data\raw\CREMA-D\AudioWAV\1017_WSI_ANG_XX.wav,1017,WSI,ANG,angry,XX,train
1017_WSI_DIS_XX.wav,ai-service\data\raw\CREMA-D\AudioWAV\1017_WSI_DIS_XX.wav,1017,WSI,DIS,disgust,XX,train
1017_WSI_FEA_XX.wav,ai-service\data\raw\CREMA-D\AudioWAV\1017_WSI_FEA_XX.wav,1017,WSI,FEA,fear,XX,train
1017_WSI_HAP_XX.wav,ai-service\data\raw\CREMA-D\AudioWAV\1017_WSI_HAP_XX.wav,1017,WSI,HAP,happy,XX,train
1017_WSI_NEU_XX.wav,ai-service\data\raw\CREMA-D\AudioWAV\1017_WSI_NEU_XX.wav,1017,WSI,NEU,neutral,XX,train
1017_WSI_SAD_XX.wav,ai-service\data\raw\CREMA-D\AudioWAV\1017_WSI_SAD_XX.wav,1017,WSI,SAD,sad,XX,train
1019_DFA_ANG_XX.wav,ai-service\data\raw\CREMA-D\AudioWAV\1019_DFA_ANG_XX.wav,1019,DFA,ANG,angry,XX,train
1019_DFA_DIS_XX.wav,ai-service\data\raw\CREMA-D\AudioWAV\1019_DFA_DIS_XX.wav,1019,DFA,DIS,disgust,XX,train
1019_DFA_FEA_XX.wav,ai-service\data\raw\CREMA-D\AudioWAV\1019_DFA_FEA_XX.wav,1019,DFA,FEA,fear,XX,train
1019_DFA_HAP_XX.wav,ai-service\data\raw\CREMA-D\AudioWAV\1019_DFA_HAP_XX.wav,1019,DFA,HAP,happy,XX,train
1019_DFA_NEU_XX.wav,ai-service\data\raw\CREMA-D\AudioWAV\1019_DFA_NEU_XX.wav,1019,DFA,NEU,neutral,XX,train
1019_DFA_SAD_XX.wav,ai-service\data\raw\CREMA-D\AudioWAV\1019_DFA_SAD_XX.wav,1019,DFA,SAD,sad,XX,train
1019_IEO_ANG_HI.wav,ai-service\data\raw\CREMA-D\AudioWAV\1019_IEO_ANG_HI.wav,1019,IEO,ANG,angry,HI,train
1019_IEO_ANG_LO.wav,ai-service\data\raw\CREMA-D\AudioWAV\1019_IEO_ANG_LO.wav,1019,IEO,ANG,angry,LO,train
1019_IEO_ANG_MD.wav,ai-service\data\raw\CREMA-D\AudioWAV\1019_IEO_ANG_MD.wav,1019,IEO,ANG,angry,MD,train
1019_IEO_DIS_HI.wav,ai-service\data\raw\CREMA-D\AudioWAV\1019_IEO_DIS_HI.wav,1019,IEO,DIS,disgust,HI,train
1019_IEO_DIS_LO.wav,ai-service\data\raw\CREMA-D\AudioWAV\1019_IEO_DIS_LO.wav,1019,IEO,DIS,disgust,LO,train
1019_IEO_DIS_MD.wav,ai-service\data\raw\CREMA-D\AudioWAV\1019_IEO_DIS_MD.wav,1019,IEO,DIS,disgust,MD,train
1019_IEO_FEA_HI.wav,ai-service\data\raw\CREMA-D\AudioWAV\1019_IEO_FEA_HI.wav,1019,IEO,FEA,fear,HI,train
1019_IEO_FEA_LO.wav,ai-service\data\raw\CREMA-D\AudioWAV\1019_IEO_FEA_LO.wav,1019,IEO,FEA,fear,LO,train
1019_IEO_FEA_MD.wav,ai-service\data\raw\CREMA-D\AudioWAV\1019_IEO_FEA_MD.wav,1019,IEO,FEA,fear,MD,train
1019_IEO_HAP_HI.wav,ai-service\data\raw\CREMA-D\AudioWAV\1019_IEO_HAP_HI.wav,1019,IEO,HAP,happy,HI,train
1019_IEO_HAP_LO.wav,ai-service\data\raw\CREMA-D\AudioWAV\1019_IEO_HAP_LO.wav,1019,IEO,HAP,happy,LO,train
1019_IEO_HAP_MD.wav,ai-service\data\raw\CREMA-D\AudioWAV\1019_IEO_HAP_MD.wav,1019,IEO,HAP,happy,MD,train
1019_IEO_NEU_XX.wav,ai-service\data\raw\CREMA-D\AudioWAV\1019_IEO_NEU_XX.wav,1019,IEO,NEU,neutral,XX,train
1019_IEO_SAD_HI.wav,ai-service\data\raw\CREMA-D\AudioWAV\1019_IEO_SAD_HI.wav,1019,IEO,SAD,sad,HI,train
1019_IEO_SAD_LO.wav,ai-service\data\raw\CREMA-D\AudioWAV\1019_IEO_SAD_LO.wav,1019,IEO,SAD,sad,LO,train
1019_IEO_SAD_MD.wav,ai-service\data\raw\CREMA-D\AudioWAV\1019_IEO_SAD_MD.wav,1019,IEO,SAD,sad,MD,train
1019_IOM_ANG_XX.wav,ai-service\data\raw\CREMA-D\AudioWAV\1019_IOM_ANG_XX.wav,1019,IOM,ANG,angry,XX,train
1019_IOM_DIS_XX.wav,ai-service\data\raw\CREMA-D\AudioWAV\1019_IOM_DIS_XX.wav,1019,IOM,DIS,disgust,XX,train
1019_IOM_FEA_XX.wav,ai-service\data\raw\CREMA-D\AudioWAV\1019_IOM_FEA_XX.wav,1019,IOM,FEA,fear,XX,train
1019_IOM_HAP_XX.wav,ai-service\data\raw\CREMA-D\AudioWAV\1019_IOM_HAP_XX.wav,1019,IOM,HAP,happy,XX,train
1019_IOM_NEU_XX.wav,ai-service\data\raw\CREMA-D\AudioWAV\1019_IOM_NEU_XX.wav,1019,IOM,NEU,neutral,XX,train
1019_IOM_SAD_XX.wav,ai-service\data\raw\CREMA-D\AudioWAV\1019_IOM_SAD_XX.wav,1019,IOM,SAD,sad,XX,train
1019_ITS_ANG_XX.wav,ai-service\data\raw\CREMA-D\AudioWAV\1019_ITS_ANG_XX.wav,1019,ITS,ANG,angry,XX,train
1019_ITS_DIS_XX.wav,ai-service\data\raw\CREMA-D\AudioWAV\1019_ITS_DIS_XX.wav,1019,ITS,DIS,disgust,XX,train
1019_ITS_FEA_XX.wav,ai-service\data\raw\CREMA-D\AudioWAV\1019_ITS_FEA_XX.wav,1019,ITS,FEA,fear,XX,train
1019_ITS_HAP_XX.wav,ai-service\data\raw\CREMA-D\AudioWAV\1019_ITS_HAP_XX.wav,1019,ITS,HAP,happy,XX,train
1019_ITS_NEU_XX.wav,ai-service\data\raw\CREMA-D\AudioWAV\1019_ITS_NEU_XX.wav,1019,ITS,NEU,neutral,XX,train
1019_ITS_SAD_XX.wav,ai-service\data\raw\CREMA-D\AudioWAV\1019_ITS_SAD_XX.wav,1019,ITS,SAD,sad,XX,train
1019_IWL_ANG_XX.wav,ai-service\data\raw\CREMA-D\AudioWAV\1019_IWL_ANG_XX.wav,1019,IWL,ANG,angry,XX,train
1019_IWL_DIS_XX.wav,ai-service\data\raw\CREMA-D\AudioWAV\1019_IWL_DIS_XX.wav,1019,IWL,DIS,disgust,XX,train
1019_IWL_FEA_XX.wav,ai-service\data\raw\CREMA-D\AudioWAV\1019_IWL_FEA_XX.wav,1019,IWL,FEA,fear,XX,train
1019_IWL_HAP_XX.wav,ai-service\data\raw\CREMA-D\AudioWAV\1019_IWL_HAP_XX.wav,1019,IWL,HAP,happy,XX,train
1019_IWL_NEU_XX.wav,ai-service\data\raw\CREMA-D\AudioWAV\1019_IWL_NEU_XX.wav,1019,IWL,NEU,neutral,XX,train
1019_IWL_SAD_XX.wav,ai-service\data\raw\CREMA-D\AudioWAV\1019_IWL_SAD_XX.wav,1019,IWL,SAD,sad,XX,train
1019_IWW_ANG_XX.wav,ai-service\data\raw\CREMA-D\AudioWAV\1019_IWW_ANG_XX.wav,1019,IWW,ANG,angry,XX,train
1019_IWW_DIS_XX.wav,ai-service\data\raw\CREMA-D\AudioWAV\1019_IWW_DIS_XX.wav,1019,IWW,DIS,disgust,XX,train
1019_IWW_FEA_XX.wav,ai-service\data\raw\CREMA-D\AudioWAV\1019_IWW_FEA_XX.wav,1019,IWW,FEA,fear,XX,train
1019_IWW_HAP_XX.wav,ai-service\data\raw\CREMA-D\AudioWAV\1019_IWW_HAP_XX.wav,1019,IWW,HAP,happy,XX,train
1019_IWW_NEU_XX.wav,ai-service\data\raw\CREMA-D\AudioWAV\1019_IWW_NEU_XX.wav,1019,IWW,NEU,neutral,XX,train
1019_IWW_SAD_XX.wav,ai-service\data\raw\CREMA-D\AudioWAV\1019_IWW_SAD_XX.wav,1019,IWW,SAD,sad,XX,train
1019_MTI_ANG_XX.wav,ai-service\data\raw\CREMA-D\AudioWAV\1019_MTI_ANG_XX.wav,1019,MTI,ANG,angry,XX,train
1019_MTI_DIS_XX.wav,ai-service\data\raw\CREMA-D\AudioWAV\1019_MTI_DIS_XX.wav,1019,MTI,DIS,disgust,XX,train
1019_MTI_FEA_XX.wav,ai-service\data\raw\CREMA-D\AudioWAV\1019_MTI_FEA_XX.wav,1019,MTI,FEA,fear,XX,train
1019_MTI_HAP_XX.wav,ai-service\data\raw\CREMA-D\AudioWAV\1019_MTI_HAP_XX.wav,1019,MTI,HAP,happy,XX,train
1019_MTI_NEU_XX.wav,ai-service\data\raw\CREMA-D\AudioWAV\1019_MTI_NEU_XX.wav,1019,MTI,NEU,neutral,XX,train
1019_MTI_SAD_XX.wav,ai-service\data\raw\CREMA-D\AudioWAV\1019_MTI_SAD_XX.wav,1019,MTI,SAD,sad,XX,train
1019_TAI_ANG_XX.wav,ai-service\data\raw\CREMA-D\AudioWAV\1019_TAI_ANG_XX.wav,1019,TAI,ANG,angry,XX,train
1019_TAI_DIS_XX.wav,ai-service\data\raw\CREMA-D\AudioWAV\1019_TAI_DIS_XX.wav,1019,TAI,DIS,disgust,XX,train
1019_TAI_FEA_XX.wav,ai-service\data\raw\CREMA-D\AudioWAV\1019_TAI_FEA_XX.wav,1019,TAI,FEA,fear,XX,train
1019_TAI_HAP_XX.wav,ai-service\data\raw\CREMA-D\AudioWAV\1019_TAI_HAP_XX.wav,1019,TAI,HAP,happy,XX,train
1019_TAI_NEU_XX.wav,ai-service\data\raw\CREMA-D\AudioWAV\1019_TAI_NEU_XX.wav,1019,TAI,NEU,neutral,XX,train
1019_TAI_SAD_XX.wav,ai-service\data\raw\CREMA-D\AudioWAV\1019_TAI_SAD_XX.wav,1019,TAI,SAD,sad,XX,train
1019_TIE_ANG_XX.wav,ai-service\data\raw\CREMA-D\AudioWAV\1019_TIE_ANG_XX.wav,1019,TIE,ANG,angry,XX,train
1019_TIE_DIS_XX.wav,ai-service\data\raw\CREMA-D\AudioWAV\1019_TIE_DIS_XX.wav,1019,TIE,DIS,disgust,XX,train
1019_TIE_FEA_XX.wav,ai-service\data\raw\CREMA-D\AudioWAV\1019_TIE_FEA_XX.wav,1019,TIE,FEA,fear,XX,train
1019_TIE_HAP_XX.wav,ai-service\data\raw\CREMA-D\AudioWAV\1019_TIE_HAP_XX.wav,1019,TIE,HAP,happy,XX,train
1019_TIE_NEU_XX.wav,ai-service\data\raw\CREMA-D\AudioWAV\1019_TIE_NEU_XX.wav,1019,TIE,NEU,neutral,XX,train
1019_TIE_SAD_XX.wav,ai-service\data\raw\CREMA-D\AudioWAV\1019_TIE_SAD_XX.wav,1019,TIE,SAD,sad,XX,train
1019_TSI_ANG_XX.wav,ai-service\data\raw\CREMA-D\AudioWAV\1019_TSI_ANG_XX.wav,1019,TSI,ANG,angry,XX,train
1019_TSI_DIS_XX.wav,ai-service\data\raw\CREMA-D\AudioWAV\1019_TSI_DIS_XX.wav,1019,TSI,DIS,disgust,XX,train
1019_TSI_FEA_XX.wav,ai-service\data\raw\CREMA-D\AudioWAV\1019_TSI_FEA_XX.wav,1019,TSI,FEA,fear,XX,train
1019_TSI_HAP_XX.wav,ai-service\data\raw\CREMA-D\AudioWAV\1019_TSI_HAP_XX.wav,1019,TSI,HAP,happy,XX,train
1019_TSI_NEU_XX.wav,ai-service\data\raw\CREMA-D\AudioWAV\1019_TSI_NEU_XX.wav,1019,TSI,NEU,neutral,XX,train
1019_TSI_SAD_XX.wav,ai-service\data\raw\CREMA-D\AudioWAV\1019_TSI_SAD_XX.wav,1019,TSI,SAD,sad,XX,train
1019_WSI_ANG_XX.wav,ai-service\data\raw\CREMA-D\AudioWAV\1019_WSI_ANG_XX.wav,1019,WSI,ANG,angry,XX,train
1019_WSI_DIS_XX.wav,ai-service\data\raw\CREMA-D\AudioWAV\1019_WSI_DIS_XX.wav,1019,WSI,DIS,disgust,XX,train
1019_WSI_FEA_XX.wav,ai-service\data\raw\CREMA-D\AudioWAV\1019_WSI_FEA_XX.wav,1019,WSI,FEA,fear,XX,train
1019_WSI_HAP_XX.wav,ai-service\data\raw\CREMA-D\AudioWAV\1019_WSI_HAP_XX.wav,1019,WSI,HAP,happy,XX,train
1019_WSI_NEU_XX.wav,ai-service\data\raw\CREMA-D\AudioWAV\1019_WSI_NEU_XX.wav,1019,WSI,NEU,neutral,XX,train
1019_WSI_SAD_XX.wav,ai-service\data\raw\CREMA-D\AudioWAV\1019_WSI_SAD_XX.wav,1019,WSI,SAD,sad,XX,train
1020_DFA_ANG_XX.wav,ai-service\data\raw\CREMA-D\AudioWAV\1020_DFA_ANG_XX.wav,1020,DFA,ANG,angry,XX,train
1020_DFA_DIS_XX.wav,ai-service\data\raw\CREMA-D\AudioWAV\1020_DFA_DIS_XX.wav,1020,DFA,DIS,disgust,XX,train
1020_DFA_FEA_XX.wav,ai-service\data\raw\CREMA-D\AudioWAV\1020_DFA_FEA_XX.wav,1020,DFA,FEA,fear,XX,train
1020_DFA_HAP_XX.wav,ai-service\data\raw\CREMA-D\AudioWAV\1020_DFA_HAP_XX.wav,1020,DFA,HAP,happy,XX,train
1020_DFA_NEU_XX.wav,ai-service\data\raw\CREMA-D\AudioWAV\1020_DFA_NEU_XX.wav,1020,DFA,NEU,neutral,XX,train
1020_DFA_SAD_XX.wav,ai-service\data\raw\CREMA-D\AudioWAV\1020_DFA_SAD_XX.wav,1020,DFA,SAD,sad,XX,train
1020_IEO_ANG_HI.wav,ai-service\data\raw\CREMA-D\AudioWAV\1020_IEO_ANG_HI.wav,1020,IEO,ANG,angry,HI,train
1020_IEO_ANG_LO.wav,ai-service\data\raw\CREMA-D\AudioWAV\1020_IEO_ANG_LO.wav,1020,IEO,ANG,angry,LO,train
1020_IEO_ANG_MD.wav,ai-service\data\raw\CREMA-D\AudioWAV\1020_IEO_ANG_MD.wav,1020,IEO,ANG,angry,MD,train
1020_IEO_DIS_HI.wav,ai-service\data\raw\CREMA-D\AudioWAV\1020_IEO_DIS_HI.wav,1020,IEO,DIS,disgust,HI,train
1020_IEO_DIS_LO.wav,ai-service\data\raw\CREMA-D\AudioWAV\1020_IEO_DIS_LO.wav,1020,IEO,DIS,disgust,LO,train
1020_IEO_DIS_MD.wav,ai-service\data\raw\CREMA-D\AudioWAV\1020_IEO_DIS_MD.wav,1020,IEO,DIS,disgust,MD,train
1020_IEO_FEA_HI.wav,ai-service\data\raw\CREMA-D\AudioWAV\1020_IEO_FEA_HI.wav,1020,IEO,FEA,fear,HI,train
1020_IEO_FEA_LO.wav,ai-service\data\raw\CREMA-D\AudioWAV\1020_IEO_FEA_LO.wav,1020,IEO,FEA,fear,LO,train
1020_IEO_FEA_MD.wav,ai-service\data\raw\CREMA-D\AudioWAV\1020_IEO_FEA_MD.wav,1020,IEO,FEA,fear,MD,train
1020_IEO_HAP_HI.wav,ai-service\data\raw\CREMA-D\AudioWAV\1020_IEO_HAP_HI.wav,1020,IEO,HAP,happy,HI,train
1020_IEO_HAP_LO.wav,ai-service\data\raw\CREMA-D\AudioWAV\1020_IEO_HAP_LO.wav,1020,IEO,HAP,happy,LO,train
1020_IEO_HAP_MD.wav,ai-service\data\raw\CREMA-D\AudioWAV\1020_IEO_HAP_MD.wav,1020,IEO,HAP,happy,MD,train
1020_IEO_NEU_XX.wav,ai-service\data\raw\CREMA-D\AudioWAV\1020_IEO_NEU_XX.wav,1020,IEO,NEU,neutral,XX,train
1020_IEO_SAD_HI.wav,ai-service\data\raw\CREMA-D\AudioWAV\1020_IEO_SAD_HI.wav,1020,IEO,SAD,sad,HI,train
1020_IEO_SAD_LO.wav,ai-service\data\raw\CREMA-D\AudioWAV\1020_IEO_SAD_LO.wav,1020,IEO,SAD,sad,LO,train
1020_IEO_SAD_MD.wav,ai-service\data\raw\CREMA-D\AudioWAV\1020_IEO_SAD_MD.wav,1020,IEO,SAD,sad,MD,train
1020_IOM_ANG_XX.wav,ai-service\data\raw\CREMA-D\AudioWAV\1020_IOM_ANG_XX.wav,1020,IOM,ANG,angry,XX,train
1020_IOM_DIS_XX.wav,ai-service\data\raw\CREMA-D\AudioWAV\1020_IOM_DIS_XX.wav,1020,IOM,DIS,disgust,XX,train
1020_IOM_FEA_XX.wav,ai-service\data\raw\CREMA-D\AudioWAV\1020_IOM_FEA_XX.wav,1020,IOM,FEA,fear,XX,train
1020_IOM_HAP_XX.wav,ai-service\data\raw\CREMA-D\AudioWAV\1020_IOM_HAP_XX.wav,1020,IOM,HAP,happy,XX,train
1020_IOM_NEU_XX.wav,ai-service\data\raw\CREMA-D\AudioWAV\1020_IOM_NEU_XX.wav,1020,IOM,NEU,neutral,XX,train
1020_IOM_SAD_XX.wav,ai-service\data\raw\CREMA-D\AudioWAV\1020_IOM_SAD_XX.wav,1020,IOM,SAD,sad,XX,train
1020_ITH_ANG_XX.wav,ai-service\data\raw\CREMA-D\AudioWAV\1020_ITH_ANG_XX.wav,1020,ITH,ANG,angry,XX,train
1020_ITH_DIS_XX.wav,ai-service\data\raw\CREMA-D\AudioWAV\1020_ITH_DIS_XX.wav,1020,ITH,DIS,disgust,XX,train
1020_ITH_FEA_XX.wav,ai-service\data\raw\CREMA-D\AudioWAV\1020_ITH_FEA_XX.wav,1020,ITH,FEA,fear,XX,train
1020_ITH_HAP_XX.wav,ai-service\data\raw\CREMA-D\AudioWAV\1020_ITH_HAP_XX.wav,1020,ITH,HAP,happy,XX,train
1020_ITH_NEU_XX.wav,ai-service\data\raw\CREMA-D\AudioWAV\1020_ITH_NEU_XX.wav,1020,ITH,NEU,neutral,XX,train
1020_ITH_SAD_XX.wav,ai-service\data\raw\CREMA-D\AudioWAV\1020_ITH_SAD_XX.wav,1020,ITH,SAD,sad,XX,train
1020_ITS_ANG_XX.wav,ai-service\data\raw\CREMA-D\AudioWAV\1020_ITS_ANG_XX.wav,1020,ITS,ANG,angry,XX,train
1020_ITS_DIS_XX.wav,ai-service\data\raw\CREMA-D\AudioWAV\1020_ITS_DIS_XX.wav,1020,ITS,DIS,disgust,XX,train
1020_ITS_FEA_XX.wav,ai-service\data\raw\CREMA-D\AudioWAV\1020_ITS_FEA_XX.wav,1020,ITS,FEA,fear,XX,train
1020_ITS_HAP_XX.wav,ai-service\data\raw\CREMA-D\AudioWAV\1020_ITS_HAP_XX.wav,1020,ITS,HAP,happy,XX,train
1020_ITS_NEU_XX.wav,ai-service\data\raw\CREMA-D\AudioWAV\1020_ITS_NEU_XX.wav,1020,ITS,NEU,neutral,XX,train
1020_ITS_SAD_XX.wav,ai-service\data\raw\CREMA-D\AudioWAV\1020_ITS_SAD_XX.wav,1020,ITS,SAD,sad,XX,train
1020_IWL_ANG_XX.wav,ai-service\data\raw\CREMA-D\AudioWAV\1020_IWL_ANG_XX.wav,1020,IWL,ANG,angry,XX,train
1020_IWL_DIS_XX.wav,ai-service\data\raw\CREMA-D\AudioWAV\1020_IWL_DIS_XX.wav,1020,IWL,DIS,disgust,XX,train
1020_IWL_FEA_XX.wav,ai-service\data\raw\CREMA-D\AudioWAV\1020_IWL_FEA_XX.wav,1020,IWL,FEA,fear,XX,train
1020_IWL_HAP_XX.wav,ai-service\data\raw\CREMA-D\AudioWAV\1020_IWL_HAP_XX.wav,1020,IWL,HAP,happy,XX,train
1020_IWL_NEU_XX.wav,ai-service\data\raw\CREMA-D\AudioWAV\1020_IWL_NEU_XX.wav,1020,IWL,NEU,neutral,XX,train
1020_IWL_SAD_XX.wav,ai-service\data\raw\CREMA-D\AudioWAV\1020_IWL_SAD_XX.wav,1020,IWL,SAD,sad,XX,train
1020_IWW_ANG_XX.wav,ai-service\data\raw\CREMA-D\AudioWAV\1020_IWW_ANG_XX.wav,1020,IWW,ANG,angry,XX,train
1020_IWW_DIS_XX.wav,ai-service\data\raw\CREMA-D\AudioWAV\1020_IWW_DIS_XX.wav,1020,IWW,DIS,disgust,XX,train
1020_IWW_FEA_XX.wav,ai-service\data\raw\CREMA-D\AudioWAV\1020_IWW_FEA_XX.wav,1020,IWW,FEA,fear,XX,train
1020_IWW_HAP_XX.wav,ai-service\data\raw\CREMA-D\AudioWAV\1020_IWW_HAP_XX.wav,1020,IWW,HAP,happy,XX,train
1020_IWW_NEU_XX.wav,ai-service\data\raw\CREMA-D\AudioWAV\1020_IWW_NEU_XX.wav,1020,IWW,NEU,neutral,XX,train
1020_IWW_SAD_XX.wav,ai-service\data\raw\CREMA-D\AudioWAV\1020_IWW_SAD_XX.wav,1020,IWW,SAD,sad,XX,train
1020_MTI_ANG_XX.wav,ai-service\data\raw\CREMA-D\AudioWAV\1020_MTI_ANG_XX.wav,1020,MTI,ANG,angry,XX,train
1020_MTI_DIS_XX.wav,ai-service\data\raw\CREMA-D\AudioWAV\1020_MTI_DIS_XX.wav,1020,MTI,DIS,disgust,XX,train
1020_MTI_FEA_XX.wav,ai-service\data\raw\CREMA-D\AudioWAV\1020_MTI_FEA_XX.wav,1020,MTI,FEA,fear,XX,train
1020_MTI_HAP_XX.wav,ai-service\data\raw\CREMA-D\AudioWAV\1020_MTI_HAP_XX.wav,1020,MTI,HAP,happy,XX,train
1020_MTI_NEU_XX.wav,ai-service\data\raw\CREMA-D\AudioWAV\1020_MTI_NEU_XX.wav,1020,MTI,NEU,neutral,XX,train
1020_MTI_SAD_XX.wav,ai-service\data\raw\CREMA-D\AudioWAV\1020_MTI_SAD_XX.wav,1020,MTI,SAD,sad,XX,train
1020_TAI_ANG_XX.wav,ai-service\data\raw\CREMA-D\AudioWAV\1020_TAI_ANG_XX.wav,1020,TAI,ANG,angry,XX,train
1020_TAI_DIS_XX.wav,ai-service\data\raw\CREMA-D\AudioWAV\1020_TAI_DIS_XX.wav,1020,TAI,DIS,disgust,XX,train
1020_TAI_FEA_XX.wav,ai-service\data\raw\CREMA-D\AudioWAV\1020_TAI_FEA_XX.wav,1020,TAI,FEA,fear,XX,train
1020_TAI_HAP_XX.wav,ai-service\data\raw\CREMA-D\AudioWAV\1020_TAI_HAP_XX.wav,1020,TAI,HAP,happy,XX,train
1020_TAI_NEU_XX.wav,ai-service\data\raw\CREMA-D\AudioWAV\1020_TAI_NEU_XX.wav,1020,TAI,NEU,neutral,XX,train
1020_TAI_SAD_XX.wav,ai-service\data\raw\CREMA-D\AudioWAV\1020_TAI_SAD_XX.wav,1020,TAI,SAD,sad,XX,train
1020_TIE_ANG_XX.wav,ai-service\data\raw\CREMA-D\AudioWAV\1020_TIE_ANG_XX.wav,1020,TIE,ANG,angry,XX,train
1020_TIE_DIS_XX.wav,ai-service\data\raw\CREMA-D\AudioWAV\1020_TIE_DIS_XX.wav,1020,TIE,DIS,disgust,XX,train
1020_TIE_FEA_XX.wav,ai-service\data\raw\CREMA-D\AudioWAV\1020_TIE_FEA_XX.wav,1020,TIE,FEA,fear,XX,train
1020_TIE_HAP_XX.wav,ai-service\data\raw\CREMA-D\AudioWAV\1020_TIE_HAP_XX.wav,1020,TIE,HAP,happy,XX,train
1020_TIE_NEU_XX.wav,ai-service\data\raw\CREMA-D\AudioWAV\1020_TIE_NEU_XX.wav,1020,TIE,NEU,neutral,XX,train
1020_TIE_SAD_XX.wav,ai-service\data\raw\CREMA-D\AudioWAV\1020_TIE_SAD_XX.wav,1020,TIE,SAD,sad,XX,train
1020_TSI_ANG_XX.wav,ai-service\data\raw\CREMA-D\AudioWAV\1020_TSI_ANG_XX.wav,1020,TSI,ANG,angry,XX,train
1020_TSI_DIS_XX.wav,ai-service\data\raw\CREMA-D\AudioWAV\1020_TSI_DIS_XX.wav,1020,TSI,DIS,disgust,XX,train
1020_TSI_FEA_XX.wav,ai-service\data\raw\CREMA-D\AudioWAV\1020_TSI_FEA_XX.wav,1020,TSI,FEA,fear,XX,train
1020_TSI_HAP_XX.wav,ai-service\data\raw\CREMA-D\AudioWAV\1020_TSI_HAP_XX.wav,1020,TSI,HAP,happy,XX,train
1020_TSI_NEU_XX.wav,ai-service\data\raw\CREMA-D\AudioWAV\1020_TSI_NEU_XX.wav,1020,TSI,NEU,neutral,XX,train
1020_TSI_SAD_XX.wav,ai-service\data\raw\CREMA-D\AudioWAV\1020_TSI_SAD_XX.wav,1020,TSI,SAD,sad,XX,train
1020_WSI_ANG_XX.wav,ai-service\data\raw\CREMA-D\AudioWAV\1020_WSI_ANG_XX.wav,1020,WSI,ANG,angry,XX,train
1020_WSI_DIS_XX.wav,ai-service\data\raw\CREMA-D\AudioWAV\1020_WSI_DIS_XX.wav,1020,WSI,DIS,disgust,XX,train
1020_WSI_FEA_XX.wav,ai-service\data\raw\CREMA-D\AudioWAV\1020_WSI_FEA_XX.wav,1020,WSI,FEA,fear,XX,train
1020_WSI_HAP_XX.wav,ai-service\data\raw\CREMA-D\AudioWAV\1020_WSI_HAP_XX.wav,1020,WSI,HAP,happy,XX,train
1020_WSI_NEU_XX.wav,ai-service\data\raw\CREMA-D\AudioWAV\1020_WSI_NEU_XX.wav,1020,WSI,NEU,neutral,XX,train
1020_WSI_SAD_XX.wav,ai-service\data\raw\CREMA-D\AudioWAV\1020_WSI_SAD_XX.wav,1020,WSI,SAD,sad,XX,train
1022_DFA_ANG_XX.wav,ai-service\data\raw\CREMA-D\AudioWAV\1022_DFA_ANG_XX.wav,1022,DFA,ANG,angry,XX,train
1022_DFA_DIS_XX.wav,ai-service\data\raw\CREMA-D\AudioWAV\1022_DFA_DIS_XX.wav,1022,DFA,DIS,disgust,XX,train
1022_DFA_FEA_XX.wav,ai-service\data\raw\CREMA-D\AudioWAV\1022_DFA_FEA_XX.wav,1022,DFA,FEA,fear,XX,train
1022_DFA_HAP_XX.wav,ai-service\data\raw\CREMA-D\AudioWAV\1022_DFA_HAP_XX.wav,1022,DFA,HAP,happy,XX,train
1022_DFA_NEU_XX.wav,ai-service\data\raw\CREMA-D\AudioWAV\1022_DFA_NEU_XX.wav,1022,DFA,NEU,neutral,XX,train
1022_DFA_SAD_XX.wav,ai-service\data\raw\CREMA-D\AudioWAV\1022_DFA_SAD_XX.wav,1022,DFA,SAD,sad,XX,train
1022_IEO_ANG_HI.wav,ai-service\data\raw\CREMA-D\AudioWAV\1022_IEO_ANG_HI.wav,1022,IEO,ANG,angry,HI,train
1022_IEO_ANG_LO.wav,ai-service\data\raw\CREMA-D\AudioWAV\1022_IEO_ANG_LO.wav,1022,IEO,ANG,angry,LO,train
1022_IEO_ANG_MD.wav,ai-service\data\raw\CREMA-D\AudioWAV\1022_IEO_ANG_MD.wav,1022,IEO,ANG,angry,MD,train
1022_IEO_DIS_HI.wav,ai-service\data\raw\CREMA-D\AudioWAV\1022_IEO_DIS_HI.wav,1022,IEO,DIS,disgust,HI,train
1022_IEO_DIS_LO.wav,ai-service\data\raw\CREMA-D\AudioWAV\1022_IEO_DIS_LO.wav,1022,IEO,DIS,disgust,LO,train
1022_IEO_DIS_MD.wav,ai-service\data\raw\CREMA-D\AudioWAV\1022_IEO_DIS_MD.wav,1022,IEO,DIS,disgust,MD,train
1022_IEO_FEA_HI.wav,ai-service\data\raw\CREMA-D\AudioWAV\1022_IEO_FEA_HI.wav,1022,IEO,FEA,fear,HI,train
1022_IEO_FEA_LO.wav,ai-service\data\raw\CREMA-D\AudioWAV\1022_IEO_FEA_LO.wav,1022,IEO,FEA,fear,LO,train
1022_IEO_FEA_MD.wav,ai-service\data\raw\CREMA-D\AudioWAV\1022_IEO_FEA_MD.wav,1022,IEO,FEA,fear,MD,train
1022_IEO_HAP_HI.wav,ai-service\data\raw\CREMA-D\AudioWAV\1022_IEO_HAP_HI.wav,1022,IEO,HAP,happy,HI,train
1022_IEO_HAP_LO.wav,ai-service\data\raw\CREMA-D\AudioWAV\1022_IEO_HAP_LO.wav,1022,IEO,HAP,happy,LO,train
1022_IEO_HAP_MD.wav,ai-service\data\raw\CREMA-D\AudioWAV\1022_IEO_HAP_MD.wav,1022,IEO,HAP,happy,MD,train
1022_IEO_NEU_XX.wav,ai-service\data\raw\CREMA-D\AudioWAV\1022_IEO_NEU_XX.wav,1022,IEO,NEU,neutral,XX,train
1022_IEO_SAD_HI.wav,ai-service\data\raw\CREMA-D\AudioWAV\1022_IEO_SAD_HI.wav,1022,IEO,SAD,sad,HI,train
1022_IEO_SAD_LO.wav,ai-service\data\raw\CREMA-D\AudioWAV\1022_IEO_SAD_LO.wav,1022,IEO,SAD,sad,LO,train
1022_IEO_SAD_MD.wav,ai-service\data\raw\CREMA-D\AudioWAV\1022_IEO_SAD_MD.wav,1022,IEO,SAD,sad,MD,train
1022_IOM_ANG_XX.wav,ai-service\data\raw\CREMA-D\AudioWAV\1022_IOM_ANG_XX.wav,1022,IOM,ANG,angry,XX,train
1022_IOM_DIS_XX.wav,ai-service\data\raw\CREMA-D\AudioWAV\1022_IOM_DIS_XX.wav,1022,IOM,DIS,disgust,XX,train
1022_IOM_FEA_XX.wav,ai-service\data\raw\CREMA-D\AudioWAV\1022_IOM_FEA_XX.wav,1022,IOM,FEA,fear,XX,train
1022_IOM_HAP_XX.wav,ai-service\data\raw\CREMA-D\AudioWAV\1022_IOM_HAP_XX.wav,1022,IOM,HAP,happy,XX,train
1022_IOM_NEU_XX.wav,ai-service\data\raw\CREMA-D\AudioWAV\1022_IOM_NEU_XX.wav,1022,IOM,NEU,neutral,XX,train
1022_IOM_SAD_XX.wav,ai-service\data\raw\CREMA-D\AudioWAV\1022_IOM_SAD_XX.wav,1022,IOM,SAD,sad,XX,train
1022_ITH_ANG_XX.wav,ai-service\data\raw\CREMA-D\AudioWAV\1022_ITH_ANG_XX.wav,1022,ITH,ANG,angry,XX,train
1022_ITH_DIS_XX.wav,ai-service\data\raw\CREMA-D\AudioWAV\1022_ITH_DIS_XX.wav,1022,ITH,DIS,disgust,XX,train
1022_ITH_FEA_XX.wav,ai-service\data\raw\CREMA-D\AudioWAV\1022_ITH_FEA_XX.wav,1022,ITH,FEA,fear,XX,train
1022_ITH_HAP_XX.wav,ai-service\data\raw\CREMA-D\AudioWAV\1022_ITH_HAP_XX.wav,1022,ITH,HAP,happy,XX,train
1022_ITH_NEU_XX.wav,ai-service\data\raw\CREMA-D\AudioWAV\1022_ITH_NEU_XX.wav,1022,ITH,NEU,neutral,XX,train
1022_ITH_SAD_XX.wav,ai-service\data\raw\CREMA-D\AudioWAV\1022_ITH_SAD_XX.wav,1022,ITH,SAD,sad,XX,train
1022_ITS_ANG_XX.wav,ai-service\data\raw\CREMA-D\AudioWAV\1022_ITS_ANG_XX.wav,1022,ITS,ANG,angry,XX,train
1022_ITS_DIS_XX.wav,ai-service\data\raw\CREMA-D\AudioWAV\1022_ITS_DIS_XX.wav,1022,ITS,DIS,disgust,XX,train
1022_ITS_FEA_XX.wav,ai-service\data\raw\CREMA-D\AudioWAV\1022_ITS_FEA_XX.wav,1022,ITS,FEA,fear,XX,train
1022_ITS_HAP_XX.wav,ai-service\data\raw\CREMA-D\AudioWAV\1022_ITS_HAP_XX.wav,1022,ITS,HAP,happy,XX,train
1022_ITS_NEU_XX.wav,ai-service\data\raw\CREMA-D\AudioWAV\1022_ITS_NEU_XX.wav,1022,ITS,NEU,neutral,XX,train
1022_ITS_SAD_XX.wav,ai-service\data\raw\CREMA-D\AudioWAV\1022_ITS_SAD_XX.wav,1022,ITS,SAD,sad,XX,train
1022_IWL_ANG_XX.wav,ai-service\data\raw\CREMA-D\AudioWAV\1022_IWL_ANG_XX.wav,1022,IWL,ANG,angry,XX,train
1022_IWL_DIS_XX.wav,ai-service\data\raw\CREMA-D\AudioWAV\1022_IWL_DIS_XX.wav,1022,IWL,DIS,disgust,XX,train
1022_IWL_FEA_XX.wav,ai-service\data\raw\CREMA-D\AudioWAV\1022_IWL_FEA_XX.wav,1022,IWL,FEA,fear,XX,train
1022_IWL_HAP_XX.wav,ai-service\data\raw\CREMA-D\AudioWAV\1022_IWL_HAP_XX.wav,1022,IWL,HAP,happy,XX,train
1022_IWL_NEU_XX.wav,ai-service\data\raw\CREMA-D\AudioWAV\1022_IWL_NEU_XX.wav,1022,IWL,NEU,neutral,XX,train
1022_IWL_SAD_XX.wav,ai-service\data\raw\CREMA-D\AudioWAV\1022_IWL_SAD_XX.wav,1022,IWL,SAD,sad,XX,train
1022_IWW_ANG_XX.wav,ai-service\data\raw\CREMA-D\AudioWAV\1022_IWW_ANG_XX.wav,1022,IWW,ANG,angry,XX,train
1022_IWW_DIS_XX.wav,ai-service\data\raw\CREMA-D\AudioWAV\1022_IWW_DIS_XX.wav,1022,IWW,DIS,disgust,XX,train
1022_IWW_FEA_XX.wav,ai-service\data\raw\CREMA-D\AudioWAV\1022_IWW_FEA_XX.wav,1022,IWW,FEA,fear,XX,train
1022_IWW_HAP_XX.wav,ai-service\data\raw\CREMA-D\AudioWAV\1022_IWW_HAP_XX.wav,1022,IWW,HAP,happy,XX,train
1022_IWW_NEU_XX.wav,ai-service\data\raw\CREMA-D\AudioWAV\1022_IWW_NEU_XX.wav,1022,IWW,NEU,neutral,XX,train
1022_IWW_SAD_XX.wav,ai-service\data\raw\CREMA-D\AudioWAV\1022_IWW_SAD_XX.wav,1022,IWW,SAD,sad,XX,train
1022_MTI_ANG_XX.wav,ai-service\data\raw\CREMA-D\AudioWAV\1022_MTI_ANG_XX.wav,1022,MTI,ANG,angry,XX,train
1022_MTI_DIS_XX.wav,ai-service\data\raw\CREMA-D\AudioWAV\1022_MTI_DIS_XX.wav,1022,MTI,DIS,disgust,XX,train
1022_MTI_FEA_XX.wav,ai-service\data\raw\CREMA-D\AudioWAV\1022_MTI_FEA_XX.wav,1022,MTI,FEA,fear,XX,train
1022_MTI_HAP_XX.wav,ai-service\data\raw\CREMA-D\AudioWAV\1022_MTI_HAP_XX.wav,1022,MTI,HAP,happy,XX,train
1022_MTI_NEU_XX.wav,ai-service\data\raw\CREMA-D\AudioWAV\1022_MTI_NEU_XX.wav,1022,MTI,NEU,neutral,XX,train
1022_MTI_SAD_XX.wav,ai-service\data\raw\CREMA-D\AudioWAV\1022_MTI_SAD_XX.wav,1022,MTI,SAD,sad,XX,train
1022_TAI_ANG_XX.wav,ai-service\data\raw\CREMA-D\AudioWAV\1022_TAI_ANG_XX.wav,1022,TAI,ANG,angry,XX,train
1022_TAI_DIS_XX.wav,ai-service\data\raw\CREMA-D\AudioWAV\1022_TAI_DIS_XX.wav,1022,TAI,DIS,disgust,XX,train
1022_TAI_FEA_XX.wav,ai-service\data\raw\CREMA-D\AudioWAV\1022_TAI_FEA_XX.wav,1022,TAI,FEA,fear,XX,train
1022_TAI_HAP_XX.wav,ai-service\data\raw\CREMA-D\AudioWAV\1022_TAI_HAP_XX.wav,1022,TAI,HAP,happy,XX,train
1022_TAI_NEU_XX.wav,ai-service\data\raw\CREMA-D\AudioWAV\1022_TAI_NEU_XX.wav,1022,TAI,NEU,neutral,XX,train
1022_TAI_SAD_XX.wav,ai-service\data\raw\CREMA-D\AudioWAV\1022_TAI_SAD_XX.wav,1022,TAI,SAD,sad,XX,train
1022_TIE_ANG_XX.wav,ai-service\data\raw\CREMA-D\AudioWAV\1022_TIE_ANG_XX.wav,1022,TIE,ANG,angry,XX,train
1022_TIE_DIS_XX.wav,ai-service\data\raw\CREMA-D\AudioWAV\1022_TIE_DIS_XX.wav,1022,TIE,DIS,disgust,XX,train
1022_TIE_FEA_XX.wav,ai-service\data\raw\CREMA-D\AudioWAV\1022_TIE_FEA_XX.wav,1022,TIE,FEA,fear,XX,train
1022_TIE_HAP_XX.wav,ai-service\data\raw\CREMA-D\AudioWAV\1022_TIE_HAP_XX.wav,1022,TIE,HAP,happy,XX,train
1022_TIE_NEU_XX.wav,ai-service\data\raw\CREMA-D\AudioWAV\1022_TIE_NEU_XX.wav,1022,TIE,NEU,neutral,XX,train
1022_TIE_SAD_XX.wav,ai-service\data\raw\CREMA-D\AudioWAV\1022_TIE_SAD_XX.wav,1022,TIE,SAD,sad,XX,train
1022_TSI_ANG_XX.wav,ai-service\data\raw\CREMA-D\AudioWAV\1022_TSI_ANG_XX.wav,1022,TSI,ANG,angry,XX,train
1022_TSI_DIS_XX.wav,ai-service\data\raw\CREMA-D\AudioWAV\1022_TSI_DIS_XX.wav,1022,TSI,DIS,disgust,XX,train
1022_TSI_FEA_XX.wav,ai-service\data\raw\CREMA-D\AudioWAV\1022_TSI_FEA_XX.wav,1022,TSI,FEA,fear,XX,train
1022_TSI_HAP_XX.wav,ai-service\data\raw\CREMA-D\AudioWAV\1022_TSI_HAP_XX.wav,1022,TSI,HAP,happy,XX,train
1022_TSI_NEU_XX.wav,ai-service\data\raw\CREMA-D\AudioWAV\1022_TSI_NEU_XX.wav,1022,TSI,NEU,neutral,XX,train
1022_TSI_SAD_XX.wav,ai-service\data\raw\CREMA-D\AudioWAV\1022_TSI_SAD_XX.wav,1022,TSI,SAD,sad,XX,train
1022_WSI_ANG_XX.wav,ai-service\data\raw\CREMA-D\AudioWAV\1022_WSI_ANG_XX.wav,1022,WSI,ANG,angry,XX,train
1022_WSI_DIS_XX.wav,ai-service\data\raw\CREMA-D\AudioWAV\1022_WSI_DIS_XX.wav,1022,WSI,DIS,disgust,XX,train
1022_WSI_FEA_XX.wav,ai-service\data\raw\CREMA-D\AudioWAV\1022_WSI_FEA_XX.wav,1022,WSI,FEA,fear,XX,train
1022_WSI_HAP_XX.wav,ai-service\data\raw\CREMA-D\AudioWAV\1022_WSI_HAP_XX.wav,1022,WSI,HAP,happy,XX,train
1022_WSI_NEU_XX.wav,ai-service\data\raw\CREMA-D\AudioWAV\1022_WSI_NEU_XX.wav,1022,WSI,NEU,neutral,XX,train
1022_WSI_SAD_XX.wav,ai-service\data\raw\CREMA-D\AudioWAV\1022_WSI_SAD_XX.wav,1022,WSI,SAD,sad,XX,train
1023_DFA_ANG_XX.wav,ai-service\data\raw\CREMA-D\AudioWAV\1023_DFA_ANG_XX.wav,1023,DFA,ANG,angry,XX,train
1023_DFA_DIS_XX.wav,ai-service\data\raw\CREMA-D\AudioWAV\1023_DFA_DIS_XX.wav,1023,DFA,DIS,disgust,XX,train
1023_DFA_FEA_XX.wav,ai-service\data\raw\CREMA-D\AudioWAV\1023_DFA_FEA_XX.wav,1023,DFA,FEA,fear,XX,train
1023_DFA_HAP_XX.wav,ai-service\data\raw\CREMA-D\AudioWAV\1023_DFA_HAP_XX.wav,1023,DFA,HAP,happy,XX,train
1023_DFA_NEU_XX.wav,ai-service\data\raw\CREMA-D\AudioWAV\1023_DFA_NEU_XX.wav,1023,DFA,NEU,neutral,XX,train
1023_DFA_SAD_XX.wav,ai-service\data\raw\CREMA-D\AudioWAV\1023_DFA_SAD_XX.wav,1023,DFA,SAD,sad,XX,train
1023_IEO_ANG_HI.wav,ai-service\data\raw\CREMA-D\AudioWAV\1023_IEO_ANG_HI.wav,1023,IEO,ANG,angry,HI,train
1023_IEO_ANG_LO.wav,ai-service\data\raw\CREMA-D\AudioWAV\1023_IEO_ANG_LO.wav,1023,IEO,ANG,angry,LO,train
1023_IEO_ANG_MD.wav,ai-service\data\raw\CREMA-D\AudioWAV\1023_IEO_ANG_MD.wav,1023,IEO,ANG,angry,MD,train
1023_IEO_DIS_HI.wav,ai-service\data\raw\CREMA-D\AudioWAV\1023_IEO_DIS_HI.wav,1023,IEO,DIS,disgust,HI,train
1023_IEO_DIS_LO.wav,ai-service\data\raw\CREMA-D\AudioWAV\1023_IEO_DIS_LO.wav,1023,IEO,DIS,disgust,LO,train
1023_IEO_DIS_MD.wav,ai-service\data\raw\CREMA-D\AudioWAV\1023_IEO_DIS_MD.wav,1023,IEO,DIS,disgust,MD,train
1023_IEO_FEA_HI.wav,ai-service\data\raw\CREMA-D\AudioWAV\1023_IEO_FEA_HI.wav,1023,IEO,FEA,fear,HI,train
1023_IEO_FEA_LO.wav,ai-service\data\raw\CREMA-D\AudioWAV\1023_IEO_FEA_LO.wav,1023,IEO,FEA,fear,LO,train
1023_IEO_FEA_MD.wav,ai-service\data\raw\CREMA-D\AudioWAV\1023_IEO_FEA_MD.wav,1023,IEO,FEA,fear,MD,train
1023_IEO_HAP_HI.wav,ai-service\data\raw\CREMA-D\AudioWAV\1023_IEO_HAP_HI.wav,1023,IEO,HAP,happy,HI,train
1023_IEO_HAP_LO.wav,ai-service\data\raw\CREMA-D\AudioWAV\1023_IEO_HAP_LO.wav,1023,IEO,HAP,happy,LO,train
1023_IEO_HAP_MD.wav,ai-service\data\raw\CREMA-D\AudioWAV\1023_IEO_HAP_MD.wav,1023,IEO,HAP,happy,MD,train
1023_IEO_NEU_XX.wav,ai-service\data\raw\CREMA-D\AudioWAV\1023_IEO_NEU_XX.wav,1023,IEO,NEU,neutral,XX,train
1023_IEO_SAD_HI.wav,ai-service\data\raw\CREMA-D\AudioWAV\1023_IEO_SAD_HI.wav,1023,IEO,SAD,sad,HI,train
1023_IEO_SAD_LO.wav,ai-service\data\raw\CREMA-D\AudioWAV\1023_IEO_SAD_LO.wav,1023,IEO,SAD,sad,LO,train
1023_IEO_SAD_MD.wav,ai-service\data\raw\CREMA-D\AudioWAV\1023_IEO_SAD_MD.wav,1023,IEO,SAD,sad,MD,train
1023_IOM_ANG_XX.wav,ai-service\data\raw\CREMA-D\AudioWAV\1023_IOM_ANG_XX.wav,1023,IOM,ANG,angry,XX,train
1023_IOM_DIS_XX.wav,ai-service\data\raw\CREMA-D\AudioWAV\1023_IOM_DIS_XX.wav,1023,IOM,DIS,disgust,XX,train
1023_IOM_FEA_XX.wav,ai-service\data\raw\CREMA-D\AudioWAV\1023_IOM_FEA_XX.wav,1023,IOM,FEA,fear,XX,train
1023_IOM_HAP_XX.wav,ai-service\data\raw\CREMA-D\AudioWAV\1023_IOM_HAP_XX.wav,1023,IOM,HAP,happy,XX,train
1023_IOM_NEU_XX.wav,ai-service\data\raw\CREMA-D\AudioWAV\1023_IOM_NEU_XX.wav,1023,IOM,NEU,neutral,XX,train
1023_IOM_SAD_XX.wav,ai-service\data\raw\CREMA-D\AudioWAV\1023_IOM_SAD_XX.wav,1023,IOM,SAD,sad,XX,train
1023_ITH_ANG_XX.wav,ai-service\data\raw\CREMA-D\AudioWAV\1023_ITH_ANG_XX.wav,1023,ITH,ANG,angry,XX,train
1023_ITH_DIS_XX.wav,ai-service\data\raw\CREMA-D\AudioWAV\1023_ITH_DIS_XX.wav,1023,ITH,DIS,disgust,XX,train
1023_ITH_FEA_XX.wav,ai-service\data\raw\CREMA-D\AudioWAV\1023_ITH_FEA_XX.wav,1023,ITH,FEA,fear,XX,train
1023_ITH_HAP_XX.wav,ai-service\data\raw\CREMA-D\AudioWAV\1023_ITH_HAP_XX.wav,1023,ITH,HAP,happy,XX,train
1023_ITH_NEU_XX.wav,ai-service\data\raw\CREMA-D\AudioWAV\1023_ITH_NEU_XX.wav,1023,ITH,NEU,neutral,XX,train
1023_ITH_SAD_XX.wav,ai-service\data\raw\CREMA-D\AudioWAV\1023_ITH_SAD_XX.wav,1023,ITH,SAD,sad,XX,train
1023_ITS_ANG_XX.wav,ai-service\data\raw\CREMA-D\AudioWAV\1023_ITS_ANG_XX.wav,1023,ITS,ANG,angry,XX,train
1023_ITS_DIS_XX.wav,ai-service\data\raw\CREMA-D\AudioWAV\1023_ITS_DIS_XX.wav,1023,ITS,DIS,disgust,XX,train
1023_ITS_FEA_XX.wav,ai-service\data\raw\CREMA-D\AudioWAV\1023_ITS_FEA_XX.wav,1023,ITS,FEA,fear,XX,train
1023_ITS_HAP_XX.wav,ai-service\data\raw\CREMA-D\AudioWAV\1023_ITS_HAP_XX.wav,1023,ITS,HAP,happy,XX,train
1023_ITS_NEU_XX.wav,ai-service\data\raw\CREMA-D\AudioWAV\1023_ITS_NEU_XX.wav,1023,ITS,NEU,neutral,XX,train
1023_ITS_SAD_XX.wav,ai-service\data\raw\CREMA-D\AudioWAV\1023_ITS_SAD_XX.wav,1023,ITS,SAD,sad,XX,train
1023_IWL_ANG_XX.wav,ai-service\data\raw\CREMA-D\AudioWAV\1023_IWL_ANG_XX.wav,1023,IWL,ANG,angry,XX,train
1023_IWL_DIS_XX.wav,ai-service\data\raw\CREMA-D\AudioWAV\1023_IWL_DIS_XX.wav,1023,IWL,DIS,disgust,XX,train
1023_IWL_FEA_XX.wav,ai-service\data\raw\CREMA-D\AudioWAV\1023_IWL_FEA_XX.wav,1023,IWL,FEA,fear,XX,train
1023_IWL_HAP_XX.wav,ai-service\data\raw\CREMA-D\AudioWAV\1023_IWL_HAP_XX.wav,1023,IWL,HAP,happy,XX,train
1023_IWL_NEU_XX.wav,ai-service\data\raw\CREMA-D\AudioWAV\1023_IWL_NEU_XX.wav,1023,IWL,NEU,neutral,XX,train
1023_IWL_SAD_XX.wav,ai-service\data\raw\CREMA-D\AudioWAV\1023_IWL_SAD_XX.wav,1023,IWL,SAD,sad,XX,train
1023_IWW_ANG_XX.wav,ai-service\data\raw\CREMA-D\AudioWAV\1023_IWW_ANG_XX.wav,1023,IWW,ANG,angry,XX,train
1023_IWW_DIS_XX.wav,ai-service\data\raw\CREMA-D\AudioWAV\1023_IWW_DIS_XX.wav,1023,IWW,DIS,disgust,XX,train
1023_IWW_FEA_XX.wav,ai-service\data\raw\CREMA-D\AudioWAV\1023_IWW_FEA_XX.wav,1023,IWW,FEA,fear,XX,train
1023_IWW_HAP_XX.wav,ai-service\data\raw\CREMA-D\AudioWAV\1023_IWW_HAP_XX.wav,1023,IWW,HAP,happy,XX,train
1023_IWW_NEU_XX.wav,ai-service\data\raw\CREMA-D\AudioWAV\1023_IWW_NEU_XX.wav,1023,IWW,NEU,neutral,XX,train
1023_IWW_SAD_XX.wav,ai-service\data\raw\CREMA-D\AudioWAV\1023_IWW_SAD_XX.wav,1023,IWW,SAD,sad,XX,train
1023_MTI_ANG_XX.wav,ai-service\data\raw\CREMA-D\AudioWAV\1023_MTI_ANG_XX.wav,1023,MTI,ANG,angry,XX,train
1023_MTI_DIS_XX.wav,ai-service\data\raw\CREMA-D\AudioWAV\1023_MTI_DIS_XX.wav,1023,MTI,DIS,disgust,XX,train
1023_MTI_FEA_XX.wav,ai-service\data\raw\CREMA-D\AudioWAV\1023_MTI_FEA_XX.wav,1023,MTI,FEA,fear,XX,train
1023_MTI_HAP_XX.wav,ai-service\data\raw\CREMA-D\AudioWAV\1023_MTI_HAP_XX.wav,1023,MTI,HAP,happy,XX,train
1023_MTI_NEU_XX.wav,ai-service\data\raw\CREMA-D\AudioWAV\1023_MTI_NEU_XX.wav,1023,MTI,NEU,neutral,XX,train
1023_MTI_SAD_XX.wav,ai-service\data\raw\CREMA-D\AudioWAV\1023_MTI_SAD_XX.wav,1023,MTI,SAD,sad,XX,train
1023_TAI_ANG_XX.wav,ai-service\data\raw\CREMA-D\AudioWAV\1023_TAI_ANG_XX.wav,1023,TAI,ANG,angry,XX,train
1023_TAI_DIS_XX.wav,ai-service\data\raw\CREMA-D\AudioWAV\1023_TAI_DIS_XX.wav,1023,TAI,DIS,disgust,XX,train
1023_TAI_FEA_XX.wav,ai-service\data\raw\CREMA-D\AudioWAV\1023_TAI_FEA_XX.wav,1023,TAI,FEA,fear,XX,train
1023_TAI_HAP_XX.wav,ai-service\data\raw\CREMA-D\AudioWAV\1023_TAI_HAP_XX.wav,1023,TAI,HAP,happy,XX,train
1023_TAI_NEU_XX.wav,ai-service\data\raw\CREMA-D\AudioWAV\1023_TAI_NEU_XX.wav,1023,TAI,NEU,neutral,XX,train
1023_TAI_SAD_XX.wav,ai-service\data\raw\CREMA-D\AudioWAV\1023_TAI_SAD_XX.wav,1023,TAI,SAD,sad,XX,train
1023_TIE_ANG_XX.wav,ai-service\data\raw\CREMA-D\AudioWAV\1023_TIE_ANG_XX.wav,1023,TIE,ANG,angry,XX,train
1023_TIE_DIS_XX.wav,ai-service\data\raw\CREMA-D\AudioWAV\1023_TIE_DIS_XX.wav,1023,TIE,DIS,disgust,XX,train
1023_TIE_FEA_XX.wav,ai-service\data\raw\CREMA-D\AudioWAV\1023_TIE_FEA_XX.wav,1023,TIE,FEA,fear,XX,train
1023_TIE_HAP_XX.wav,ai-service\data\raw\CREMA-D\AudioWAV\1023_TIE_HAP_XX.wav,1023,TIE,HAP,happy,XX,train
1023_TIE_NEU_XX.wav,ai-service\data\raw\CREMA-D\AudioWAV\1023_TIE_NEU_XX.wav,1023,TIE,NEU,neutral,XX,train
1023_TIE_SAD_XX.wav,ai-service\data\raw\CREMA-D\AudioWAV\1023_TIE_SAD_XX.wav,1023,TIE,SAD,sad,XX,train
1023_TSI_ANG_XX.wav,ai-service\data\raw\CREMA-D\AudioWAV\1023_TSI_ANG_XX.wav,1023,TSI,ANG,angry,XX,train
1023_TSI_DIS_XX.wav,ai-service\data\raw\CREMA-D\AudioWAV\1023_TSI_DIS_XX.wav,1023,TSI,DIS,disgust,XX,train
1023_TSI_FEA_XX.wav,ai-service\data\raw\CREMA-D\AudioWAV\1023_TSI_FEA_XX.wav,1023,TSI,FEA,fear,XX,train
1023_TSI_HAP_XX.wav,ai-service\data\raw\CREMA-D\AudioWAV\1023_TSI_HAP_XX.wav,1023,TSI,HAP,happy,XX,train
1023_TSI_NEU_XX.wav,ai-service\data\raw\CREMA-D\AudioWAV\1023_TSI_NEU_XX.wav,1023,TSI,NEU,neutral,XX,train
1023_TSI_SAD_XX.wav,ai-service\data\raw\CREMA-D\AudioWAV\1023_TSI_SAD_XX.wav,1023,TSI,SAD,sad,XX,train
1023_WSI_ANG_XX.wav,ai-service\data\raw\CREMA-D\AudioWAV\1023_WSI_ANG_XX.wav,1023,WSI,ANG,angry,XX,train
1023_WSI_DIS_XX.wav,ai-service\data\raw\CREMA-D\AudioWAV\1023_WSI_DIS_XX.wav,1023,WSI,DIS,disgust,XX,train
1023_WSI_FEA_XX.wav,ai-service\data\raw\CREMA-D\AudioWAV\1023_WSI_FEA_XX.wav,1023,WSI,FEA,fear,XX,train
1023_WSI_HAP_XX.wav,ai-service\data\raw\CREMA-D\AudioWAV\1023_WSI_HAP_XX.wav,1023,WSI,HAP,happy,XX,train
1023_WSI_NEU_XX.wav,ai-service\data\raw\CREMA-D\AudioWAV\1023_WSI_NEU_XX.wav,1023,WSI,NEU,neutral,XX,train
1023_WSI_SAD_XX.wav,ai-service\data\raw\CREMA-D\AudioWAV\1023_WSI_SAD_XX.wav,1023,WSI,SAD,sad,XX,train
1024_DFA_ANG_XX.wav,ai-service\data\raw\CREMA-D\AudioWAV\1024_DFA_ANG_XX.wav,1024,DFA,ANG,angry,XX,train
1024_DFA_DIS_XX.wav,ai-service\data\raw\CREMA-D\AudioWAV\1024_DFA_DIS_XX.wav,1024,DFA,DIS,disgust,XX,train
1024_DFA_FEA_XX.wav,ai-service\data\raw\CREMA-D\AudioWAV\1024_DFA_FEA_XX.wav,1024,DFA,FEA,fear,XX,train
1024_DFA_HAP_XX.wav,ai-service\data\raw\CREMA-D\AudioWAV\1024_DFA_HAP_XX.wav,1024,DFA,HAP,happy,XX,train
1024_DFA_NEU_XX.wav,ai-service\data\raw\CREMA-D\AudioWAV\1024_DFA_NEU_XX.wav,1024,DFA,NEU,neutral,XX,train
1024_DFA_SAD_XX.wav,ai-service\data\raw\CREMA-D\AudioWAV\1024_DFA_SAD_XX.wav,1024,DFA,SAD,sad,XX,train
1024_IEO_ANG_HI.wav,ai-service\data\raw\CREMA-D\AudioWAV\1024_IEO_ANG_HI.wav,1024,IEO,ANG,angry,HI,train
1024_IEO_ANG_LO.wav,ai-service\data\raw\CREMA-D\AudioWAV\1024_IEO_ANG_LO.wav,1024,IEO,ANG,angry,LO,train
1024_IEO_ANG_MD.wav,ai-service\data\raw\CREMA-D\AudioWAV\1024_IEO_ANG_MD.wav,1024,IEO,ANG,angry,MD,train
1024_IEO_DIS_HI.wav,ai-service\data\raw\CREMA-D\AudioWAV\1024_IEO_DIS_HI.wav,1024,IEO,DIS,disgust,HI,train
1024_IEO_DIS_LO.wav,ai-service\data\raw\CREMA-D\AudioWAV\1024_IEO_DIS_LO.wav,1024,IEO,DIS,disgust,LO,train
1024_IEO_DIS_MD.wav,ai-service\data\raw\CREMA-D\AudioWAV\1024_IEO_DIS_MD.wav,1024,IEO,DIS,disgust,MD,train
1024_IEO_FEA_HI.wav,ai-service\data\raw\CREMA-D\AudioWAV\1024_IEO_FEA_HI.wav,1024,IEO,FEA,fear,HI,train
1024_IEO_FEA_LO.wav,ai-service\data\raw\CREMA-D\AudioWAV\1024_IEO_FEA_LO.wav,1024,IEO,FEA,fear,LO,train
1024_IEO_FEA_MD.wav,ai-service\data\raw\CREMA-D\AudioWAV\1024_IEO_FEA_MD.wav,1024,IEO,FEA,fear,MD,train
1024_IEO_HAP_HI.wav,ai-service\data\raw\CREMA-D\AudioWAV\1024_IEO_HAP_HI.wav,1024,IEO,HAP,happy,HI,train
1024_IEO_HAP_LO.wav,ai-service\data\raw\CREMA-D\AudioWAV\1024_IEO_HAP_LO.wav,1024,IEO,HAP,happy,LO,train
1024_IEO_HAP_MD.wav,ai-service\data\raw\CREMA-D\AudioWAV\1024_IEO_HAP_MD.wav,1024,IEO,HAP,happy,MD,train
1024_IEO_NEU_XX.wav,ai-service\data\raw\CREMA-D\AudioWAV\1024_IEO_NEU_XX.wav,1024,IEO,NEU,neutral,XX,train
1024_IEO_SAD_HI.wav,ai-service\data\raw\CREMA-D\AudioWAV\1024_IEO_SAD_HI.wav,1024,IEO,SAD,sad,HI,train
1024_IEO_SAD_LO.wav,ai-service\data\raw\CREMA-D\AudioWAV\1024_IEO_SAD_LO.wav,1024,IEO,SAD,sad,LO,train
1024_IEO_SAD_MD.wav,ai-service\data\raw\CREMA-D\AudioWAV\1024_IEO_SAD_MD.wav,1024,IEO,SAD,sad,MD,train
1024_IOM_ANG_XX.wav,ai-service\data\raw\CREMA-D\AudioWAV\1024_IOM_ANG_XX.wav,1024,IOM,ANG,angry,XX,train
1024_IOM_DIS_XX.wav,ai-service\data\raw\CREMA-D\AudioWAV\1024_IOM_DIS_XX.wav,1024,IOM,DIS,disgust,XX,train
1024_IOM_FEA_XX.wav,ai-service\data\raw\CREMA-D\AudioWAV\1024_IOM_FEA_XX.wav,1024,IOM,FEA,fear,XX,train
1024_IOM_HAP_XX.wav,ai-service\data\raw\CREMA-D\AudioWAV\1024_IOM_HAP_XX.wav,1024,IOM,HAP,happy,XX,train
1024_IOM_NEU_XX.wav,ai-service\data\raw\CREMA-D\AudioWAV\1024_IOM_NEU_XX.wav,1024,IOM,NEU,neutral,XX,train
1024_IOM_SAD_XX.wav,ai-service\data\raw\CREMA-D\AudioWAV\1024_IOM_SAD_XX.wav,1024,IOM,SAD,sad,XX,train
1024_ITH_ANG_XX.wav,ai-service\data\raw\CREMA-D\AudioWAV\1024_ITH_ANG_XX.wav,1024,ITH,ANG,angry,XX,train
1024_ITH_DIS_XX.wav,ai-service\data\raw\CREMA-D\AudioWAV\1024_ITH_DIS_XX.wav,1024,ITH,DIS,disgust,XX,train
1024_ITH_FEA_XX.wav,ai-service\data\raw\CREMA-D\AudioWAV\1024_ITH_FEA_XX.wav,1024,ITH,FEA,fear,XX,train
1024_ITH_HAP_XX.wav,ai-service\data\raw\CREMA-D\AudioWAV\1024_ITH_HAP_XX.wav,1024,ITH,HAP,happy,XX,train
1024_ITH_NEU_XX.wav,ai-service\data\raw\CREMA-D\AudioWAV\1024_ITH_NEU_XX.wav,1024,ITH,NEU,neutral,XX,train
1024_ITH_SAD_XX.wav,ai-service\data\raw\CREMA-D\AudioWAV\1024_ITH_SAD_XX.wav,1024,ITH,SAD,sad,XX,train
1024_ITS_ANG_XX.wav,ai-service\data\raw\CREMA-D\AudioWAV\1024_ITS_ANG_XX.wav,1024,ITS,ANG,angry,XX,train
1024_ITS_DIS_XX.wav,ai-service\data\raw\CREMA-D\AudioWAV\1024_ITS_DIS_XX.wav,1024,ITS,DIS,disgust,XX,train
1024_ITS_FEA_XX.wav,ai-service\data\raw\CREMA-D\AudioWAV\1024_ITS_FEA_XX.wav,1024,ITS,FEA,fear,XX,train
1024_ITS_HAP_XX.wav,ai-service\data\raw\CREMA-D\AudioWAV\1024_ITS_HAP_XX.wav,1024,ITS,HAP,happy,XX,train
1024_ITS_NEU_XX.wav,ai-service\data\raw\CREMA-D\AudioWAV\1024_ITS_NEU_XX.wav,1024,ITS,NEU,neutral,XX,train
1024_ITS_SAD_XX.wav,ai-service\data\raw\CREMA-D\AudioWAV\1024_ITS_SAD_XX.wav,1024,ITS,SAD,sad,XX,train
1024_IWL_ANG_XX.wav,ai-service\data\raw\CREMA-D\AudioWAV\1024_IWL_ANG_XX.wav,1024,IWL,ANG,angry,XX,train
1024_IWL_DIS_XX.wav,ai-service\data\raw\CREMA-D\AudioWAV\1024_IWL_DIS_XX.wav,1024,IWL,DIS,disgust,XX,train
1024_IWL_FEA_XX.wav,ai-service\data\raw\CREMA-D\AudioWAV\1024_IWL_FEA_XX.wav,1024,IWL,FEA,fear,XX,train
1024_IWL_HAP_XX.wav,ai-service\data\raw\CREMA-D\AudioWAV\1024_IWL_HAP_XX.wav,1024,IWL,HAP,happy,XX,train
1024_IWL_NEU_XX.wav,ai-service\data\raw\CREMA-D\AudioWAV\1024_IWL_NEU_XX.wav,1024,IWL,NEU,neutral,XX,train
1024_IWL_SAD_XX.wav,ai-service\data\raw\CREMA-D\AudioWAV\1024_IWL_SAD_XX.wav,1024,IWL,SAD,sad,XX,train
1024_IWW_ANG_XX.wav,ai-service\data\raw\CREMA-D\AudioWAV\1024_IWW_ANG_XX.wav,1024,IWW,ANG,angry,XX,train
1024_IWW_DIS_XX.wav,ai-service\data\raw\CREMA-D\AudioWAV\1024_IWW_DIS_XX.wav,1024,IWW,DIS,disgust,XX,train
1024_IWW_FEA_XX.wav,ai-service\data\raw\CREMA-D\AudioWAV\1024_IWW_FEA_XX.wav,1024,IWW,FEA,fear,XX,train
1024_IWW_HAP_XX.wav,ai-service\data\raw\CREMA-D\AudioWAV\1024_IWW_HAP_XX.wav,1024,IWW,HAP,happy,XX,train
1024_IWW_NEU_XX.wav,ai-service\data\raw\CREMA-D\AudioWAV\1024_IWW_NEU_XX.wav,1024,IWW,NEU,neutral,XX,train
1024_IWW_SAD_XX.wav,ai-service\data\raw\CREMA-D\AudioWAV\1024_IWW_SAD_XX.wav,1024,IWW,SAD,sad,XX,train
1024_MTI_ANG_XX.wav,ai-service\data\raw\CREMA-D\AudioWAV\1024_MTI_ANG_XX.wav,1024,MTI,ANG,angry,XX,train
1024_MTI_DIS_XX.wav,ai-service\data\raw\CREMA-D\AudioWAV\1024_MTI_DIS_XX.wav,1024,MTI,DIS,disgust,XX,train
1024_MTI_FEA_XX.wav,ai-service\data\raw\CREMA-D\AudioWAV\1024_MTI_FEA_XX.wav,1024,MTI,FEA,fear,XX,train
1024_MTI_HAP_XX.wav,ai-service\data\raw\CREMA-D\AudioWAV\1024_MTI_HAP_XX.wav,1024,MTI,HAP,happy,XX,train
1024_MTI_NEU_XX.wav,ai-service\data\raw\CREMA-D\AudioWAV\1024_MTI_NEU_XX.wav,1024,MTI,NEU,neutral,XX,train
1024_MTI_SAD_XX.wav,ai-service\data\raw\CREMA-D\AudioWAV\1024_MTI_SAD_XX.wav,1024,MTI,SAD,sad,XX,train
1024_TAI_ANG_XX.wav,ai-service\data\raw\CREMA-D\AudioWAV\1024_TAI_ANG_XX.wav,1024,TAI,ANG,angry,XX,train
1024_TAI_DIS_XX.wav,ai-service\data\raw\CREMA-D\AudioWAV\1024_TAI_DIS_XX.wav,1024,TAI,DIS,disgust,XX,train
1024_TAI_FEA_XX.wav,ai-service\data\raw\CREMA-D\AudioWAV\1024_TAI_FEA_XX.wav,1024,TAI,FEA,fear,XX,train
1024_TAI_HAP_XX.wav,ai-service\data\raw\CREMA-D\AudioWAV\1024_TAI_HAP_XX.wav,1024,TAI,HAP,happy,XX,train
1024_TAI_NEU_XX.wav,ai-service\data\raw\CREMA-D\AudioWAV\1024_TAI_NEU_XX.wav,1024,TAI,NEU,neutral,XX,train
1024_TAI_SAD_XX.wav,ai-service\data\raw\CREMA-D\AudioWAV\1024_TAI_SAD_XX.wav,1024,TAI,SAD,sad,XX,train
1024_TIE_ANG_XX.wav,ai-service\data\raw\CREMA-D\AudioWAV\1024_TIE_ANG_XX.wav,1024,TIE,ANG,angry,XX,train
1024_TIE_DIS_XX.wav,ai-service\data\raw\CREMA-D\AudioWAV\1024_TIE_DIS_XX.wav,1024,TIE,DIS,disgust,XX,train
1024_TIE_FEA_XX.wav,ai-service\data\raw\CREMA-D\AudioWAV\1024_TIE_FEA_XX.wav,1024,TIE,FEA,fear,XX,train
1024_TIE_HAP_XX.wav,ai-service\data\raw\CREMA-D\AudioWAV\1024_TIE_HAP_XX.wav,1024,TIE,HAP,happy,XX,train
1024_TIE_NEU_XX.wav,ai-service\data\raw\CREMA-D\AudioWAV\1024_TIE_NEU_XX.wav,1024,TIE,NEU,neutral,XX,train
1024_TIE_SAD_XX.wav,ai-service\data\raw\CREMA-D\AudioWAV\1024_TIE_SAD_XX.wav,1024,TIE,SAD,sad,XX,train
1024_TSI_ANG_XX.wav,ai-service\data\raw\CREMA-D\AudioWAV\1024_TSI_ANG_XX.wav,1024,TSI,ANG,angry,XX,train
1024_TSI_DIS_XX.wav,ai-service\data\raw\CREMA-D\AudioWAV\1024_TSI_DIS_XX.wav,1024,TSI,DIS,disgust,XX,train
1024_TSI_FEA_XX.wav,ai-service\data\raw\CREMA-D\AudioWAV\1024_TSI_FEA_XX.wav,1024,TSI,FEA,fear,XX,train
1024_TSI_HAP_XX.wav,ai-service\data\raw\CREMA-D\AudioWAV\1024_TSI_HAP_XX.wav,1024,TSI,HAP,happy,XX,train
1024_TSI_NEU_XX.wav,ai-service\data\raw\CREMA-D\AudioWAV\1024_TSI_NEU_XX.wav,1024,TSI,NEU,neutral,XX,train
1024_TSI_SAD_XX.wav,ai-service\data\raw\CREMA-D\AudioWAV\1024_TSI_SAD_XX.wav,1024,TSI,SAD,sad,XX,train
1024_WSI_ANG_XX.wav,ai-service\data\raw\CREMA-D\AudioWAV\1024_WSI_ANG_XX.wav,1024,WSI,ANG,angry,XX,train
1024_WSI_DIS_XX.wav,ai-service\data\raw\CREMA-D\AudioWAV\1024_WSI_DIS_XX.wav,1024,WSI,DIS,disgust,XX,train
1024_WSI_FEA_XX.wav,ai-service\data\raw\CREMA-D\AudioWAV\1024_WSI_FEA_XX.wav,1024,WSI,FEA,fear,XX,train
1024_WSI_HAP_XX.wav,ai-service\data\raw\CREMA-D\AudioWAV\1024_WSI_HAP_XX.wav,1024,WSI,HAP,happy,XX,train
1024_WSI_NEU_XX.wav,ai-service\data\raw\CREMA-D\AudioWAV\1024_WSI_NEU_XX.wav,1024,WSI,NEU,neutral,XX,train
1024_WSI_SAD_XX.wav,ai-service\data\raw\CREMA-D\AudioWAV\1024_WSI_SAD_XX.wav,1024,WSI,SAD,sad,XX,train
1025_DFA_ANG_XX.wav,ai-service\data\raw\CREMA-D\AudioWAV\1025_DFA_ANG_XX.wav,1025,DFA,ANG,angry,XX,train
1025_DFA_DIS_XX.wav,ai-service\data\raw\CREMA-D\AudioWAV\1025_DFA_DIS_XX.wav,1025,DFA,DIS,disgust,XX,train
1025_DFA_FEA_XX.wav,ai-service\data\raw\CREMA-D\AudioWAV\1025_DFA_FEA_XX.wav,1025,DFA,FEA,fear,XX,train
1025_DFA_HAP_XX.wav,ai-service\data\raw\CREMA-D\AudioWAV\1025_DFA_HAP_XX.wav,1025,DFA,HAP,happy,XX,train
1025_DFA_NEU_XX.wav,ai-service\data\raw\CREMA-D\AudioWAV\1025_DFA_NEU_XX.wav,1025,DFA,NEU,neutral,XX,train
1025_DFA_SAD_XX.wav,ai-service\data\raw\CREMA-D\AudioWAV\1025_DFA_SAD_XX.wav,1025,DFA,SAD,sad,XX,train
1025_IEO_ANG_HI.wav,ai-service\data\raw\CREMA-D\AudioWAV\1025_IEO_ANG_HI.wav,1025,IEO,ANG,angry,HI,train
1025_IEO_ANG_LO.wav,ai-service\data\raw\CREMA-D\AudioWAV\1025_IEO_ANG_LO.wav,1025,IEO,ANG,angry,LO,train
1025_IEO_ANG_MD.wav,ai-service\data\raw\CREMA-D\AudioWAV\1025_IEO_ANG_MD.wav,1025,IEO,ANG,angry,MD,train
1025_IEO_DIS_HI.wav,ai-service\data\raw\CREMA-D\AudioWAV\1025_IEO_DIS_HI.wav,1025,IEO,DIS,disgust,HI,train
1025_IEO_DIS_LO.wav,ai-service\data\raw\CREMA-D\AudioWAV\1025_IEO_DIS_LO.wav,1025,IEO,DIS,disgust,LO,train
1025_IEO_DIS_MD.wav,ai-service\data\raw\CREMA-D\AudioWAV\1025_IEO_DIS_MD.wav,1025,IEO,DIS,disgust,MD,train
1025_IEO_FEA_HI.wav,ai-service\data\raw\CREMA-D\AudioWAV\1025_IEO_FEA_HI.wav,1025,IEO,FEA,fear,HI,train
1025_IEO_FEA_LO.wav,ai-service\data\raw\CREMA-D\AudioWAV\1025_IEO_FEA_LO.wav,1025,IEO,FEA,fear,LO,train
1025_IEO_FEA_MD.wav,ai-service\data\raw\CREMA-D\AudioWAV\1025_IEO_FEA_MD.wav,1025,IEO,FEA,fear,MD,train
1025_IEO_HAP_HI.wav,ai-service\data\raw\CREMA-D\AudioWAV\1025_IEO_HAP_HI.wav,1025,IEO,HAP,happy,HI,train
1025_IEO_HAP_LO.wav,ai-service\data\raw\CREMA-D\AudioWAV\1025_IEO_HAP_LO.wav,1025,IEO,HAP,happy,LO,train
1025_IEO_HAP_MD.wav,ai-service\data\raw\CREMA-D\AudioWAV\1025_IEO_HAP_MD.wav,1025,IEO,HAP,happy,MD,train
1025_IEO_NEU_XX.wav,ai-service\data\raw\CREMA-D\AudioWAV\1025_IEO_NEU_XX.wav,1025,IEO,NEU,neutral,XX,train
1025_IEO_SAD_HI.wav,ai-service\data\raw\CREMA-D\AudioWAV\1025_IEO_SAD_HI.wav,1025,IEO,SAD,sad,HI,train
1025_IEO_SAD_LO.wav,ai-service\data\raw\CREMA-D\AudioWAV\1025_IEO_SAD_LO.wav,1025,IEO,SAD,sad,LO,train
1025_IEO_SAD_MD.wav,ai-service\data\raw\CREMA-D\AudioWAV\1025_IEO_SAD_MD.wav,1025,IEO,SAD,sad,MD,train
1025_IOM_ANG_XX.wav,ai-service\data\raw\CREMA-D\AudioWAV\1025_IOM_ANG_XX.wav,1025,IOM,ANG,angry,XX,train
1025_IOM_DIS_XX.wav,ai-service\data\raw\CREMA-D\AudioWAV\1025_IOM_DIS_XX.wav,1025,IOM,DIS,disgust,XX,train
1025_IOM_FEA_XX.wav,ai-service\data\raw\CREMA-D\AudioWAV\1025_IOM_FEA_XX.wav,1025,IOM,FEA,fear,XX,train
1025_IOM_HAP_XX.wav,ai-service\data\raw\CREMA-D\AudioWAV\1025_IOM_HAP_XX.wav,1025,IOM,HAP,happy,XX,train
1025_IOM_NEU_XX.wav,ai-service\data\raw\CREMA-D\AudioWAV\1025_IOM_NEU_XX.wav,1025,IOM,NEU,neutral,XX,train
1025_IOM_SAD_XX.wav,ai-service\data\raw\CREMA-D\AudioWAV\1025_IOM_SAD_XX.wav,1025,IOM,SAD,sad,XX,train
1025_ITH_ANG_XX.wav,ai-service\data\raw\CREMA-D\AudioWAV\1025_ITH_ANG_XX.wav,1025,ITH,ANG,angry,XX,train
1025_ITH_DIS_XX.wav,ai-service\data\raw\CREMA-D\AudioWAV\1025_ITH_DIS_XX.wav,1025,ITH,DIS,disgust,XX,train
1025_ITH_FEA_XX.wav,ai-service\data\raw\CREMA-D\AudioWAV\1025_ITH_FEA_XX.wav,1025,ITH,FEA,fear,XX,train
1025_ITH_HAP_XX.wav,ai-service\data\raw\CREMA-D\AudioWAV\1025_ITH_HAP_XX.wav,1025,ITH,HAP,happy,XX,train
1025_ITH_NEU_XX.wav,ai-service\data\raw\CREMA-D\AudioWAV\1025_ITH_NEU_XX.wav,1025,ITH,NEU,neutral,XX,train
1025_ITH_SAD_XX.wav,ai-service\data\raw\CREMA-D\AudioWAV\1025_ITH_SAD_XX.wav,1025,ITH,SAD,sad,XX,train
1025_ITS_ANG_XX.wav,ai-service\data\raw\CREMA-D\AudioWAV\1025_ITS_ANG_XX.wav,1025,ITS,ANG,angry,XX,train
1025_ITS_DIS_XX.wav,ai-service\data\raw\CREMA-D\AudioWAV\1025_ITS_DIS_XX.wav,1025,ITS,DIS,disgust,XX,train
1025_ITS_FEA_XX.wav,ai-service\data\raw\CREMA-D\AudioWAV\1025_ITS_FEA_XX.wav,1025,ITS,FEA,fear,XX,train
1025_ITS_HAP_XX.wav,ai-service\data\raw\CREMA-D\AudioWAV\1025_ITS_HAP_XX.wav,1025,ITS,HAP,happy,XX,train
1025_ITS_NEU_XX.wav,ai-service\data\raw\CREMA-D\AudioWAV\1025_ITS_NEU_XX.wav,1025,ITS,NEU,neutral,XX,train
1025_ITS_SAD_XX.wav,ai-service\data\raw\CREMA-D\AudioWAV\1025_ITS_SAD_XX.wav,1025,ITS,SAD,sad,XX,train
1025_IWL_ANG_XX.wav,ai-service\data\raw\CREMA-D\AudioWAV\1025_IWL_ANG_XX.wav,1025,IWL,ANG,angry,XX,train
1025_IWL_DIS_XX.wav,ai-service\data\raw\CREMA-D\AudioWAV\1025_IWL_DIS_XX.wav,1025,IWL,DIS,disgust,XX,train
1025_IWL_FEA_XX.wav,ai-service\data\raw\CREMA-D\AudioWAV\1025_IWL_FEA_XX.wav,1025,IWL,FEA,fear,XX,train
1025_IWL_HAP_XX.wav,ai-service\data\raw\CREMA-D\AudioWAV\1025_IWL_HAP_XX.wav,1025,IWL,HAP,happy,XX,train
1025_IWL_NEU_XX.wav,ai-service\data\raw\CREMA-D\AudioWAV\1025_IWL_NEU_XX.wav,1025,IWL,NEU,neutral,XX,train
1025_IWL_SAD_XX.wav,ai-service\data\raw\CREMA-D\AudioWAV\1025_IWL_SAD_XX.wav,1025,IWL,SAD,sad,XX,train
1025_IWW_ANG_XX.wav,ai-service\data\raw\CREMA-D\AudioWAV\1025_IWW_ANG_XX.wav,1025,IWW,ANG,angry,XX,train
1025_IWW_DIS_XX.wav,ai-service\data\raw\CREMA-D\AudioWAV\1025_IWW_DIS_XX.wav,1025,IWW,DIS,disgust,XX,train
1025_IWW_FEA_XX.wav,ai-service\data\raw\CREMA-D\AudioWAV\1025_IWW_FEA_XX.wav,1025,IWW,FEA,fear,XX,train
1025_IWW_HAP_XX.wav,ai-service\data\raw\CREMA-D\AudioWAV\1025_IWW_HAP_XX.wav,1025,IWW,HAP,happy,XX,train
1025_IWW_NEU_XX.wav,ai-service\data\raw\CREMA-D\AudioWAV\1025_IWW_NEU_XX.wav,1025,IWW,NEU,neutral,XX,train
1025_IWW_SAD_XX.wav,ai-service\data\raw\CREMA-D\AudioWAV\1025_IWW_SAD_XX.wav,1025,IWW,SAD,sad,XX,train
1025_MTI_ANG_XX.wav,ai-service\data\raw\CREMA-D\AudioWAV\1025_MTI_ANG_XX.wav,1025,MTI,ANG,angry,XX,train
1025_MTI_DIS_XX.wav,ai-service\data\raw\CREMA-D\AudioWAV\1025_MTI_DIS_XX.wav,1025,MTI,DIS,disgust,XX,train
1025_MTI_FEA_XX.wav,ai-service\data\raw\CREMA-D\AudioWAV\1025_MTI_FEA_XX.wav,1025,MTI,FEA,fear,XX,train
1025_MTI_HAP_XX.wav,ai-service\data\raw\CREMA-D\AudioWAV\1025_MTI_HAP_XX.wav,1025,MTI,HAP,happy,XX,train
1025_MTI_NEU_XX.wav,ai-service\data\raw\CREMA-D\AudioWAV\1025_MTI_NEU_XX.wav,1025,MTI,NEU,neutral,XX,train
1025_MTI_SAD_XX.wav,ai-service\data\raw\CREMA-D\AudioWAV\1025_MTI_SAD_XX.wav,1025,MTI,SAD,sad,XX,train
1025_TAI_ANG_XX.wav,ai-service\data\raw\CREMA-D\AudioWAV\1025_TAI_ANG_XX.wav,1025,TAI,ANG,angry,XX,train
1025_TAI_DIS_XX.wav,ai-service\data\raw\CREMA-D\AudioWAV\1025_TAI_DIS_XX.wav,1025,TAI,DIS,disgust,XX,train
1025_TAI_FEA_XX.wav,ai-service\data\raw\CREMA-D\AudioWAV\1025_TAI_FEA_XX.wav,1025,TAI,FEA,fear,XX,train
1025_TAI_HAP_XX.wav,ai-service\data\raw\CREMA-D\AudioWAV\1025_TAI_HAP_XX.wav,1025,TAI,HAP,happy,XX,train
1025_TAI_NEU_XX.wav,ai-service\data\raw\CREMA-D\AudioWAV\1025_TAI_NEU_XX.wav,1025,TAI,NEU,neutral,XX,train
1025_TAI_SAD_XX.wav,ai-service\data\raw\CREMA-D\AudioWAV\1025_TAI_SAD_XX.wav,1025,TAI,SAD,sad,XX,train
1025_TIE_ANG_XX.wav,ai-service\data\raw\CREMA-D\AudioWAV\1025_TIE_ANG_XX.wav,1025,TIE,ANG,angry,XX,train
1025_TIE_DIS_XX.wav,ai-service\data\raw\CREMA-D\AudioWAV\1025_TIE_DIS_XX.wav,1025,TIE,DIS,disgust,XX,train
1025_TIE_FEA_XX.wav,ai-service\data\raw\CREMA-D\AudioWAV\1025_TIE_FEA_XX.wav,1025,TIE,FEA,fear,XX,train
1025_TIE_HAP_XX.wav,ai-service\data\raw\CREMA-D\AudioWAV\1025_TIE_HAP_XX.wav,1025,TIE,HAP,happy,XX,train
1025_TIE_NEU_XX.wav,ai-service\data\raw\CREMA-D\AudioWAV\1025_TIE_NEU_XX.wav,1025,TIE,NEU,neutral,XX,train
1025_TIE_SAD_XX.wav,ai-service\data\raw\CREMA-D\AudioWAV\1025_TIE_SAD_XX.wav,1025,TIE,SAD,sad,XX,train
1025_TSI_ANG_XX.wav,ai-service\data\raw\CREMA-D\AudioWAV\1025_TSI_ANG_XX.wav,1025,TSI,ANG,angry,XX,train
1025_TSI_DIS_XX.wav,ai-service\data\raw\CREMA-D\AudioWAV\1025_TSI_DIS_XX.wav,1025,TSI,DIS,disgust,XX,train
1025_TSI_FEA_XX.wav,ai-service\data\raw\CREMA-D\AudioWAV\1025_TSI_FEA_XX.wav,1025,TSI,FEA,fear,XX,train
1025_TSI_HAP_XX.wav,ai-service\data\raw\CREMA-D\AudioWAV\1025_TSI_HAP_XX.wav,1025,TSI,HAP,happy,XX,train
1025_TSI_NEU_XX.wav,ai-service\data\raw\CREMA-D\AudioWAV\1025_TSI_NEU_XX.wav,1025,TSI,NEU,neutral,XX,train
1025_TSI_SAD_XX.wav,ai-service\data\raw\CREMA-D\AudioWAV\1025_TSI_SAD_XX.wav,1025,TSI,SAD,sad,XX,train
1025_WSI_ANG_XX.wav,ai-service\data\raw\CREMA-D\AudioWAV\1025_WSI_ANG_XX.wav,1025,WSI,ANG,angry,XX,train
1025_WSI_DIS_XX.wav,ai-service\data\raw\CREMA-D\AudioWAV\1025_WSI_DIS_XX.wav,1025,WSI,DIS,disgust,XX,train
1025_WSI_FEA_XX.wav,ai-service\data\raw\CREMA-D\AudioWAV\1025_WSI_FEA_XX.wav,1025,WSI,FEA,fear,XX,train
1025_WSI_HAP_XX.wav,ai-service\data\raw\CREMA-D\AudioWAV\1025_WSI_HAP_XX.wav,1025,WSI,HAP,happy,XX,train
1025_WSI_NEU_XX.wav,ai-service\data\raw\CREMA-D\AudioWAV\1025_WSI_NEU_XX.wav,1025,WSI,NEU,neutral,XX,train
1025_WSI_SAD_XX.wav,ai-service\data\raw\CREMA-D\AudioWAV\1025_WSI_SAD_XX.wav,1025,WSI,SAD,sad,XX,train
1027_DFA_ANG_XX.wav,ai-service\data\raw\CREMA-D\AudioWAV\1027_DFA_ANG_XX.wav,1027,DFA,ANG,angry,XX,train
1027_DFA_DIS_XX.wav,ai-service\data\raw\CREMA-D\AudioWAV\1027_DFA_DIS_XX.wav,1027,DFA,DIS,disgust,XX,train
1027_DFA_FEA_XX.wav,ai-service\data\raw\CREMA-D\AudioWAV\1027_DFA_FEA_XX.wav,1027,DFA,FEA,fear,XX,train
1027_DFA_HAP_XX.wav,ai-service\data\raw\CREMA-D\AudioWAV\1027_DFA_HAP_XX.wav,1027,DFA,HAP,happy,XX,train
1027_DFA_NEU_XX.wav,ai-service\data\raw\CREMA-D\AudioWAV\1027_DFA_NEU_XX.wav,1027,DFA,NEU,neutral,XX,train
1027_DFA_SAD_XX.wav,ai-service\data\raw\CREMA-D\AudioWAV\1027_DFA_SAD_XX.wav,1027,DFA,SAD,sad,XX,train
1027_IEO_ANG_HI.wav,ai-service\data\raw\CREMA-D\AudioWAV\1027_IEO_ANG_HI.wav,1027,IEO,ANG,angry,HI,train
1027_IEO_ANG_LO.wav,ai-service\data\raw\CREMA-D\AudioWAV\1027_IEO_ANG_LO.wav,1027,IEO,ANG,angry,LO,train
1027_IEO_ANG_MD.wav,ai-service\data\raw\CREMA-D\AudioWAV\1027_IEO_ANG_MD.wav,1027,IEO,ANG,angry,MD,train
1027_IEO_DIS_HI.wav,ai-service\data\raw\CREMA-D\AudioWAV\1027_IEO_DIS_HI.wav,1027,IEO,DIS,disgust,HI,train
1027_IEO_DIS_LO.wav,ai-service\data\raw\CREMA-D\AudioWAV\1027_IEO_DIS_LO.wav,1027,IEO,DIS,disgust,LO,train
1027_IEO_DIS_MD.wav,ai-service\data\raw\CREMA-D\AudioWAV\1027_IEO_DIS_MD.wav,1027,IEO,DIS,disgust,MD,train
1027_IEO_FEA_HI.wav,ai-service\data\raw\CREMA-D\AudioWAV\1027_IEO_FEA_HI.wav,1027,IEO,FEA,fear,HI,train
1027_IEO_FEA_LO.wav,ai-service\data\raw\CREMA-D\AudioWAV\1027_IEO_FEA_LO.wav,1027,IEO,FEA,fear,LO,train
1027_IEO_FEA_MD.wav,ai-service\data\raw\CREMA-D\AudioWAV\1027_IEO_FEA_MD.wav,1027,IEO,FEA,fear,MD,train
1027_IEO_HAP_HI.wav,ai-service\data\raw\CREMA-D\AudioWAV\1027_IEO_HAP_HI.wav,1027,IEO,HAP,happy,HI,train
1027_IEO_HAP_LO.wav,ai-service\data\raw\CREMA-D\AudioWAV\1027_IEO_HAP_LO.wav,1027,IEO,HAP,happy,LO,train
1027_IEO_HAP_MD.wav,ai-service\data\raw\CREMA-D\AudioWAV\1027_IEO_HAP_MD.wav,1027,IEO,HAP,happy,MD,train
1027_IEO_NEU_XX.wav,ai-service\data\raw\CREMA-D\AudioWAV\1027_IEO_NEU_XX.wav,1027,IEO,NEU,neutral,XX,train
1027_IEO_SAD_HI.wav,ai-service\data\raw\CREMA-D\AudioWAV\1027_IEO_SAD_HI.wav,1027,IEO,SAD,sad,HI,train
1027_IEO_SAD_LO.wav,ai-service\data\raw\CREMA-D\AudioWAV\1027_IEO_SAD_LO.wav,1027,IEO,SAD,sad,LO,train
1027_IEO_SAD_MD.wav,ai-service\data\raw\CREMA-D\AudioWAV\1027_IEO_SAD_MD.wav,1027,IEO,SAD,sad,MD,train
1027_IOM_ANG_XX.wav,ai-service\data\raw\CREMA-D\AudioWAV\1027_IOM_ANG_XX.wav,1027,IOM,ANG,angry,XX,train
1027_IOM_DIS_XX.wav,ai-service\data\raw\CREMA-D\AudioWAV\1027_IOM_DIS_XX.wav,1027,IOM,DIS,disgust,XX,train
1027_IOM_FEA_XX.wav,ai-service\data\raw\CREMA-D\AudioWAV\1027_IOM_FEA_XX.wav,1027,IOM,FEA,fear,XX,train
1027_IOM_HAP_XX.wav,ai-service\data\raw\CREMA-D\AudioWAV\1027_IOM_HAP_XX.wav,1027,IOM,HAP,happy,XX,train
1027_IOM_NEU_XX.wav,ai-service\data\raw\CREMA-D\AudioWAV\1027_IOM_NEU_XX.wav,1027,IOM,NEU,neutral,XX,train
1027_IOM_SAD_XX.wav,ai-service\data\raw\CREMA-D\AudioWAV\1027_IOM_SAD_XX.wav,1027,IOM,SAD,sad,XX,train
1027_ITH_ANG_XX.wav,ai-service\data\raw\CREMA-D\AudioWAV\1027_ITH_ANG_XX.wav,1027,ITH,ANG,angry,XX,train
1027_ITH_DIS_XX.wav,ai-service\data\raw\CREMA-D\AudioWAV\1027_ITH_DIS_XX.wav,1027,ITH,DIS,disgust,XX,train
1027_ITH_FEA_XX.wav,ai-service\data\raw\CREMA-D\AudioWAV\1027_ITH_FEA_XX.wav,1027,ITH,FEA,fear,XX,train
1027_ITH_HAP_XX.wav,ai-service\data\raw\CREMA-D\AudioWAV\1027_ITH_HAP_XX.wav,1027,ITH,HAP,happy,XX,train
1027_ITH_NEU_XX.wav,ai-service\data\raw\CREMA-D\AudioWAV\1027_ITH_NEU_XX.wav,1027,ITH,NEU,neutral,XX,train
1027_ITH_SAD_XX.wav,ai-service\data\raw\CREMA-D\AudioWAV\1027_ITH_SAD_XX.wav,1027,ITH,SAD,sad,XX,train
1027_ITS_ANG_XX.wav,ai-service\data\raw\CREMA-D\AudioWAV\1027_ITS_ANG_XX.wav,1027,ITS,ANG,angry,XX,train
1027_ITS_DIS_XX.wav,ai-service\data\raw\CREMA-D\AudioWAV\1027_ITS_DIS_XX.wav,1027,ITS,DIS,disgust,XX,train
1027_ITS_FEA_XX.wav,ai-service\data\raw\CREMA-D\AudioWAV\1027_ITS_FEA_XX.wav,1027,ITS,FEA,fear,XX,train
1027_ITS_HAP_XX.wav,ai-service\data\raw\CREMA-D\AudioWAV\1027_ITS_HAP_XX.wav,1027,ITS,HAP,happy,XX,train
1027_ITS_NEU_XX.wav,ai-service\data\raw\CREMA-D\AudioWAV\1027_ITS_NEU_XX.wav,1027,ITS,NEU,neutral,XX,train
1027_ITS_SAD_XX.wav,ai-service\data\raw\CREMA-D\AudioWAV\1027_ITS_SAD_XX.wav,1027,ITS,SAD,sad,XX,train
1027_IWL_ANG_XX.wav,ai-service\data\raw\CREMA-D\AudioWAV\1027_IWL_ANG_XX.wav,1027,IWL,ANG,angry,XX,train
1027_IWL_DIS_XX.wav,ai-service\data\raw\CREMA-D\AudioWAV\1027_IWL_DIS_XX.wav,1027,IWL,DIS,disgust,XX,train
1027_IWL_FEA_XX.wav,ai-service\data\raw\CREMA-D\AudioWAV\1027_IWL_FEA_XX.wav,1027,IWL,FEA,fear,XX,train
1027_IWL_HAP_XX.wav,ai-service\data\raw\CREMA-D\AudioWAV\1027_IWL_HAP_XX.wav,1027,IWL,HAP,happy,XX,train
1027_IWL_NEU_XX.wav,ai-service\data\raw\CREMA-D\AudioWAV\1027_IWL_NEU_XX.wav,1027,IWL,NEU,neutral,XX,train
1027_IWL_SAD_XX.wav,ai-service\data\raw\CREMA-D\AudioWAV\1027_IWL_SAD_XX.wav,1027,IWL,SAD,sad,XX,train
1027_IWW_ANG_XX.wav,ai-service\data\raw\CREMA-D\AudioWAV\1027_IWW_ANG_XX.wav,1027,IWW,ANG,angry,XX,train
1027_IWW_DIS_XX.wav,ai-service\data\raw\CREMA-D\AudioWAV\1027_IWW_DIS_XX.wav,1027,IWW,DIS,disgust,XX,train
1027_IWW_FEA_XX.wav,ai-service\data\raw\CREMA-D\AudioWAV\1027_IWW_FEA_XX.wav,1027,IWW,FEA,fear,XX,train
1027_IWW_HAP_XX.wav,ai-service\data\raw\CREMA-D\AudioWAV\1027_IWW_HAP_XX.wav,1027,IWW,HAP,happy,XX,train
1027_IWW_NEU_XX.wav,ai-service\data\raw\CREMA-D\AudioWAV\1027_IWW_NEU_XX.wav,1027,IWW,NEU,neutral,XX,train
1027_IWW_SAD_XX.wav,ai-service\data\raw\CREMA-D\AudioWAV\1027_IWW_SAD_XX.wav,1027,IWW,SAD,sad,XX,train
1027_MTI_ANG_XX.wav,ai-service\data\raw\CREMA-D\AudioWAV\1027_MTI_ANG_XX.wav,1027,MTI,ANG,angry,XX,train
1027_MTI_DIS_XX.wav,ai-service\data\raw\CREMA-D\AudioWAV\1027_MTI_DIS_XX.wav,1027,MTI,DIS,disgust,XX,train
1027_MTI_FEA_XX.wav,ai-service\data\raw\CREMA-D\AudioWAV\1027_MTI_FEA_XX.wav,1027,MTI,FEA,fear,XX,train
1027_MTI_HAP_XX.wav,ai-service\data\raw\CREMA-D\AudioWAV\1027_MTI_HAP_XX.wav,1027,MTI,HAP,happy,XX,train
1027_MTI_NEU_XX.wav,ai-service\data\raw\CREMA-D\AudioWAV\1027_MTI_NEU_XX.wav,1027,MTI,NEU,neutral,XX,train
1027_MTI_SAD_XX.wav,ai-service\data\raw\CREMA-D\AudioWAV\1027_MTI_SAD_XX.wav,1027,MTI,SAD,sad,XX,train
1027_TAI_ANG_XX.wav,ai-service\data\raw\CREMA-D\AudioWAV\1027_TAI_ANG_XX.wav,1027,TAI,ANG,angry,XX,train
1027_TAI_DIS_XX.wav,ai-service\data\raw\CREMA-D\AudioWAV\1027_TAI_DIS_XX.wav,1027,TAI,DIS,disgust,XX,train
1027_TAI_FEA_XX.wav,ai-service\data\raw\CREMA-D\AudioWAV\1027_TAI_FEA_XX.wav,1027,TAI,FEA,fear,XX,train
1027_TAI_HAP_XX.wav,ai-service\data\raw\CREMA-D\AudioWAV\1027_TAI_HAP_XX.wav,1027,TAI,HAP,happy,XX,train
1027_TAI_NEU_XX.wav,ai-service\data\raw\CREMA-D\AudioWAV\1027_TAI_NEU_XX.wav,1027,TAI,NEU,neutral,XX,train
1027_TAI_SAD_XX.wav,ai-service\data\raw\CREMA-D\AudioWAV\1027_TAI_SAD_XX.wav,1027,TAI,SAD,sad,XX,train
1027_TIE_ANG_XX.wav,ai-service\data\raw\CREMA-D\AudioWAV\1027_TIE_ANG_XX.wav,1027,TIE,ANG,angry,XX,train
1027_TIE_DIS_XX.wav,ai-service\data\raw\CREMA-D\AudioWAV\1027_TIE_DIS_XX.wav,1027,TIE,DIS,disgust,XX,train
1027_TIE_FEA_XX.wav,ai-service\data\raw\CREMA-D\AudioWAV\1027_TIE_FEA_XX.wav,1027,TIE,FEA,fear,XX,train
1027_TIE_HAP_XX.wav,ai-service\data\raw\CREMA-D\AudioWAV\1027_TIE_HAP_XX.wav,1027,TIE,HAP,happy,XX,train
1027_TIE_NEU_XX.wav,ai-service\data\raw\CREMA-D\AudioWAV\1027_TIE_NEU_XX.wav,1027,TIE,NEU,neutral,XX,train
1027_TIE_SAD_XX.wav,ai-service\data\raw\CREMA-D\AudioWAV\1027_TIE_SAD_XX.wav,1027,TIE,SAD,sad,XX,train
1027_TSI_ANG_XX.wav,ai-service\data\raw\CREMA-D\AudioWAV\1027_TSI_ANG_XX.wav,1027,TSI,ANG,angry,XX,train
1027_TSI_DIS_XX.wav,ai-service\data\raw\CREMA-D\AudioWAV\1027_TSI_DIS_XX.wav,1027,TSI,DIS,disgust,XX,train
1027_TSI_FEA_XX.wav,ai-service\data\raw\CREMA-D\AudioWAV\1027_TSI_FEA_XX.wav,1027,TSI,FEA,fear,XX,train
1027_TSI_HAP_XX.wav,ai-service\data\raw\CREMA-D\AudioWAV\1027_TSI_HAP_XX.wav,1027,TSI,HAP,happy,XX,train
1027_TSI_NEU_XX.wav,ai-service\data\raw\CREMA-D\AudioWAV\1027_TSI_NEU_XX.wav,1027,TSI,NEU,neutral,XX,train
1027_TSI_SAD_XX.wav,ai-service\data\raw\CREMA-D\AudioWAV\1027_TSI_SAD_XX.wav,1027,TSI,SAD,sad,XX,train
1027_WSI_ANG_XX.wav,ai-service\data\raw\CREMA-D\AudioWAV\1027_WSI_ANG_XX.wav,1027,WSI,ANG,angry,XX,train
1027_WSI_DIS_XX.wav,ai-service\data\raw\CREMA-D\AudioWAV\1027_WSI_DIS_XX.wav,1027,WSI,DIS,disgust,XX,train
1027_WSI_FEA_XX.wav,ai-service\data\raw\CREMA-D\AudioWAV\1027_WSI_FEA_XX.wav,1027,WSI,FEA,fear,XX,train
1027_WSI_HAP_XX.wav,ai-service\data\raw\CREMA-D\AudioWAV\1027_WSI_HAP_XX.wav,1027,WSI,HAP,happy,XX,train
1027_WSI_NEU_XX.wav,ai-service\data\raw\CREMA-D\AudioWAV\1027_WSI_NEU_XX.wav,1027,WSI,NEU,neutral,XX,train
1027_WSI_SAD_XX.wav,ai-service\data\raw\CREMA-D\AudioWAV\1027_WSI_SAD_XX.wav,1027,WSI,SAD,sad,XX,train
1031_DFA_ANG_XX.wav,ai-service\data\raw\CREMA-D\AudioWAV\1031_DFA_ANG_XX.wav,1031,DFA,ANG,angry,XX,train
1031_DFA_DIS_XX.wav,ai-service\data\raw\CREMA-D\AudioWAV\1031_DFA_DIS_XX.wav,1031,DFA,DIS,disgust,XX,train
1031_DFA_FEA_XX.wav,ai-service\data\raw\CREMA-D\AudioWAV\1031_DFA_FEA_XX.wav,1031,DFA,FEA,fear,XX,train
1031_DFA_HAP_XX.wav,ai-service\data\raw\CREMA-D\AudioWAV\1031_DFA_HAP_XX.wav,1031,DFA,HAP,happy,XX,train
1031_DFA_NEU_XX.wav,ai-service\data\raw\CREMA-D\AudioWAV\1031_DFA_NEU_XX.wav,1031,DFA,NEU,neutral,XX,train
1031_DFA_SAD_XX.wav,ai-service\data\raw\CREMA-D\AudioWAV\1031_DFA_SAD_XX.wav,1031,DFA,SAD,sad,XX,train
1031_IEO_ANG_HI.wav,ai-service\data\raw\CREMA-D\AudioWAV\1031_IEO_ANG_HI.wav,1031,IEO,ANG,angry,HI,train
1031_IEO_ANG_LO.wav,ai-service\data\raw\CREMA-D\AudioWAV\1031_IEO_ANG_LO.wav,1031,IEO,ANG,angry,LO,train
1031_IEO_ANG_MD.wav,ai-service\data\raw\CREMA-D\AudioWAV\1031_IEO_ANG_MD.wav,1031,IEO,ANG,angry,MD,train
1031_IEO_DIS_HI.wav,ai-service\data\raw\CREMA-D\AudioWAV\1031_IEO_DIS_HI.wav,1031,IEO,DIS,disgust,HI,train
1031_IEO_DIS_LO.wav,ai-service\data\raw\CREMA-D\AudioWAV\1031_IEO_DIS_LO.wav,1031,IEO,DIS,disgust,LO,train
1031_IEO_DIS_MD.wav,ai-service\data\raw\CREMA-D\AudioWAV\1031_IEO_DIS_MD.wav,1031,IEO,DIS,disgust,MD,train
1031_IEO_FEA_HI.wav,ai-service\data\raw\CREMA-D\AudioWAV\1031_IEO_FEA_HI.wav,1031,IEO,FEA,fear,HI,train
1031_IEO_FEA_LO.wav,ai-service\data\raw\CREMA-D\AudioWAV\1031_IEO_FEA_LO.wav,1031,IEO,FEA,fear,LO,train
1031_IEO_FEA_MD.wav,ai-service\data\raw\CREMA-D\AudioWAV\1031_IEO_FEA_MD.wav,1031,IEO,FEA,fear,MD,train
1031_IEO_HAP_HI.wav,ai-service\data\raw\CREMA-D\AudioWAV\1031_IEO_HAP_HI.wav,1031,IEO,HAP,happy,HI,train
1031_IEO_HAP_LO.wav,ai-service\data\raw\CREMA-D\AudioWAV\1031_IEO_HAP_LO.wav,1031,IEO,HAP,happy,LO,train
1031_IEO_HAP_MD.wav,ai-service\data\raw\CREMA-D\AudioWAV\1031_IEO_HAP_MD.wav,1031,IEO,HAP,happy,MD,train
1031_IEO_NEU_XX.wav,ai-service\data\raw\CREMA-D\AudioWAV\1031_IEO_NEU_XX.wav,1031,IEO,NEU,neutral,XX,train
1031_IEO_SAD_HI.wav,ai-service\data\raw\CREMA-D\AudioWAV\1031_IEO_SAD_HI.wav,1031,IEO,SAD,sad,HI,train
1031_IEO_SAD_LO.wav,ai-service\data\raw\CREMA-D\AudioWAV\1031_IEO_SAD_LO.wav,1031,IEO,SAD,sad,LO,train
1031_IEO_SAD_MD.wav,ai-service\data\raw\CREMA-D\AudioWAV\1031_IEO_SAD_MD.wav,1031,IEO,SAD,sad,MD,train
1031_IOM_ANG_XX.wav,ai-service\data\raw\CREMA-D\AudioWAV\1031_IOM_ANG_XX.wav,1031,IOM,ANG,angry,XX,train
1031_IOM_DIS_XX.wav,ai-service\data\raw\CREMA-D\AudioWAV\1031_IOM_DIS_XX.wav,1031,IOM,DIS,disgust,XX,train
1031_IOM_FEA_XX.wav,ai-service\data\raw\CREMA-D\AudioWAV\1031_IOM_FEA_XX.wav,1031,IOM,FEA,fear,XX,train
1031_IOM_HAP_XX.wav,ai-service\data\raw\CREMA-D\AudioWAV\1031_IOM_HAP_XX.wav,1031,IOM,HAP,happy,XX,train
1031_IOM_NEU_XX.wav,ai-service\data\raw\CREMA-D\AudioWAV\1031_IOM_NEU_XX.wav,1031,IOM,NEU,neutral,XX,train
1031_IOM_SAD_XX.wav,ai-service\data\raw\CREMA-D\AudioWAV\1031_IOM_SAD_XX.wav,1031,IOM,SAD,sad,XX,train
1031_ITH_ANG_XX.wav,ai-service\data\raw\CREMA-D\AudioWAV\1031_ITH_ANG_XX.wav,1031,ITH,ANG,angry,XX,train
1031_ITH_DIS_XX.wav,ai-service\data\raw\CREMA-D\AudioWAV\1031_ITH_DIS_XX.wav,1031,ITH,DIS,disgust,XX,train
1031_ITH_FEA_XX.wav,ai-service\data\raw\CREMA-D\AudioWAV\1031_ITH_FEA_XX.wav,1031,ITH,FEA,fear,XX,train
1031_ITH_HAP_XX.wav,ai-service\data\raw\CREMA-D\AudioWAV\1031_ITH_HAP_XX.wav,1031,ITH,HAP,happy,XX,train
1031_ITH_NEU_XX.wav,ai-service\data\raw\CREMA-D\AudioWAV\1031_ITH_NEU_XX.wav,1031,ITH,NEU,neutral,XX,train
1031_ITH_SAD_XX.wav,ai-service\data\raw\CREMA-D\AudioWAV\1031_ITH_SAD_XX.wav,1031,ITH,SAD,sad,XX,train
1031_ITS_ANG_XX.wav,ai-service\data\raw\CREMA-D\AudioWAV\1031_ITS_ANG_XX.wav,1031,ITS,ANG,angry,XX,train
1031_ITS_DIS_XX.wav,ai-service\data\raw\CREMA-D\AudioWAV\1031_ITS_DIS_XX.wav,1031,ITS,DIS,disgust,XX,train
1031_ITS_FEA_XX.wav,ai-service\data\raw\CREMA-D\AudioWAV\1031_ITS_FEA_XX.wav,1031,ITS,FEA,fear,XX,train
1031_ITS_HAP_XX.wav,ai-service\data\raw\CREMA-D\AudioWAV\1031_ITS_HAP_XX.wav,1031,ITS,HAP,happy,XX,train
1031_ITS_NEU_XX.wav,ai-service\data\raw\CREMA-D\AudioWAV\1031_ITS_NEU_XX.wav,1031,ITS,NEU,neutral,XX,train
1031_ITS_SAD_XX.wav,ai-service\data\raw\CREMA-D\AudioWAV\1031_ITS_SAD_XX.wav,1031,ITS,SAD,sad,XX,train
1031_IWL_ANG_XX.wav,ai-service\data\raw\CREMA-D\AudioWAV\1031_IWL_ANG_XX.wav,1031,IWL,ANG,angry,XX,train
1031_IWL_DIS_XX.wav,ai-service\data\raw\CREMA-D\AudioWAV\1031_IWL_DIS_XX.wav,1031,IWL,DIS,disgust,XX,train
1031_IWL_FEA_XX.wav,ai-service\data\raw\CREMA-D\AudioWAV\1031_IWL_FEA_XX.wav,1031,IWL,FEA,fear,XX,train
1031_IWL_HAP_XX.wav,ai-service\data\raw\CREMA-D\AudioWAV\1031_IWL_HAP_XX.wav,1031,IWL,HAP,happy,XX,train
1031_IWL_NEU_XX.wav,ai-service\data\raw\CREMA-D\AudioWAV\1031_IWL_NEU_XX.wav,1031,IWL,NEU,neutral,XX,train
1031_IWL_SAD_XX.wav,ai-service\data\raw\CREMA-D\AudioWAV\1031_IWL_SAD_XX.wav,1031,IWL,SAD,sad,XX,train
1031_IWW_ANG_XX.wav,ai-service\data\raw\CREMA-D\AudioWAV\1031_IWW_ANG_XX.wav,1031,IWW,ANG,angry,XX,train
1031_IWW_DIS_XX.wav,ai-service\data\raw\CREMA-D\AudioWAV\1031_IWW_DIS_XX.wav,1031,IWW,DIS,disgust,XX,train
1031_IWW_FEA_XX.wav,ai-service\data\raw\CREMA-D\AudioWAV\1031_IWW_FEA_XX.wav,1031,IWW,FEA,fear,XX,train
1031_IWW_HAP_XX.wav,ai-service\data\raw\CREMA-D\AudioWAV\1031_IWW_HAP_XX.wav,1031,IWW,HAP,happy,XX,train
1031_IWW_NEU_XX.wav,ai-service\data\raw\CREMA-D\AudioWAV\1031_IWW_NEU_XX.wav,1031,IWW,NEU,neutral,XX,train
1031_IWW_SAD_XX.wav,ai-service\data\raw\CREMA-D\AudioWAV\1031_IWW_SAD_XX.wav,1031,IWW,SAD,sad,XX,train
1031_MTI_ANG_XX.wav,ai-service\data\raw\CREMA-D\AudioWAV\1031_MTI_ANG_XX.wav,1031,MTI,ANG,angry,XX,train
1031_MTI_DIS_XX.wav,ai-service\data\raw\CREMA-D\AudioWAV\1031_MTI_DIS_XX.wav,1031,MTI,DIS,disgust,XX,train
1031_MTI_FEA_XX.wav,ai-service\data\raw\CREMA-D\AudioWAV\1031_MTI_FEA_XX.wav,1031,MTI,FEA,fear,XX,train
1031_MTI_HAP_XX.wav,ai-service\data\raw\CREMA-D\AudioWAV\1031_MTI_HAP_XX.wav,1031,MTI,HAP,happy,XX,train
1031_MTI_NEU_XX.wav,ai-service\data\raw\CREMA-D\AudioWAV\1031_MTI_NEU_XX.wav,1031,MTI,NEU,neutral,XX,train
1031_MTI_SAD_XX.wav,ai-service\data\raw\CREMA-D\AudioWAV\1031_MTI_SAD_XX.wav,1031,MTI,SAD,sad,XX,train
1031_TAI_ANG_XX.wav,ai-service\data\raw\CREMA-D\AudioWAV\1031_TAI_ANG_XX.wav,1031,TAI,ANG,angry,XX,train
1031_TAI_DIS_XX.wav,ai-service\data\raw\CREMA-D\AudioWAV\1031_TAI_DIS_XX.wav,1031,TAI,DIS,disgust,XX,train
1031_TAI_FEA_XX.wav,ai-service\data\raw\CREMA-D\AudioWAV\1031_TAI_FEA_XX.wav,1031,TAI,FEA,fear,XX,train
1031_TAI_HAP_XX.wav,ai-service\data\raw\CREMA-D\AudioWAV\1031_TAI_HAP_XX.wav,1031,TAI,HAP,happy,XX,train
1031_TAI_NEU_XX.wav,ai-service\data\raw\CREMA-D\AudioWAV\1031_TAI_NEU_XX.wav,1031,TAI,NEU,neutral,XX,train
1031_TAI_SAD_XX.wav,ai-service\data\raw\CREMA-D\AudioWAV\1031_TAI_SAD_XX.wav,1031,TAI,SAD,sad,XX,train
1031_TIE_ANG_XX.wav,ai-service\data\raw\CREMA-D\AudioWAV\1031_TIE_ANG_XX.wav,1031,TIE,ANG,angry,XX,train
1031_TIE_DIS_XX.wav,ai-service\data\raw\CREMA-D\AudioWAV\1031_TIE_DIS_XX.wav,1031,TIE,DIS,disgust,XX,train
1031_TIE_FEA_XX.wav,ai-service\data\raw\CREMA-D\AudioWAV\1031_TIE_FEA_XX.wav,1031,TIE,FEA,fear,XX,train
1031_TIE_HAP_XX.wav,ai-service\data\raw\CREMA-D\AudioWAV\1031_TIE_HAP_XX.wav,1031,TIE,HAP,happy,XX,train
1031_TIE_NEU_XX.wav,ai-service\data\raw\CREMA-D\AudioWAV\1031_TIE_NEU_XX.wav,1031,TIE,NEU,neutral,XX,train
1031_TIE_SAD_XX.wav,ai-service\data\raw\CREMA-D\AudioWAV\1031_TIE_SAD_XX.wav,1031,TIE,SAD,sad,XX,train
1031_TSI_ANG_XX.wav,ai-service\data\raw\CREMA-D\AudioWAV\1031_TSI_ANG_XX.wav,1031,TSI,ANG,angry,XX,train
1031_TSI_DIS_XX.wav,ai-service\data\raw\CREMA-D\AudioWAV\1031_TSI_DIS_XX.wav,1031,TSI,DIS,disgust,XX,train
1031_TSI_FEA_XX.wav,ai-service\data\raw\CREMA-D\AudioWAV\1031_TSI_FEA_XX.wav,1031,TSI,FEA,fear,XX,train
1031_TSI_HAP_XX.wav,ai-service\data\raw\CREMA-D\AudioWAV\1031_TSI_HAP_XX.wav,1031,TSI,HAP,happy,XX,train
1031_TSI_NEU_XX.wav,ai-service\data\raw\CREMA-D\AudioWAV\1031_TSI_NEU_XX.wav,1031,TSI,NEU,neutral,XX,train
1031_TSI_SAD_XX.wav,ai-service\data\raw\CREMA-D\AudioWAV\1031_TSI_SAD_XX.wav,1031,TSI,SAD,sad,XX,train
1031_WSI_ANG_XX.wav,ai-service\data\raw\CREMA-D\AudioWAV\1031_WSI_ANG_XX.wav,1031,WSI,ANG,angry,XX,train
1031_WSI_DIS_XX.wav,ai-service\data\raw\CREMA-D\AudioWAV\1031_WSI_DIS_XX.wav,1031,WSI,DIS,disgust,XX,train
1031_WSI_FEA_XX.wav,ai-service\data\raw\CREMA-D\AudioWAV\1031_WSI_FEA_XX.wav,1031,WSI,FEA,fear,XX,train
1031_WSI_HAP_XX.wav,ai-service\data\raw\CREMA-D\AudioWAV\1031_WSI_HAP_XX.wav,1031,WSI,HAP,happy,XX,train
1031_WSI_NEU_XX.wav,ai-service\data\raw\CREMA-D\AudioWAV\1031_WSI_NEU_XX.wav,1031,WSI,NEU,neutral,XX,train
1031_WSI_SAD_XX.wav,ai-service\data\raw\CREMA-D\AudioWAV\1031_WSI_SAD_XX.wav,1031,WSI,SAD,sad,XX,train
1033_DFA_ANG_XX.wav,ai-service\data\raw\CREMA-D\AudioWAV\1033_DFA_ANG_XX.wav,1033,DFA,ANG,angry,XX,train
1033_DFA_DIS_XX.wav,ai-service\data\raw\CREMA-D\AudioWAV\1033_DFA_DIS_XX.wav,1033,DFA,DIS,disgust,XX,train
1033_DFA_FEA_XX.wav,ai-service\data\raw\CREMA-D\AudioWAV\1033_DFA_FEA_XX.wav,1033,DFA,FEA,fear,XX,train
1033_DFA_HAP_XX.wav,ai-service\data\raw\CREMA-D\AudioWAV\1033_DFA_HAP_XX.wav,1033,DFA,HAP,happy,XX,train
1033_DFA_NEU_XX.wav,ai-service\data\raw\CREMA-D\AudioWAV\1033_DFA_NEU_XX.wav,1033,DFA,NEU,neutral,XX,train
1033_DFA_SAD_XX.wav,ai-service\data\raw\CREMA-D\AudioWAV\1033_DFA_SAD_XX.wav,1033,DFA,SAD,sad,XX,train
1033_IEO_ANG_HI.wav,ai-service\data\raw\CREMA-D\AudioWAV\1033_IEO_ANG_HI.wav,1033,IEO,ANG,angry,HI,train
1033_IEO_ANG_LO.wav,ai-service\data\raw\CREMA-D\AudioWAV\1033_IEO_ANG_LO.wav,1033,IEO,ANG,angry,LO,train
1033_IEO_ANG_MD.wav,ai-service\data\raw\CREMA-D\AudioWAV\1033_IEO_ANG_MD.wav,1033,IEO,ANG,angry,MD,train
1033_IEO_DIS_HI.wav,ai-service\data\raw\CREMA-D\AudioWAV\1033_IEO_DIS_HI.wav,1033,IEO,DIS,disgust,HI,train
1033_IEO_DIS_LO.wav,ai-service\data\raw\CREMA-D\AudioWAV\1033_IEO_DIS_LO.wav,1033,IEO,DIS,disgust,LO,train
1033_IEO_DIS_MD.wav,ai-service\data\raw\CREMA-D\AudioWAV\1033_IEO_DIS_MD.wav,1033,IEO,DIS,disgust,MD,train
1033_IEO_FEA_HI.wav,ai-service\data\raw\CREMA-D\AudioWAV\1033_IEO_FEA_HI.wav,1033,IEO,FEA,fear,HI,train
1033_IEO_FEA_LO.wav,ai-service\data\raw\CREMA-D\AudioWAV\1033_IEO_FEA_LO.wav,1033,IEO,FEA,fear,LO,train
1033_IEO_FEA_MD.wav,ai-service\data\raw\CREMA-D\AudioWAV\1033_IEO_FEA_MD.wav,1033,IEO,FEA,fear,MD,train
1033_IEO_HAP_HI.wav,ai-service\data\raw\CREMA-D\AudioWAV\1033_IEO_HAP_HI.wav,1033,IEO,HAP,happy,HI,train
1033_IEO_HAP_LO.wav,ai-service\data\raw\CREMA-D\AudioWAV\1033_IEO_HAP_LO.wav,1033,IEO,HAP,happy,LO,train
1033_IEO_HAP_MD.wav,ai-service\data\raw\CREMA-D\AudioWAV\1033_IEO_HAP_MD.wav,1033,IEO,HAP,happy,MD,train
1033_IEO_NEU_XX.wav,ai-service\data\raw\CREMA-D\AudioWAV\1033_IEO_NEU_XX.wav,1033,IEO,NEU,neutral,XX,train
1033_IEO_SAD_HI.wav,ai-service\data\raw\CREMA-D\AudioWAV\1033_IEO_SAD_HI.wav,1033,IEO,SAD,sad,HI,train
1033_IEO_SAD_LO.wav,ai-service\data\raw\CREMA-D\AudioWAV\1033_IEO_SAD_LO.wav,1033,IEO,SAD,sad,LO,train
1033_IEO_SAD_MD.wav,ai-service\data\raw\CREMA-D\AudioWAV\1033_IEO_SAD_MD.wav,1033,IEO,SAD,sad,MD,train
1033_IOM_ANG_XX.wav,ai-service\data\raw\CREMA-D\AudioWAV\1033_IOM_ANG_XX.wav,1033,IOM,ANG,angry,XX,train
1033_IOM_DIS_XX.wav,ai-service\data\raw\CREMA-D\AudioWAV\1033_IOM_DIS_XX.wav,1033,IOM,DIS,disgust,XX,train
1033_IOM_FEA_XX.wav,ai-service\data\raw\CREMA-D\AudioWAV\1033_IOM_FEA_XX.wav,1033,IOM,FEA,fear,XX,train
1033_IOM_HAP_XX.wav,ai-service\data\raw\CREMA-D\AudioWAV\1033_IOM_HAP_XX.wav,1033,IOM,HAP,happy,XX,train
1033_IOM_NEU_XX.wav,ai-service\data\raw\CREMA-D\AudioWAV\1033_IOM_NEU_XX.wav,1033,IOM,NEU,neutral,XX,train
1033_IOM_SAD_XX.wav,ai-service\data\raw\CREMA-D\AudioWAV\1033_IOM_SAD_XX.wav,1033,IOM,SAD,sad,XX,train
1033_ITH_ANG_XX.wav,ai-service\data\raw\CREMA-D\AudioWAV\1033_ITH_ANG_XX.wav,1033,ITH,ANG,angry,XX,train
1033_ITH_DIS_XX.wav,ai-service\data\raw\CREMA-D\AudioWAV\1033_ITH_DIS_XX.wav,1033,ITH,DIS,disgust,XX,train
1033_ITH_FEA_XX.wav,ai-service\data\raw\CREMA-D\AudioWAV\1033_ITH_FEA_XX.wav,1033,ITH,FEA,fear,XX,train
1033_ITH_HAP_XX.wav,ai-service\data\raw\CREMA-D\AudioWAV\1033_ITH_HAP_XX.wav,1033,ITH,HAP,happy,XX,train
1033_ITH_NEU_XX.wav,ai-service\data\raw\CREMA-D\AudioWAV\1033_ITH_NEU_XX.wav,1033,ITH,NEU,neutral,XX,train
1033_ITH_SAD_XX.wav,ai-service\data\raw\CREMA-D\AudioWAV\1033_ITH_SAD_XX.wav,1033,ITH,SAD,sad,XX,train
1033_ITS_ANG_XX.wav,ai-service\data\raw\CREMA-D\AudioWAV\1033_ITS_ANG_XX.wav,1033,ITS,ANG,angry,XX,train
1033_ITS_DIS_XX.wav,ai-service\data\raw\CREMA-D\AudioWAV\1033_ITS_DIS_XX.wav,1033,ITS,DIS,disgust,XX,train
1033_ITS_FEA_XX.wav,ai-service\data\raw\CREMA-D\AudioWAV\1033_ITS_FEA_XX.wav,1033,ITS,FEA,fear,XX,train
1033_ITS_HAP_XX.wav,ai-service\data\raw\CREMA-D\AudioWAV\1033_ITS_HAP_XX.wav,1033,ITS,HAP,happy,XX,train
1033_ITS_NEU_XX.wav,ai-service\data\raw\CREMA-D\AudioWAV\1033_ITS_NEU_XX.wav,1033,ITS,NEU,neutral,XX,train
1033_ITS_SAD_XX.wav,ai-service\data\raw\CREMA-D\AudioWAV\1033_ITS_SAD_XX.wav,1033,ITS,SAD,sad,XX,train
1033_IWL_ANG_XX.wav,ai-service\data\raw\CREMA-D\AudioWAV\1033_IWL_ANG_XX.wav,1033,IWL,ANG,angry,XX,train
1033_IWL_DIS_XX.wav,ai-service\data\raw\CREMA-D\AudioWAV\1033_IWL_DIS_XX.wav,1033,IWL,DIS,disgust,XX,train
1033_IWL_FEA_XX.wav,ai-service\data\raw\CREMA-D\AudioWAV\1033_IWL_FEA_XX.wav,1033,IWL,FEA,fear,XX,train
1033_IWL_HAP_XX.wav,ai-service\data\raw\CREMA-D\AudioWAV\1033_IWL_HAP_XX.wav,1033,IWL,HAP,happy,XX,train
1033_IWL_NEU_XX.wav,ai-service\data\raw\CREMA-D\AudioWAV\1033_IWL_NEU_XX.wav,1033,IWL,NEU,neutral,XX,train
1033_IWL_SAD_XX.wav,ai-service\data\raw\CREMA-D\AudioWAV\1033_IWL_SAD_XX.wav,1033,IWL,SAD,sad,XX,train
1033_IWW_ANG_XX.wav,ai-service\data\raw\CREMA-D\AudioWAV\1033_IWW_ANG_XX.wav,1033,IWW,ANG,angry,XX,train
1033_IWW_DIS_XX.wav,ai-service\data\raw\CREMA-D\AudioWAV\1033_IWW_DIS_XX.wav,1033,IWW,DIS,disgust,XX,train
1033_IWW_FEA_XX.wav,ai-service\data\raw\CREMA-D\AudioWAV\1033_IWW_FEA_XX.wav,1033,IWW,FEA,fear,XX,train
1033_IWW_HAP_XX.wav,ai-service\data\raw\CREMA-D\AudioWAV\1033_IWW_HAP_XX.wav,1033,IWW,HAP,happy,XX,train
1033_IWW_NEU_XX.wav,ai-service\data\raw\CREMA-D\AudioWAV\1033_IWW_NEU_XX.wav,1033,IWW,NEU,neutral,XX,train
1033_IWW_SAD_XX.wav,ai-service\data\raw\CREMA-D\AudioWAV\1033_IWW_SAD_XX.wav,1033,IWW,SAD,sad,XX,train
1033_MTI_ANG_XX.wav,ai-service\data\raw\CREMA-D\AudioWAV\1033_MTI_ANG_XX.wav,1033,MTI,ANG,angry,XX,train
1033_MTI_DIS_XX.wav,ai-service\data\raw\CREMA-D\AudioWAV\1033_MTI_DIS_XX.wav,1033,MTI,DIS,disgust,XX,train
1033_MTI_FEA_XX.wav,ai-service\data\raw\CREMA-D\AudioWAV\1033_MTI_FEA_XX.wav,1033,MTI,FEA,fear,XX,train
1033_MTI_HAP_XX.wav,ai-service\data\raw\CREMA-D\AudioWAV\1033_MTI_HAP_XX.wav,1033,MTI,HAP,happy,XX,train
1033_MTI_NEU_XX.wav,ai-service\data\raw\CREMA-D\AudioWAV\1033_MTI_NEU_XX.wav,1033,MTI,NEU,neutral,XX,train
1033_MTI_SAD_XX.wav,ai-service\data\raw\CREMA-D\AudioWAV\1033_MTI_SAD_XX.wav,1033,MTI,SAD,sad,XX,train
1033_TAI_ANG_XX.wav,ai-service\data\raw\CREMA-D\AudioWAV\1033_TAI_ANG_XX.wav,1033,TAI,ANG,angry,XX,train
1033_TAI_DIS_XX.wav,ai-service\data\raw\CREMA-D\AudioWAV\1033_TAI_DIS_XX.wav,1033,TAI,DIS,disgust,XX,train
1033_TAI_FEA_XX.wav,ai-service\data\raw\CREMA-D\AudioWAV\1033_TAI_FEA_XX.wav,1033,TAI,FEA,fear,XX,train
1033_TAI_HAP_XX.wav,ai-service\data\raw\CREMA-D\AudioWAV\1033_TAI_HAP_XX.wav,1033,TAI,HAP,happy,XX,train
1033_TAI_NEU_XX.wav,ai-service\data\raw\CREMA-D\AudioWAV\1033_TAI_NEU_XX.wav,1033,TAI,NEU,neutral,XX,train
1033_TAI_SAD_XX.wav,ai-service\data\raw\CREMA-D\AudioWAV\1033_TAI_SAD_XX.wav,1033,TAI,SAD,sad,XX,train
1033_TIE_ANG_XX.wav,ai-service\data\raw\CREMA-D\AudioWAV\1033_TIE_ANG_XX.wav,1033,TIE,ANG,angry,XX,train
1033_TIE_DIS_XX.wav,ai-service\data\raw\CREMA-D\AudioWAV\1033_TIE_DIS_XX.wav,1033,TIE,DIS,disgust,XX,train
1033_TIE_FEA_XX.wav,ai-service\data\raw\CREMA-D\AudioWAV\1033_TIE_FEA_XX.wav,1033,TIE,FEA,fear,XX,train
1033_TIE_HAP_XX.wav,ai-service\data\raw\CREMA-D\AudioWAV\1033_TIE_HAP_XX.wav,1033,TIE,HAP,happy,XX,train
1033_TIE_NEU_XX.wav,ai-service\data\raw\CREMA-D\AudioWAV\1033_TIE_NEU_XX.wav,1033,TIE,NEU,neutral,XX,train
1033_TIE_SAD_XX.wav,ai-service\data\raw\CREMA-D\AudioWAV\1033_TIE_SAD_XX.wav,1033,TIE,SAD,sad,XX,train
1033_TSI_ANG_XX.wav,ai-service\data\raw\CREMA-D\AudioWAV\1033_TSI_ANG_XX.wav,1033,TSI,ANG,angry,XX,train
1033_TSI_DIS_XX.wav,ai-service\data\raw\CREMA-D\AudioWAV\1033_TSI_DIS_XX.wav,1033,TSI,DIS,disgust,XX,train
1033_TSI_FEA_XX.wav,ai-service\data\raw\CREMA-D\AudioWAV\1033_TSI_FEA_XX.wav,1033,TSI,FEA,fear,XX,train
1033_TSI_HAP_XX.wav,ai-service\data\raw\CREMA-D\AudioWAV\1033_TSI_HAP_XX.wav,1033,TSI,HAP,happy,XX,train
1033_TSI_NEU_XX.wav,ai-service\data\raw\CREMA-D\AudioWAV\1033_TSI_NEU_XX.wav,1033,TSI,NEU,neutral,XX,train
1033_TSI_SAD_XX.wav,ai-service\data\raw\CREMA-D\AudioWAV\1033_TSI_SAD_XX.wav,1033,TSI,SAD,sad,XX,train
1033_WSI_ANG_XX.wav,ai-service\data\raw\CREMA-D\AudioWAV\1033_WSI_ANG_XX.wav,1033,WSI,ANG,angry,XX,train
1033_WSI_DIS_XX.wav,ai-service\data\raw\CREMA-D\AudioWAV\1033_WSI_DIS_XX.wav,1033,WSI,DIS,disgust,XX,train
1033_WSI_FEA_XX.wav,ai-service\data\raw\CREMA-D\AudioWAV\1033_WSI_FEA_XX.wav,1033,WSI,FEA,fear,XX,train
1033_WSI_HAP_XX.wav,ai-service\data\raw\CREMA-D\AudioWAV\1033_WSI_HAP_XX.wav,1033,WSI,HAP,happy,XX,train
1033_WSI_NEU_XX.wav,ai-service\data\raw\CREMA-D\AudioWAV\1033_WSI_NEU_XX.wav,1033,WSI,NEU,neutral,XX,train
1033_WSI_SAD_XX.wav,ai-service\data\raw\CREMA-D\AudioWAV\1033_WSI_SAD_XX.wav,1033,WSI,SAD,sad,XX,train
1034_DFA_ANG_XX.wav,ai-service\data\raw\CREMA-D\AudioWAV\1034_DFA_ANG_XX.wav,1034,DFA,ANG,angry,XX,train
1034_DFA_DIS_XX.wav,ai-service\data\raw\CREMA-D\AudioWAV\1034_DFA_DIS_XX.wav,1034,DFA,DIS,disgust,XX,train
1034_DFA_FEA_XX.wav,ai-service\data\raw\CREMA-D\AudioWAV\1034_DFA_FEA_XX.wav,1034,DFA,FEA,fear,XX,train
1034_DFA_HAP_XX.wav,ai-service\data\raw\CREMA-D\AudioWAV\1034_DFA_HAP_XX.wav,1034,DFA,HAP,happy,XX,train
1034_DFA_NEU_XX.wav,ai-service\data\raw\CREMA-D\AudioWAV\1034_DFA_NEU_XX.wav,1034,DFA,NEU,neutral,XX,train
1034_DFA_SAD_XX.wav,ai-service\data\raw\CREMA-D\AudioWAV\1034_DFA_SAD_XX.wav,1034,DFA,SAD,sad,XX,train
1034_IEO_ANG_HI.wav,ai-service\data\raw\CREMA-D\AudioWAV\1034_IEO_ANG_HI.wav,1034,IEO,ANG,angry,HI,train
1034_IEO_ANG_LO.wav,ai-service\data\raw\CREMA-D\AudioWAV\1034_IEO_ANG_LO.wav,1034,IEO,ANG,angry,LO,train
1034_IEO_ANG_MD.wav,ai-service\data\raw\CREMA-D\AudioWAV\1034_IEO_ANG_MD.wav,1034,IEO,ANG,angry,MD,train
1034_IEO_DIS_HI.wav,ai-service\data\raw\CREMA-D\AudioWAV\1034_IEO_DIS_HI.wav,1034,IEO,DIS,disgust,HI,train
1034_IEO_DIS_LO.wav,ai-service\data\raw\CREMA-D\AudioWAV\1034_IEO_DIS_LO.wav,1034,IEO,DIS,disgust,LO,train
1034_IEO_DIS_MD.wav,ai-service\data\raw\CREMA-D\AudioWAV\1034_IEO_DIS_MD.wav,1034,IEO,DIS,disgust,MD,train
1034_IEO_FEA_HI.wav,ai-service\data\raw\CREMA-D\AudioWAV\1034_IEO_FEA_HI.wav,1034,IEO,FEA,fear,HI,train
1034_IEO_FEA_LO.wav,ai-service\data\raw\CREMA-D\AudioWAV\1034_IEO_FEA_LO.wav,1034,IEO,FEA,fear,LO,train
1034_IEO_FEA_MD.wav,ai-service\data\raw\CREMA-D\AudioWAV\1034_IEO_FEA_MD.wav,1034,IEO,FEA,fear,MD,train
1034_IEO_HAP_HI.wav,ai-service\data\raw\CREMA-D\AudioWAV\1034_IEO_HAP_HI.wav,1034,IEO,HAP,happy,HI,train
1034_IEO_HAP_LO.wav,ai-service\data\raw\CREMA-D\AudioWAV\1034_IEO_HAP_LO.wav,1034,IEO,HAP,happy,LO,train
1034_IEO_HAP_MD.wav,ai-service\data\raw\CREMA-D\AudioWAV\1034_IEO_HAP_MD.wav,1034,IEO,HAP,happy,MD,train
1034_IEO_NEU_XX.wav,ai-service\data\raw\CREMA-D\AudioWAV\1034_IEO_NEU_XX.wav,1034,IEO,NEU,neutral,XX,train
1034_IEO_SAD_HI.wav,ai-service\data\raw\CREMA-D\AudioWAV\1034_IEO_SAD_HI.wav,1034,IEO,SAD,sad,HI,train
1034_IEO_SAD_LO.wav,ai-service\data\raw\CREMA-D\AudioWAV\1034_IEO_SAD_LO.wav,1034,IEO,SAD,sad,LO,train
1034_IEO_SAD_MD.wav,ai-service\data\raw\CREMA-D\AudioWAV\1034_IEO_SAD_MD.wav,1034,IEO,SAD,sad,MD,train
1034_IOM_ANG_XX.wav,ai-service\data\raw\CREMA-D\AudioWAV\1034_IOM_ANG_XX.wav,1034,IOM,ANG,angry,XX,train
1034_IOM_DIS_XX.wav,ai-service\data\raw\CREMA-D\AudioWAV\1034_IOM_DIS_XX.wav,1034,IOM,DIS,disgust,XX,train
1034_IOM_FEA_XX.wav,ai-service\data\raw\CREMA-D\AudioWAV\1034_IOM_FEA_XX.wav,1034,IOM,FEA,fear,XX,train
1034_IOM_HAP_XX.wav,ai-service\data\raw\CREMA-D\AudioWAV\1034_IOM_HAP_XX.wav,1034,IOM,HAP,happy,XX,train
1034_IOM_NEU_XX.wav,ai-service\data\raw\CREMA-D\AudioWAV\1034_IOM_NEU_XX.wav,1034,IOM,NEU,neutral,XX,train
1034_IOM_SAD_XX.wav,ai-service\data\raw\CREMA-D\AudioWAV\1034_IOM_SAD_XX.wav,1034,IOM,SAD,sad,XX,train
1034_ITH_ANG_XX.wav,ai-service\data\raw\CREMA-D\AudioWAV\1034_ITH_ANG_XX.wav,1034,ITH,ANG,angry,XX,train
1034_ITH_DIS_XX.wav,ai-service\data\raw\CREMA-D\AudioWAV\1034_ITH_DIS_XX.wav,1034,ITH,DIS,disgust,XX,train
1034_ITH_FEA_XX.wav,ai-service\data\raw\CREMA-D\AudioWAV\1034_ITH_FEA_XX.wav,1034,ITH,FEA,fear,XX,train
1034_ITH_HAP_XX.wav,ai-service\data\raw\CREMA-D\AudioWAV\1034_ITH_HAP_XX.wav,1034,ITH,HAP,happy,XX,train
1034_ITH_NEU_XX.wav,ai-service\data\raw\CREMA-D\AudioWAV\1034_ITH_NEU_XX.wav,1034,ITH,NEU,neutral,XX,train
1034_ITH_SAD_XX.wav,ai-service\data\raw\CREMA-D\AudioWAV\1034_ITH_SAD_XX.wav,1034,ITH,SAD,sad,XX,train
1034_ITS_ANG_XX.wav,ai-service\data\raw\CREMA-D\AudioWAV\1034_ITS_ANG_XX.wav,1034,ITS,ANG,angry,XX,train
1034_ITS_DIS_XX.wav,ai-service\data\raw\CREMA-D\AudioWAV\1034_ITS_DIS_XX.wav,1034,ITS,DIS,disgust,XX,train
1034_ITS_FEA_XX.wav,ai-service\data\raw\CREMA-D\AudioWAV\1034_ITS_FEA_XX.wav,1034,ITS,FEA,fear,XX,train
1034_ITS_HAP_XX.wav,ai-service\data\raw\CREMA-D\AudioWAV\1034_ITS_HAP_XX.wav,1034,ITS,HAP,happy,XX,train
1034_ITS_NEU_XX.wav,ai-service\data\raw\CREMA-D\AudioWAV\1034_ITS_NEU_XX.wav,1034,ITS,NEU,neutral,XX,train
1034_ITS_SAD_XX.wav,ai-service\data\raw\CREMA-D\AudioWAV\1034_ITS_SAD_XX.wav,1034,ITS,SAD,sad,XX,train
1034_IWL_ANG_XX.wav,ai-service\data\raw\CREMA-D\AudioWAV\1034_IWL_ANG_XX.wav,1034,IWL,ANG,angry,XX,train
1034_IWL_DIS_XX.wav,ai-service\data\raw\CREMA-D\AudioWAV\1034_IWL_DIS_XX.wav,1034,IWL,DIS,disgust,XX,train
1034_IWL_FEA_XX.wav,ai-service\data\raw\CREMA-D\AudioWAV\1034_IWL_FEA_XX.wav,1034,IWL,FEA,fear,XX,train
1034_IWL_HAP_XX.wav,ai-service\data\raw\CREMA-D\AudioWAV\1034_IWL_HAP_XX.wav,1034,IWL,HAP,happy,XX,train
1034_IWL_NEU_XX.wav,ai-service\data\raw\CREMA-D\AudioWAV\1034_IWL_NEU_XX.wav,1034,IWL,NEU,neutral,XX,train
1034_IWL_SAD_XX.wav,ai-service\data\raw\CREMA-D\AudioWAV\1034_IWL_SAD_XX.wav,1034,IWL,SAD,sad,XX,train
1034_IWW_ANG_XX.wav,ai-service\data\raw\CREMA-D\AudioWAV\1034_IWW_ANG_XX.wav,1034,IWW,ANG,angry,XX,train
1034_IWW_DIS_XX.wav,ai-service\data\raw\CREMA-D\AudioWAV\1034_IWW_DIS_XX.wav,1034,IWW,DIS,disgust,XX,train
1034_IWW_FEA_XX.wav,ai-service\data\raw\CREMA-D\AudioWAV\1034_IWW_FEA_XX.wav,1034,IWW,FEA,fear,XX,train
1034_IWW_HAP_XX.wav,ai-service\data\raw\CREMA-D\AudioWAV\1034_IWW_HAP_XX.wav,1034,IWW,HAP,happy,XX,train
1034_IWW_NEU_XX.wav,ai-service\data\raw\CREMA-D\AudioWAV\1034_IWW_NEU_XX.wav,1034,IWW,NEU,neutral,XX,train
1034_IWW_SAD_XX.wav,ai-service\data\raw\CREMA-D\AudioWAV\1034_IWW_SAD_XX.wav,1034,IWW,SAD,sad,XX,train
1034_MTI_ANG_XX.wav,ai-service\data\raw\CREMA-D\AudioWAV\1034_MTI_ANG_XX.wav,1034,MTI,ANG,angry,XX,train
1034_MTI_DIS_XX.wav,ai-service\data\raw\CREMA-D\AudioWAV\1034_MTI_DIS_XX.wav,1034,MTI,DIS,disgust,XX,train
1034_MTI_FEA_XX.wav,ai-service\data\raw\CREMA-D\AudioWAV\1034_MTI_FEA_XX.wav,1034,MTI,FEA,fear,XX,train
1034_MTI_HAP_XX.wav,ai-service\data\raw\CREMA-D\AudioWAV\1034_MTI_HAP_XX.wav,1034,MTI,HAP,happy,XX,train
1034_MTI_NEU_XX.wav,ai-service\data\raw\CREMA-D\AudioWAV\1034_MTI_NEU_XX.wav,1034,MTI,NEU,neutral,XX,train
1034_MTI_SAD_XX.wav,ai-service\data\raw\CREMA-D\AudioWAV\1034_MTI_SAD_XX.wav,1034,MTI,SAD,sad,XX,train
1034_TAI_ANG_XX.wav,ai-service\data\raw\CREMA-D\AudioWAV\1034_TAI_ANG_XX.wav,1034,TAI,ANG,angry,XX,train
1034_TAI_DIS_XX.wav,ai-service\data\raw\CREMA-D\AudioWAV\1034_TAI_DIS_XX.wav,1034,TAI,DIS,disgust,XX,train
1034_TAI_FEA_XX.wav,ai-service\data\raw\CREMA-D\AudioWAV\1034_TAI_FEA_XX.wav,1034,TAI,FEA,fear,XX,train
1034_TAI_HAP_XX.wav,ai-service\data\raw\CREMA-D\AudioWAV\1034_TAI_HAP_XX.wav,1034,TAI,HAP,happy,XX,train
1034_TAI_NEU_XX.wav,ai-service\data\raw\CREMA-D\AudioWAV\1034_TAI_NEU_XX.wav,1034,TAI,NEU,neutral,XX,train
1034_TAI_SAD_XX.wav,ai-service\data\raw\CREMA-D\AudioWAV\1034_TAI_SAD_XX.wav,1034,TAI,SAD,sad,XX,train
1034_TIE_ANG_XX.wav,ai-service\data\raw\CREMA-D\AudioWAV\1034_TIE_ANG_XX.wav,1034,TIE,ANG,angry,XX,train
1034_TIE_DIS_XX.wav,ai-service\data\raw\CREMA-D\AudioWAV\1034_TIE_DIS_XX.wav,1034,TIE,DIS,disgust,XX,train
1034_TIE_FEA_XX.wav,ai-service\data\raw\CREMA-D\AudioWAV\1034_TIE_FEA_XX.wav,1034,TIE,FEA,fear,XX,train
1034_TIE_HAP_XX.wav,ai-service\data\raw\CREMA-D\AudioWAV\1034_TIE_HAP_XX.wav,1034,TIE,HAP,happy,XX,train
1034_TIE_NEU_XX.wav,ai-service\data\raw\CREMA-D\AudioWAV\1034_TIE_NEU_XX.wav,1034,TIE,NEU,neutral,XX,train
1034_TIE_SAD_XX.wav,ai-service\data\raw\CREMA-D\AudioWAV\1034_TIE_SAD_XX.wav,1034,TIE,SAD,sad,XX,train
1034_TSI_ANG_XX.wav,ai-service\data\raw\CREMA-D\AudioWAV\1034_TSI_ANG_XX.wav,1034,TSI,ANG,angry,XX,train
1034_TSI_DIS_XX.wav,ai-service\data\raw\CREMA-D\AudioWAV\1034_TSI_DIS_XX.wav,1034,TSI,DIS,disgust,XX,train
1034_TSI_FEA_XX.wav,ai-service\data\raw\CREMA-D\AudioWAV\1034_TSI_FEA_XX.wav,1034,TSI,FEA,fear,XX,train
1034_TSI_HAP_XX.wav,ai-service\data\raw\CREMA-D\AudioWAV\1034_TSI_HAP_XX.wav,1034,TSI,HAP,happy,XX,train
1034_TSI_NEU_XX.wav,ai-service\data\raw\CREMA-D\AudioWAV\1034_TSI_NEU_XX.wav,1034,TSI,NEU,neutral,XX,train
1034_TSI_SAD_XX.wav,ai-service\data\raw\CREMA-D\AudioWAV\1034_TSI_SAD_XX.wav,1034,TSI,SAD,sad,XX,train
1034_WSI_ANG_XX.wav,ai-service\data\raw\CREMA-D\AudioWAV\1034_WSI_ANG_XX.wav,1034,WSI,ANG,angry,XX,train
1034_WSI_DIS_XX.wav,ai-service\data\raw\CREMA-D\AudioWAV\1034_WSI_DIS_XX.wav,1034,WSI,DIS,disgust,XX,train
1034_WSI_FEA_XX.wav,ai-service\data\raw\CREMA-D\AudioWAV\1034_WSI_FEA_XX.wav,1034,WSI,FEA,fear,XX,train
1034_WSI_HAP_XX.wav,ai-service\data\raw\CREMA-D\AudioWAV\1034_WSI_HAP_XX.wav,1034,WSI,HAP,happy,XX,train
1034_WSI_NEU_XX.wav,ai-service\data\raw\CREMA-D\AudioWAV\1034_WSI_NEU_XX.wav,1034,WSI,NEU,neutral,XX,train
1034_WSI_SAD_XX.wav,ai-service\data\raw\CREMA-D\AudioWAV\1034_WSI_SAD_XX.wav,1034,WSI,SAD,sad,XX,train
1035_DFA_ANG_XX.wav,ai-service\data\raw\CREMA-D\AudioWAV\1035_DFA_ANG_XX.wav,1035,DFA,ANG,angry,XX,train
1035_DFA_DIS_XX.wav,ai-service\data\raw\CREMA-D\AudioWAV\1035_DFA_DIS_XX.wav,1035,DFA,DIS,disgust,XX,train
1035_DFA_FEA_XX.wav,ai-service\data\raw\CREMA-D\AudioWAV\1035_DFA_FEA_XX.wav,1035,DFA,FEA,fear,XX,train
1035_DFA_HAP_XX.wav,ai-service\data\raw\CREMA-D\AudioWAV\1035_DFA_HAP_XX.wav,1035,DFA,HAP,happy,XX,train
1035_DFA_NEU_XX.wav,ai-service\data\raw\CREMA-D\AudioWAV\1035_DFA_NEU_XX.wav,1035,DFA,NEU,neutral,XX,train
1035_DFA_SAD_XX.wav,ai-service\data\raw\CREMA-D\AudioWAV\1035_DFA_SAD_XX.wav,1035,DFA,SAD,sad,XX,train
1035_IEO_ANG_HI.wav,ai-service\data\raw\CREMA-D\AudioWAV\1035_IEO_ANG_HI.wav,1035,IEO,ANG,angry,HI,train
1035_IEO_ANG_LO.wav,ai-service\data\raw\CREMA-D\AudioWAV\1035_IEO_ANG_LO.wav,1035,IEO,ANG,angry,LO,train
1035_IEO_ANG_MD.wav,ai-service\data\raw\CREMA-D\AudioWAV\1035_IEO_ANG_MD.wav,1035,IEO,ANG,angry,MD,train
1035_IEO_DIS_HI.wav,ai-service\data\raw\CREMA-D\AudioWAV\1035_IEO_DIS_HI.wav,1035,IEO,DIS,disgust,HI,train
1035_IEO_DIS_LO.wav,ai-service\data\raw\CREMA-D\AudioWAV\1035_IEO_DIS_LO.wav,1035,IEO,DIS,disgust,LO,train
1035_IEO_DIS_MD.wav,ai-service\data\raw\CREMA-D\AudioWAV\1035_IEO_DIS_MD.wav,1035,IEO,DIS,disgust,MD,train
1035_IEO_FEA_HI.wav,ai-service\data\raw\CREMA-D\AudioWAV\1035_IEO_FEA_HI.wav,1035,IEO,FEA,fear,HI,train
1035_IEO_FEA_LO.wav,ai-service\data\raw\CREMA-D\AudioWAV\1035_IEO_FEA_LO.wav,1035,IEO,FEA,fear,LO,train
1035_IEO_FEA_MD.wav,ai-service\data\raw\CREMA-D\AudioWAV\1035_IEO_FEA_MD.wav,1035,IEO,FEA,fear,MD,train
1035_IEO_HAP_HI.wav,ai-service\data\raw\CREMA-D\AudioWAV\1035_IEO_HAP_HI.wav,1035,IEO,HAP,happy,HI,train
1035_IEO_HAP_LO.wav,ai-service\data\raw\CREMA-D\AudioWAV\1035_IEO_HAP_LO.wav,1035,IEO,HAP,happy,LO,train
1035_IEO_HAP_MD.wav,ai-service\data\raw\CREMA-D\AudioWAV\1035_IEO_HAP_MD.wav,1035,IEO,HAP,happy,MD,train
1035_IEO_NEU_XX.wav,ai-service\data\raw\CREMA-D\AudioWAV\1035_IEO_NEU_XX.wav,1035,IEO,NEU,neutral,XX,train
1035_IEO_SAD_HI.wav,ai-service\data\raw\CREMA-D\AudioWAV\1035_IEO_SAD_HI.wav,1035,IEO,SAD,sad,HI,train
1035_IEO_SAD_LO.wav,ai-service\data\raw\CREMA-D\AudioWAV\1035_IEO_SAD_LO.wav,1035,IEO,SAD,sad,LO,train
1035_IEO_SAD_MD.wav,ai-service\data\raw\CREMA-D\AudioWAV\1035_IEO_SAD_MD.wav,1035,IEO,SAD,sad,MD,train
1035_IOM_ANG_XX.wav,ai-service\data\raw\CREMA-D\AudioWAV\1035_IOM_ANG_XX.wav,1035,IOM,ANG,angry,XX,train
1035_IOM_DIS_XX.wav,ai-service\data\raw\CREMA-D\AudioWAV\1035_IOM_DIS_XX.wav,1035,IOM,DIS,disgust,XX,train
1035_IOM_FEA_XX.wav,ai-service\data\raw\CREMA-D\AudioWAV\1035_IOM_FEA_XX.wav,1035,IOM,FEA,fear,XX,train
1035_IOM_HAP_XX.wav,ai-service\data\raw\CREMA-D\AudioWAV\1035_IOM_HAP_XX.wav,1035,IOM,HAP,happy,XX,train
1035_IOM_NEU_XX.wav,ai-service\data\raw\CREMA-D\AudioWAV\1035_IOM_NEU_XX.wav,1035,IOM,NEU,neutral,XX,train
1035_IOM_SAD_XX.wav,ai-service\data\raw\CREMA-D\AudioWAV\1035_IOM_SAD_XX.wav,1035,IOM,SAD,sad,XX,train
1035_ITH_ANG_XX.wav,ai-service\data\raw\CREMA-D\AudioWAV\1035_ITH_ANG_XX.wav,1035,ITH,ANG,angry,XX,train
1035_ITH_DIS_XX.wav,ai-service\data\raw\CREMA-D\AudioWAV\1035_ITH_DIS_XX.wav,1035,ITH,DIS,disgust,XX,train
1035_ITH_FEA_XX.wav,ai-service\data\raw\CREMA-D\AudioWAV\1035_ITH_FEA_XX.wav,1035,ITH,FEA,fear,XX,train
1035_ITH_HAP_XX.wav,ai-service\data\raw\CREMA-D\AudioWAV\1035_ITH_HAP_XX.wav,1035,ITH,HAP,happy,XX,train
1035_ITH_NEU_XX.wav,ai-service\data\raw\CREMA-D\AudioWAV\1035_ITH_NEU_XX.wav,1035,ITH,NEU,neutral,XX,train
1035_ITH_SAD_XX.wav,ai-service\data\raw\CREMA-D\AudioWAV\1035_ITH_SAD_XX.wav,1035,ITH,SAD,sad,XX,train
1035_ITS_ANG_XX.wav,ai-service\data\raw\CREMA-D\AudioWAV\1035_ITS_ANG_XX.wav,1035,ITS,ANG,angry,XX,train
1035_ITS_DIS_XX.wav,ai-service\data\raw\CREMA-D\AudioWAV\1035_ITS_DIS_XX.wav,1035,ITS,DIS,disgust,XX,train
1035_ITS_FEA_XX.wav,ai-service\data\raw\CREMA-D\AudioWAV\1035_ITS_FEA_XX.wav,1035,ITS,FEA,fear,XX,train
1035_ITS_HAP_XX.wav,ai-service\data\raw\CREMA-D\AudioWAV\1035_ITS_HAP_XX.wav,1035,ITS,HAP,happy,XX,train
1035_ITS_NEU_XX.wav,ai-service\data\raw\CREMA-D\AudioWAV\1035_ITS_NEU_XX.wav,1035,ITS,NEU,neutral,XX,train
1035_ITS_SAD_XX.wav,ai-service\data\raw\CREMA-D\AudioWAV\1035_ITS_SAD_XX.wav,1035,ITS,SAD,sad,XX,train
1035_IWL_ANG_XX.wav,ai-service\data\raw\CREMA-D\AudioWAV\1035_IWL_ANG_XX.wav,1035,IWL,ANG,angry,XX,train
1035_IWL_DIS_XX.wav,ai-service\data\raw\CREMA-D\AudioWAV\1035_IWL_DIS_XX.wav,1035,IWL,DIS,disgust,XX,train
1035_IWL_FEA_XX.wav,ai-service\data\raw\CREMA-D\AudioWAV\1035_IWL_FEA_XX.wav,1035,IWL,FEA,fear,XX,train
1035_IWL_HAP_XX.wav,ai-service\data\raw\CREMA-D\AudioWAV\1035_IWL_HAP_XX.wav,1035,IWL,HAP,happy,XX,train
1035_IWL_NEU_XX.wav,ai-service\data\raw\CREMA-D\AudioWAV\1035_IWL_NEU_XX.wav,1035,IWL,NEU,neutral,XX,train
1035_IWL_SAD_XX.wav,ai-service\data\raw\CREMA-D\AudioWAV\1035_IWL_SAD_XX.wav,1035,IWL,SAD,sad,XX,train
1035_IWW_ANG_XX.wav,ai-service\data\raw\CREMA-D\AudioWAV\1035_IWW_ANG_XX.wav,1035,IWW,ANG,angry,XX,train
1035_IWW_DIS_XX.wav,ai-service\data\raw\CREMA-D\AudioWAV\1035_IWW_DIS_XX.wav,1035,IWW,DIS,disgust,XX,train
1035_IWW_FEA_XX.wav,ai-service\data\raw\CREMA-D\AudioWAV\1035_IWW_FEA_XX.wav,1035,IWW,FEA,fear,XX,train
1035_IWW_HAP_XX.wav,ai-service\data\raw\CREMA-D\AudioWAV\1035_IWW_HAP_XX.wav,1035,IWW,HAP,happy,XX,train
1035_IWW_NEU_XX.wav,ai-service\data\raw\CREMA-D\AudioWAV\1035_IWW_NEU_XX.wav,1035,IWW,NEU,neutral,XX,train
1035_IWW_SAD_XX.wav,ai-service\data\raw\CREMA-D\AudioWAV\1035_IWW_SAD_XX.wav,1035,IWW,SAD,sad,XX,train
1035_MTI_ANG_XX.wav,ai-service\data\raw\CREMA-D\AudioWAV\1035_MTI_ANG_XX.wav,1035,MTI,ANG,angry,XX,train
1035_MTI_DIS_XX.wav,ai-service\data\raw\CREMA-D\AudioWAV\1035_MTI_DIS_XX.wav,1035,MTI,DIS,disgust,XX,train
1035_MTI_FEA_XX.wav,ai-service\data\raw\CREMA-D\AudioWAV\1035_MTI_FEA_XX.wav,1035,MTI,FEA,fear,XX,train
1035_MTI_HAP_XX.wav,ai-service\data\raw\CREMA-D\AudioWAV\1035_MTI_HAP_XX.wav,1035,MTI,HAP,happy,XX,train
1035_MTI_NEU_XX.wav,ai-service\data\raw\CREMA-D\AudioWAV\1035_MTI_NEU_XX.wav,1035,MTI,NEU,neutral,XX,train
1035_MTI_SAD_XX.wav,ai-service\data\raw\CREMA-D\AudioWAV\1035_MTI_SAD_XX.wav,1035,MTI,SAD,sad,XX,train
1035_TAI_ANG_XX.wav,ai-service\data\raw\CREMA-D\AudioWAV\1035_TAI_ANG_XX.wav,1035,TAI,ANG,angry,XX,train
1035_TAI_DIS_XX.wav,ai-service\data\raw\CREMA-D\AudioWAV\1035_TAI_DIS_XX.wav,1035,TAI,DIS,disgust,XX,train
1035_TAI_FEA_XX.wav,ai-service\data\raw\CREMA-D\AudioWAV\1035_TAI_FEA_XX.wav,1035,TAI,FEA,fear,XX,train
1035_TAI_HAP_XX.wav,ai-service\data\raw\CREMA-D\AudioWAV\1035_TAI_HAP_XX.wav,1035,TAI,HAP,happy,XX,train
1035_TAI_NEU_XX.wav,ai-service\data\raw\CREMA-D\AudioWAV\1035_TAI_NEU_XX.wav,1035,TAI,NEU,neutral,XX,train
1035_TAI_SAD_XX.wav,ai-service\data\raw\CREMA-D\AudioWAV\1035_TAI_SAD_XX.wav,1035,TAI,SAD,sad,XX,train
1035_TIE_ANG_XX.wav,ai-service\data\raw\CREMA-D\AudioWAV\1035_TIE_ANG_XX.wav,1035,TIE,ANG,angry,XX,train
1035_TIE_DIS_XX.wav,ai-service\data\raw\CREMA-D\AudioWAV\1035_TIE_DIS_XX.wav,1035,TIE,DIS,disgust,XX,train
1035_TIE_FEA_XX.wav,ai-service\data\raw\CREMA-D\AudioWAV\1035_TIE_FEA_XX.wav,1035,TIE,FEA,fear,XX,train
1035_TIE_HAP_XX.wav,ai-service\data\raw\CREMA-D\AudioWAV\1035_TIE_HAP_XX.wav,1035,TIE,HAP,happy,XX,train
1035_TIE_NEU_XX.wav,ai-service\data\raw\CREMA-D\AudioWAV\1035_TIE_NEU_XX.wav,1035,TIE,NEU,neutral,XX,train
1035_TIE_SAD_XX.wav,ai-service\data\raw\CREMA-D\AudioWAV\1035_TIE_SAD_XX.wav,1035,TIE,SAD,sad,XX,train
1035_TSI_ANG_XX.wav,ai-service\data\raw\CREMA-D\AudioWAV\1035_TSI_ANG_XX.wav,1035,TSI,ANG,angry,XX,train
1035_TSI_DIS_XX.wav,ai-service\data\raw\CREMA-D\AudioWAV\1035_TSI_DIS_XX.wav,1035,TSI,DIS,disgust,XX,train
1035_TSI_FEA_XX.wav,ai-service\data\raw\CREMA-D\AudioWAV\1035_TSI_FEA_XX.wav,1035,TSI,FEA,fear,XX,train
1035_TSI_HAP_XX.wav,ai-service\data\raw\CREMA-D\AudioWAV\1035_TSI_HAP_XX.wav,1035,TSI,HAP,happy,XX,train
1035_TSI_NEU_XX.wav,ai-service\data\raw\CREMA-D\AudioWAV\1035_TSI_NEU_XX.wav,1035,TSI,NEU,neutral,XX,train
1035_TSI_SAD_XX.wav,ai-service\data\raw\CREMA-D\AudioWAV\1035_TSI_SAD_XX.wav,1035,TSI,SAD,sad,XX,train
1035_WSI_ANG_XX.wav,ai-service\data\raw\CREMA-D\AudioWAV\1035_WSI_ANG_XX.wav,1035,WSI,ANG,angry,XX,train
1035_WSI_DIS_XX.wav,ai-service\data\raw\CREMA-D\AudioWAV\1035_WSI_DIS_XX.wav,1035,WSI,DIS,disgust,XX,train
1035_WSI_FEA_XX.wav,ai-service\data\raw\CREMA-D\AudioWAV\1035_WSI_FEA_XX.wav,1035,WSI,FEA,fear,XX,train
1035_WSI_HAP_XX.wav,ai-service\data\raw\CREMA-D\AudioWAV\1035_WSI_HAP_XX.wav,1035,WSI,HAP,happy,XX,train
1035_WSI_NEU_XX.wav,ai-service\data\raw\CREMA-D\AudioWAV\1035_WSI_NEU_XX.wav,1035,WSI,NEU,neutral,XX,train
1035_WSI_SAD_XX.wav,ai-service\data\raw\CREMA-D\AudioWAV\1035_WSI_SAD_XX.wav,1035,WSI,SAD,sad,XX,train
1037_DFA_ANG_XX.wav,ai-service\data\raw\CREMA-D\AudioWAV\1037_DFA_ANG_XX.wav,1037,DFA,ANG,angry,XX,train
1037_DFA_DIS_XX.wav,ai-service\data\raw\CREMA-D\AudioWAV\1037_DFA_DIS_XX.wav,1037,DFA,DIS,disgust,XX,train
1037_DFA_FEA_XX.wav,ai-service\data\raw\CREMA-D\AudioWAV\1037_DFA_FEA_XX.wav,1037,DFA,FEA,fear,XX,train
1037_DFA_HAP_XX.wav,ai-service\data\raw\CREMA-D\AudioWAV\1037_DFA_HAP_XX.wav,1037,DFA,HAP,happy,XX,train
1037_DFA_NEU_XX.wav,ai-service\data\raw\CREMA-D\AudioWAV\1037_DFA_NEU_XX.wav,1037,DFA,NEU,neutral,XX,train
1037_DFA_SAD_XX.wav,ai-service\data\raw\CREMA-D\AudioWAV\1037_DFA_SAD_XX.wav,1037,DFA,SAD,sad,XX,train
1037_IEO_ANG_HI.wav,ai-service\data\raw\CREMA-D\AudioWAV\1037_IEO_ANG_HI.wav,1037,IEO,ANG,angry,HI,train
1037_IEO_ANG_LO.wav,ai-service\data\raw\CREMA-D\AudioWAV\1037_IEO_ANG_LO.wav,1037,IEO,ANG,angry,LO,train
1037_IEO_ANG_MD.wav,ai-service\data\raw\CREMA-D\AudioWAV\1037_IEO_ANG_MD.wav,1037,IEO,ANG,angry,MD,train
1037_IEO_DIS_HI.wav,ai-service\data\raw\CREMA-D\AudioWAV\1037_IEO_DIS_HI.wav,1037,IEO,DIS,disgust,HI,train
1037_IEO_DIS_LO.wav,ai-service\data\raw\CREMA-D\AudioWAV\1037_IEO_DIS_LO.wav,1037,IEO,DIS,disgust,LO,train
1037_IEO_DIS_MD.wav,ai-service\data\raw\CREMA-D\AudioWAV\1037_IEO_DIS_MD.wav,1037,IEO,DIS,disgust,MD,train
1037_IEO_FEA_HI.wav,ai-service\data\raw\CREMA-D\AudioWAV\1037_IEO_FEA_HI.wav,1037,IEO,FEA,fear,HI,train
1037_IEO_FEA_LO.wav,ai-service\data\raw\CREMA-D\AudioWAV\1037_IEO_FEA_LO.wav,1037,IEO,FEA,fear,LO,train
1037_IEO_FEA_MD.wav,ai-service\data\raw\CREMA-D\AudioWAV\1037_IEO_FEA_MD.wav,1037,IEO,FEA,fear,MD,train
1037_IEO_HAP_HI.wav,ai-service\data\raw\CREMA-D\AudioWAV\1037_IEO_HAP_HI.wav,1037,IEO,HAP,happy,HI,train
1037_IEO_HAP_LO.wav,ai-service\data\raw\CREMA-D\AudioWAV\1037_IEO_HAP_LO.wav,1037,IEO,HAP,happy,LO,train
1037_IEO_HAP_MD.wav,ai-service\data\raw\CREMA-D\AudioWAV\1037_IEO_HAP_MD.wav,1037,IEO,HAP,happy,MD,train
1037_IEO_NEU_XX.wav,ai-service\data\raw\CREMA-D\AudioWAV\1037_IEO_NEU_XX.wav,1037,IEO,NEU,neutral,XX,train
1037_IEO_SAD_HI.wav,ai-service\data\raw\CREMA-D\AudioWAV\1037_IEO_SAD_HI.wav,1037,IEO,SAD,sad,HI,train
1037_IEO_SAD_LO.wav,ai-service\data\raw\CREMA-D\AudioWAV\1037_IEO_SAD_LO.wav,1037,IEO,SAD,sad,LO,train
1037_IEO_SAD_MD.wav,ai-service\data\raw\CREMA-D\AudioWAV\1037_IEO_SAD_MD.wav,1037,IEO,SAD,sad,MD,train
1037_IOM_ANG_XX.wav,ai-service\data\raw\CREMA-D\AudioWAV\1037_IOM_ANG_XX.wav,1037,IOM,ANG,angry,XX,train
1037_IOM_DIS_XX.wav,ai-service\data\raw\CREMA-D\AudioWAV\1037_IOM_DIS_XX.wav,1037,IOM,DIS,disgust,XX,train
1037_IOM_FEA_XX.wav,ai-service\data\raw\CREMA-D\AudioWAV\1037_IOM_FEA_XX.wav,1037,IOM,FEA,fear,XX,train
1037_IOM_HAP_XX.wav,ai-service\data\raw\CREMA-D\AudioWAV\1037_IOM_HAP_XX.wav,1037,IOM,HAP,happy,XX,train
1037_IOM_NEU_XX.wav,ai-service\data\raw\CREMA-D\AudioWAV\1037_IOM_NEU_XX.wav,1037,IOM,NEU,neutral,XX,train
1037_IOM_SAD_XX.wav,ai-service\data\raw\CREMA-D\AudioWAV\1037_IOM_SAD_XX.wav,1037,IOM,SAD,sad,XX,train
1037_ITH_ANG_XX.wav,ai-service\data\raw\CREMA-D\AudioWAV\1037_ITH_ANG_XX.wav,1037,ITH,ANG,angry,XX,train
1037_ITH_DIS_XX.wav,ai-service\data\raw\CREMA-D\AudioWAV\1037_ITH_DIS_XX.wav,1037,ITH,DIS,disgust,XX,train
1037_ITH_FEA_XX.wav,ai-service\data\raw\CREMA-D\AudioWAV\1037_ITH_FEA_XX.wav,1037,ITH,FEA,fear,XX,train
1037_ITH_HAP_XX.wav,ai-service\data\raw\CREMA-D\AudioWAV\1037_ITH_HAP_XX.wav,1037,ITH,HAP,happy,XX,train
1037_ITH_NEU_XX.wav,ai-service\data\raw\CREMA-D\AudioWAV\1037_ITH_NEU_XX.wav,1037,ITH,NEU,neutral,XX,train
1037_ITH_SAD_XX.wav,ai-service\data\raw\CREMA-D\AudioWAV\1037_ITH_SAD_XX.wav,1037,ITH,SAD,sad,XX,train
1037_ITS_ANG_XX.wav,ai-service\data\raw\CREMA-D\AudioWAV\1037_ITS_ANG_XX.wav,1037,ITS,ANG,angry,XX,train
1037_ITS_DIS_XX.wav,ai-service\data\raw\CREMA-D\AudioWAV\1037_ITS_DIS_XX.wav,1037,ITS,DIS,disgust,XX,train
1037_ITS_FEA_XX.wav,ai-service\data\raw\CREMA-D\AudioWAV\1037_ITS_FEA_XX.wav,1037,ITS,FEA,fear,XX,train
1037_ITS_HAP_XX.wav,ai-service\data\raw\CREMA-D\AudioWAV\1037_ITS_HAP_XX.wav,1037,ITS,HAP,happy,XX,train
1037_ITS_NEU_XX.wav,ai-service\data\raw\CREMA-D\AudioWAV\1037_ITS_NEU_XX.wav,1037,ITS,NEU,neutral,XX,train
1037_ITS_SAD_XX.wav,ai-service\data\raw\CREMA-D\AudioWAV\1037_ITS_SAD_XX.wav,1037,ITS,SAD,sad,XX,train
1037_IWL_ANG_XX.wav,ai-service\data\raw\CREMA-D\AudioWAV\1037_IWL_ANG_XX.wav,1037,IWL,ANG,angry,XX,train
1037_IWL_DIS_XX.wav,ai-service\data\raw\CREMA-D\AudioWAV\1037_IWL_DIS_XX.wav,1037,IWL,DIS,disgust,XX,train
1037_IWL_FEA_XX.wav,ai-service\data\raw\CREMA-D\AudioWAV\1037_IWL_FEA_XX.wav,1037,IWL,FEA,fear,XX,train
1037_IWL_HAP_XX.wav,ai-service\data\raw\CREMA-D\AudioWAV\1037_IWL_HAP_XX.wav,1037,IWL,HAP,happy,XX,train
1037_IWL_NEU_XX.wav,ai-service\data\raw\CREMA-D\AudioWAV\1037_IWL_NEU_XX.wav,1037,IWL,NEU,neutral,XX,train
1037_IWL_SAD_XX.wav,ai-service\data\raw\CREMA-D\AudioWAV\1037_IWL_SAD_XX.wav,1037,IWL,SAD,sad,XX,train
1037_IWW_ANG_XX.wav,ai-service\data\raw\CREMA-D\AudioWAV\1037_IWW_ANG_XX.wav,1037,IWW,ANG,angry,XX,train
1037_IWW_DIS_XX.wav,ai-service\data\raw\CREMA-D\AudioWAV\1037_IWW_DIS_XX.wav,1037,IWW,DIS,disgust,XX,train
1037_IWW_FEA_XX.wav,ai-service\data\raw\CREMA-D\AudioWAV\1037_IWW_FEA_XX.wav,1037,IWW,FEA,fear,XX,train
1037_IWW_HAP_XX.wav,ai-service\data\raw\CREMA-D\AudioWAV\1037_IWW_HAP_XX.wav,1037,IWW,HAP,happy,XX,train
1037_IWW_NEU_XX.wav,ai-service\data\raw\CREMA-D\AudioWAV\1037_IWW_NEU_XX.wav,1037,IWW,NEU,neutral,XX,train
1037_IWW_SAD_XX.wav,ai-service\data\raw\CREMA-D\AudioWAV\1037_IWW_SAD_XX.wav,1037,IWW,SAD,sad,XX,train
1037_MTI_ANG_XX.wav,ai-service\data\raw\CREMA-D\AudioWAV\1037_MTI_ANG_XX.wav,1037,MTI,ANG,angry,XX,train
1037_MTI_DIS_XX.wav,ai-service\data\raw\CREMA-D\AudioWAV\1037_MTI_DIS_XX.wav,1037,MTI,DIS,disgust,XX,train
1037_MTI_FEA_XX.wav,ai-service\data\raw\CREMA-D\AudioWAV\1037_MTI_FEA_XX.wav,1037,MTI,FEA,fear,XX,train
1037_MTI_HAP_XX.wav,ai-service\data\raw\CREMA-D\AudioWAV\1037_MTI_HAP_XX.wav,1037,MTI,HAP,happy,XX,train
1037_MTI_NEU_XX.wav,ai-service\data\raw\CREMA-D\AudioWAV\1037_MTI_NEU_XX.wav,1037,MTI,NEU,neutral,XX,train
1037_MTI_SAD_XX.wav,ai-service\data\raw\CREMA-D\AudioWAV\1037_MTI_SAD_XX.wav,1037,MTI,SAD,sad,XX,train
1037_TAI_ANG_XX.wav,ai-service\data\raw\CREMA-D\AudioWAV\1037_TAI_ANG_XX.wav,1037,TAI,ANG,angry,XX,train
1037_TAI_DIS_XX.wav,ai-service\data\raw\CREMA-D\AudioWAV\1037_TAI_DIS_XX.wav,1037,TAI,DIS,disgust,XX,train
1037_TAI_FEA_XX.wav,ai-service\data\raw\CREMA-D\AudioWAV\1037_TAI_FEA_XX.wav,1037,TAI,FEA,fear,XX,train
1037_TAI_HAP_XX.wav,ai-service\data\raw\CREMA-D\AudioWAV\1037_TAI_HAP_XX.wav,1037,TAI,HAP,happy,XX,train
1037_TAI_NEU_XX.wav,ai-service\data\raw\CREMA-D\AudioWAV\1037_TAI_NEU_XX.wav,1037,TAI,NEU,neutral,XX,train
1037_TAI_SAD_XX.wav,ai-service\data\raw\CREMA-D\AudioWAV\1037_TAI_SAD_XX.wav,1037,TAI,SAD,sad,XX,train
1037_TIE_ANG_XX.wav,ai-service\data\raw\CREMA-D\AudioWAV\1037_TIE_ANG_XX.wav,1037,TIE,ANG,angry,XX,train
1037_TIE_DIS_XX.wav,ai-service\data\raw\CREMA-D\AudioWAV\1037_TIE_DIS_XX.wav,1037,TIE,DIS,disgust,XX,train
1037_TIE_FEA_XX.wav,ai-service\data\raw\CREMA-D\AudioWAV\1037_TIE_FEA_XX.wav,1037,TIE,FEA,fear,XX,train
1037_TIE_HAP_XX.wav,ai-service\data\raw\CREMA-D\AudioWAV\1037_TIE_HAP_XX.wav,1037,TIE,HAP,happy,XX,train
1037_TIE_NEU_XX.wav,ai-service\data\raw\CREMA-D\AudioWAV\1037_TIE_NEU_XX.wav,1037,TIE,NEU,neutral,XX,train
1037_TIE_SAD_XX.wav,ai-service\data\raw\CREMA-D\AudioWAV\1037_TIE_SAD_XX.wav,1037,TIE,SAD,sad,XX,train
1037_TSI_ANG_XX.wav,ai-service\data\raw\CREMA-D\AudioWAV\1037_TSI_ANG_XX.wav,1037,TSI,ANG,angry,XX,train
1037_TSI_DIS_XX.wav,ai-service\data\raw\CREMA-D\AudioWAV\1037_TSI_DIS_XX.wav,1037,TSI,DIS,disgust,XX,train
1037_TSI_FEA_XX.wav,ai-service\data\raw\CREMA-D\AudioWAV\1037_TSI_FEA_XX.wav,1037,TSI,FEA,fear,XX,train
1037_TSI_HAP_XX.wav,ai-service\data\raw\CREMA-D\AudioWAV\1037_TSI_HAP_XX.wav,1037,TSI,HAP,happy,XX,train
1037_TSI_NEU_XX.wav,ai-service\data\raw\CREMA-D\AudioWAV\1037_TSI_NEU_XX.wav,1037,TSI,NEU,neutral,XX,train
1037_TSI_SAD_XX.wav,ai-service\data\raw\CREMA-D\AudioWAV\1037_TSI_SAD_XX.wav,1037,TSI,SAD,sad,XX,train
1037_WSI_ANG_XX.wav,ai-service\data\raw\CREMA-D\AudioWAV\1037_WSI_ANG_XX.wav,1037,WSI,ANG,angry,XX,train
1037_WSI_DIS_XX.wav,ai-service\data\raw\CREMA-D\AudioWAV\1037_WSI_DIS_XX.wav,1037,WSI,DIS,disgust,XX,train
1037_WSI_FEA_XX.wav,ai-service\data\raw\CREMA-D\AudioWAV\1037_WSI_FEA_XX.wav,1037,WSI,FEA,fear,XX,train
1037_WSI_HAP_XX.wav,ai-service\data\raw\CREMA-D\AudioWAV\1037_WSI_HAP_XX.wav,1037,WSI,HAP,happy,XX,train
1037_WSI_NEU_XX.wav,ai-service\data\raw\CREMA-D\AudioWAV\1037_WSI_NEU_XX.wav,1037,WSI,NEU,neutral,XX,train
1037_WSI_SAD_XX.wav,ai-service\data\raw\CREMA-D\AudioWAV\1037_WSI_SAD_XX.wav,1037,WSI,SAD,sad,XX,train
1038_DFA_ANG_XX.wav,ai-service\data\raw\CREMA-D\AudioWAV\1038_DFA_ANG_XX.wav,1038,DFA,ANG,angry,XX,train
1038_DFA_DIS_XX.wav,ai-service\data\raw\CREMA-D\AudioWAV\1038_DFA_DIS_XX.wav,1038,DFA,DIS,disgust,XX,train
1038_DFA_FEA_XX.wav,ai-service\data\raw\CREMA-D\AudioWAV\1038_DFA_FEA_XX.wav,1038,DFA,FEA,fear,XX,train
1038_DFA_HAP_XX.wav,ai-service\data\raw\CREMA-D\AudioWAV\1038_DFA_HAP_XX.wav,1038,DFA,HAP,happy,XX,train
1038_DFA_NEU_XX.wav,ai-service\data\raw\CREMA-D\AudioWAV\1038_DFA_NEU_XX.wav,1038,DFA,NEU,neutral,XX,train
1038_DFA_SAD_XX.wav,ai-service\data\raw\CREMA-D\AudioWAV\1038_DFA_SAD_XX.wav,1038,DFA,SAD,sad,XX,train
1038_IEO_ANG_HI.wav,ai-service\data\raw\CREMA-D\AudioWAV\1038_IEO_ANG_HI.wav,1038,IEO,ANG,angry,HI,train
1038_IEO_ANG_LO.wav,ai-service\data\raw\CREMA-D\AudioWAV\1038_IEO_ANG_LO.wav,1038,IEO,ANG,angry,LO,train
1038_IEO_ANG_MD.wav,ai-service\data\raw\CREMA-D\AudioWAV\1038_IEO_ANG_MD.wav,1038,IEO,ANG,angry,MD,train
1038_IEO_DIS_HI.wav,ai-service\data\raw\CREMA-D\AudioWAV\1038_IEO_DIS_HI.wav,1038,IEO,DIS,disgust,HI,train
1038_IEO_DIS_LO.wav,ai-service\data\raw\CREMA-D\AudioWAV\1038_IEO_DIS_LO.wav,1038,IEO,DIS,disgust,LO,train
1038_IEO_DIS_MD.wav,ai-service\data\raw\CREMA-D\AudioWAV\1038_IEO_DIS_MD.wav,1038,IEO,DIS,disgust,MD,train
1038_IEO_FEA_HI.wav,ai-service\data\raw\CREMA-D\AudioWAV\1038_IEO_FEA_HI.wav,1038,IEO,FEA,fear,HI,train
1038_IEO_FEA_LO.wav,ai-service\data\raw\CREMA-D\AudioWAV\1038_IEO_FEA_LO.wav,1038,IEO,FEA,fear,LO,train
1038_IEO_FEA_MD.wav,ai-service\data\raw\CREMA-D\AudioWAV\1038_IEO_FEA_MD.wav,1038,IEO,FEA,fear,MD,train
1038_IEO_HAP_HI.wav,ai-service\data\raw\CREMA-D\AudioWAV\1038_IEO_HAP_HI.wav,1038,IEO,HAP,happy,HI,train
1038_IEO_HAP_LO.wav,ai-service\data\raw\CREMA-D\AudioWAV\1038_IEO_HAP_LO.wav,1038,IEO,HAP,happy,LO,train
1038_IEO_HAP_MD.wav,ai-service\data\raw\CREMA-D\AudioWAV\1038_IEO_HAP_MD.wav,1038,IEO,HAP,happy,MD,train
1038_IEO_NEU_XX.wav,ai-service\data\raw\CREMA-D\AudioWAV\1038_IEO_NEU_XX.wav,1038,IEO,NEU,neutral,XX,train
1038_IEO_SAD_HI.wav,ai-service\data\raw\CREMA-D\AudioWAV\1038_IEO_SAD_HI.wav,1038,IEO,SAD,sad,HI,train
1038_IEO_SAD_LO.wav,ai-service\data\raw\CREMA-D\AudioWAV\1038_IEO_SAD_LO.wav,1038,IEO,SAD,sad,LO,train
1038_IEO_SAD_MD.wav,ai-service\data\raw\CREMA-D\AudioWAV\1038_IEO_SAD_MD.wav,1038,IEO,SAD,sad,MD,train
1038_IOM_ANG_XX.wav,ai-service\data\raw\CREMA-D\AudioWAV\1038_IOM_ANG_XX.wav,1038,IOM,ANG,angry,XX,train
1038_IOM_DIS_XX.wav,ai-service\data\raw\CREMA-D\AudioWAV\1038_IOM_DIS_XX.wav,1038,IOM,DIS,disgust,XX,train
1038_IOM_FEA_XX.wav,ai-service\data\raw\CREMA-D\AudioWAV\1038_IOM_FEA_XX.wav,1038,IOM,FEA,fear,XX,train
1038_IOM_HAP_XX.wav,ai-service\data\raw\CREMA-D\AudioWAV\1038_IOM_HAP_XX.wav,1038,IOM,HAP,happy,XX,train
1038_IOM_NEU_XX.wav,ai-service\data\raw\CREMA-D\AudioWAV\1038_IOM_NEU_XX.wav,1038,IOM,NEU,neutral,XX,train
1038_IOM_SAD_XX.wav,ai-service\data\raw\CREMA-D\AudioWAV\1038_IOM_SAD_XX.wav,1038,IOM,SAD,sad,XX,train
1038_ITH_ANG_XX.wav,ai-service\data\raw\CREMA-D\AudioWAV\1038_ITH_ANG_XX.wav,1038,ITH,ANG,angry,XX,train
1038_ITH_DIS_XX.wav,ai-service\data\raw\CREMA-D\AudioWAV\1038_ITH_DIS_XX.wav,1038,ITH,DIS,disgust,XX,train
1038_ITH_FEA_XX.wav,ai-service\data\raw\CREMA-D\AudioWAV\1038_ITH_FEA_XX.wav,1038,ITH,FEA,fear,XX,train
1038_ITH_HAP_XX.wav,ai-service\data\raw\CREMA-D\AudioWAV\1038_ITH_HAP_XX.wav,1038,ITH,HAP,happy,XX,train
1038_ITH_NEU_XX.wav,ai-service\data\raw\CREMA-D\AudioWAV\1038_ITH_NEU_XX.wav,1038,ITH,NEU,neutral,XX,train
1038_ITH_SAD_XX.wav,ai-service\data\raw\CREMA-D\AudioWAV\1038_ITH_SAD_XX.wav,1038,ITH,SAD,sad,XX,train
1038_ITS_ANG_XX.wav,ai-service\data\raw\CREMA-D\AudioWAV\1038_ITS_ANG_XX.wav,1038,ITS,ANG,angry,XX,train
1038_ITS_DIS_XX.wav,ai-service\data\raw\CREMA-D\AudioWAV\1038_ITS_DIS_XX.wav,1038,ITS,DIS,disgust,XX,train
1038_ITS_FEA_XX.wav,ai-service\data\raw\CREMA-D\AudioWAV\1038_ITS_FEA_XX.wav,1038,ITS,FEA,fear,XX,train
1038_ITS_HAP_XX.wav,ai-service\data\raw\CREMA-D\AudioWAV\1038_ITS_HAP_XX.wav,1038,ITS,HAP,happy,XX,train
1038_ITS_NEU_XX.wav,ai-service\data\raw\CREMA-D\AudioWAV\1038_ITS_NEU_XX.wav,1038,ITS,NEU,neutral,XX,train
1038_ITS_SAD_XX.wav,ai-service\data\raw\CREMA-D\AudioWAV\1038_ITS_SAD_XX.wav,1038,ITS,SAD,sad,XX,train
1038_IWL_ANG_XX.wav,ai-service\data\raw\CREMA-D\AudioWAV\1038_IWL_ANG_XX.wav,1038,IWL,ANG,angry,XX,train
1038_IWL_DIS_XX.wav,ai-service\data\raw\CREMA-D\AudioWAV\1038_IWL_DIS_XX.wav,1038,IWL,DIS,disgust,XX,train
1038_IWL_FEA_XX.wav,ai-service\data\raw\CREMA-D\AudioWAV\1038_IWL_FEA_XX.wav,1038,IWL,FEA,fear,XX,train
1038_IWL_HAP_XX.wav,ai-service\data\raw\CREMA-D\AudioWAV\1038_IWL_HAP_XX.wav,1038,IWL,HAP,happy,XX,train
1038_IWL_NEU_XX.wav,ai-service\data\raw\CREMA-D\AudioWAV\1038_IWL_NEU_XX.wav,1038,IWL,NEU,neutral,XX,train
1038_IWL_SAD_XX.wav,ai-service\data\raw\CREMA-D\AudioWAV\1038_IWL_SAD_XX.wav,1038,IWL,SAD,sad,XX,train
1038_IWW_ANG_XX.wav,ai-service\data\raw\CREMA-D\AudioWAV\1038_IWW_ANG_XX.wav,1038,IWW,ANG,angry,XX,train
1038_IWW_DIS_XX.wav,ai-service\data\raw\CREMA-D\AudioWAV\1038_IWW_DIS_XX.wav,1038,IWW,DIS,disgust,XX,train
1038_IWW_FEA_XX.wav,ai-service\data\raw\CREMA-D\AudioWAV\1038_IWW_FEA_XX.wav,1038,IWW,FEA,fear,XX,train
1038_IWW_HAP_XX.wav,ai-service\data\raw\CREMA-D\AudioWAV\1038_IWW_HAP_XX.wav,1038,IWW,HAP,happy,XX,train
1038_IWW_NEU_XX.wav,ai-service\data\raw\CREMA-D\AudioWAV\1038_IWW_NEU_XX.wav,1038,IWW,NEU,neutral,XX,train
1038_IWW_SAD_XX.wav,ai-service\data\raw\CREMA-D\AudioWAV\1038_IWW_SAD_XX.wav,1038,IWW,SAD,sad,XX,train
1038_MTI_ANG_XX.wav,ai-service\data\raw\CREMA-D\AudioWAV\1038_MTI_ANG_XX.wav,1038,MTI,ANG,angry,XX,train
1038_MTI_DIS_XX.wav,ai-service\data\raw\CREMA-D\AudioWAV\1038_MTI_DIS_XX.wav,1038,MTI,DIS,disgust,XX,train
1038_MTI_FEA_XX.wav,ai-service\data\raw\CREMA-D\AudioWAV\1038_MTI_FEA_XX.wav,1038,MTI,FEA,fear,XX,train
1038_MTI_HAP_XX.wav,ai-service\data\raw\CREMA-D\AudioWAV\1038_MTI_HAP_XX.wav,1038,MTI,HAP,happy,XX,train
1038_MTI_NEU_XX.wav,ai-service\data\raw\CREMA-D\AudioWAV\1038_MTI_NEU_XX.wav,1038,MTI,NEU,neutral,XX,train
1038_MTI_SAD_XX.wav,ai-service\data\raw\CREMA-D\AudioWAV\1038_MTI_SAD_XX.wav,1038,MTI,SAD,sad,XX,train
1038_TAI_ANG_XX.wav,ai-service\data\raw\CREMA-D\AudioWAV\1038_TAI_ANG_XX.wav,1038,TAI,ANG,angry,XX,train
1038_TAI_DIS_XX.wav,ai-service\data\raw\CREMA-D\AudioWAV\1038_TAI_DIS_XX.wav,1038,TAI,DIS,disgust,XX,train
1038_TAI_FEA_XX.wav,ai-service\data\raw\CREMA-D\AudioWAV\1038_TAI_FEA_XX.wav,1038,TAI,FEA,fear,XX,train
1038_TAI_HAP_XX.wav,ai-service\data\raw\CREMA-D\AudioWAV\1038_TAI_HAP_XX.wav,1038,TAI,HAP,happy,XX,train
1038_TAI_NEU_XX.wav,ai-service\data\raw\CREMA-D\AudioWAV\1038_TAI_NEU_XX.wav,1038,TAI,NEU,neutral,XX,train
1038_TAI_SAD_XX.wav,ai-service\data\raw\CREMA-D\AudioWAV\1038_TAI_SAD_XX.wav,1038,TAI,SAD,sad,XX,train
1038_TIE_ANG_XX.wav,ai-service\data\raw\CREMA-D\AudioWAV\1038_TIE_ANG_XX.wav,1038,TIE,ANG,angry,XX,train
1038_TIE_DIS_XX.wav,ai-service\data\raw\CREMA-D\AudioWAV\1038_TIE_DIS_XX.wav,1038,TIE,DIS,disgust,XX,train
1038_TIE_FEA_XX.wav,ai-service\data\raw\CREMA-D\AudioWAV\1038_TIE_FEA_XX.wav,1038,TIE,FEA,fear,XX,train
1038_TIE_HAP_XX.wav,ai-service\data\raw\CREMA-D\AudioWAV\1038_TIE_HAP_XX.wav,1038,TIE,HAP,happy,XX,train
1038_TIE_NEU_XX.wav,ai-service\data\raw\CREMA-D\AudioWAV\1038_TIE_NEU_XX.wav,1038,TIE,NEU,neutral,XX,train
1038_TIE_SAD_XX.wav,ai-service\data\raw\CREMA-D\AudioWAV\1038_TIE_SAD_XX.wav,1038,TIE,SAD,sad,XX,train
1038_TSI_ANG_XX.wav,ai-service\data\raw\CREMA-D\AudioWAV\1038_TSI_ANG_XX.wav,1038,TSI,ANG,angry,XX,train
1038_TSI_DIS_XX.wav,ai-service\data\raw\CREMA-D\AudioWAV\1038_TSI_DIS_XX.wav,1038,TSI,DIS,disgust,XX,train
1038_TSI_FEA_XX.wav,ai-service\data\raw\CREMA-D\AudioWAV\1038_TSI_FEA_XX.wav,1038,TSI,FEA,fear,XX,train
1038_TSI_HAP_XX.wav,ai-service\data\raw\CREMA-D\AudioWAV\1038_TSI_HAP_XX.wav,1038,TSI,HAP,happy,XX,train
1038_TSI_NEU_XX.wav,ai-service\data\raw\CREMA-D\AudioWAV\1038_TSI_NEU_XX.wav,1038,TSI,NEU,neutral,XX,train
1038_TSI_SAD_XX.wav,ai-service\data\raw\CREMA-D\AudioWAV\1038_TSI_SAD_XX.wav,1038,TSI,SAD,sad,XX,train
1038_WSI_ANG_XX.wav,ai-service\data\raw\CREMA-D\AudioWAV\1038_WSI_ANG_XX.wav,1038,WSI,ANG,angry,XX,train
1038_WSI_DIS_XX.wav,ai-service\data\raw\CREMA-D\AudioWAV\1038_WSI_DIS_XX.wav,1038,WSI,DIS,disgust,XX,train
1038_WSI_FEA_XX.wav,ai-service\data\raw\CREMA-D\AudioWAV\1038_WSI_FEA_XX.wav,1038,WSI,FEA,fear,XX,train
1038_WSI_HAP_XX.wav,ai-service\data\raw\CREMA-D\AudioWAV\1038_WSI_HAP_XX.wav,1038,WSI,HAP,happy,XX,train
1038_WSI_NEU_XX.wav,ai-service\data\raw\CREMA-D\AudioWAV\1038_WSI_NEU_XX.wav,1038,WSI,NEU,neutral,XX,train
1038_WSI_SAD_XX.wav,ai-service\data\raw\CREMA-D\AudioWAV\1038_WSI_SAD_XX.wav,1038,WSI,SAD,sad,XX,train
1039_DFA_ANG_XX.wav,ai-service\data\raw\CREMA-D\AudioWAV\1039_DFA_ANG_XX.wav,1039,DFA,ANG,angry,XX,train
1039_DFA_DIS_XX.wav,ai-service\data\raw\CREMA-D\AudioWAV\1039_DFA_DIS_XX.wav,1039,DFA,DIS,disgust,XX,train
1039_DFA_FEA_XX.wav,ai-service\data\raw\CREMA-D\AudioWAV\1039_DFA_FEA_XX.wav,1039,DFA,FEA,fear,XX,train
1039_DFA_HAP_XX.wav,ai-service\data\raw\CREMA-D\AudioWAV\1039_DFA_HAP_XX.wav,1039,DFA,HAP,happy,XX,train
1039_DFA_NEU_XX.wav,ai-service\data\raw\CREMA-D\AudioWAV\1039_DFA_NEU_XX.wav,1039,DFA,NEU,neutral,XX,train
1039_DFA_SAD_XX.wav,ai-service\data\raw\CREMA-D\AudioWAV\1039_DFA_SAD_XX.wav,1039,DFA,SAD,sad,XX,train
1039_IEO_ANG_HI.wav,ai-service\data\raw\CREMA-D\AudioWAV\1039_IEO_ANG_HI.wav,1039,IEO,ANG,angry,HI,train
1039_IEO_ANG_LO.wav,ai-service\data\raw\CREMA-D\AudioWAV\1039_IEO_ANG_LO.wav,1039,IEO,ANG,angry,LO,train
1039_IEO_ANG_MD.wav,ai-service\data\raw\CREMA-D\AudioWAV\1039_IEO_ANG_MD.wav,1039,IEO,ANG,angry,MD,train
1039_IEO_DIS_HI.wav,ai-service\data\raw\CREMA-D\AudioWAV\1039_IEO_DIS_HI.wav,1039,IEO,DIS,disgust,HI,train
1039_IEO_DIS_LO.wav,ai-service\data\raw\CREMA-D\AudioWAV\1039_IEO_DIS_LO.wav,1039,IEO,DIS,disgust,LO,train
1039_IEO_DIS_MD.wav,ai-service\data\raw\CREMA-D\AudioWAV\1039_IEO_DIS_MD.wav,1039,IEO,DIS,disgust,MD,train
1039_IEO_FEA_HI.wav,ai-service\data\raw\CREMA-D\AudioWAV\1039_IEO_FEA_HI.wav,1039,IEO,FEA,fear,HI,train
1039_IEO_FEA_LO.wav,ai-service\data\raw\CREMA-D\AudioWAV\1039_IEO_FEA_LO.wav,1039,IEO,FEA,fear,LO,train
1039_IEO_FEA_MD.wav,ai-service\data\raw\CREMA-D\AudioWAV\1039_IEO_FEA_MD.wav,1039,IEO,FEA,fear,MD,train
1039_IEO_HAP_HI.wav,ai-service\data\raw\CREMA-D\AudioWAV\1039_IEO_HAP_HI.wav,1039,IEO,HAP,happy,HI,train
1039_IEO_HAP_LO.wav,ai-service\data\raw\CREMA-D\AudioWAV\1039_IEO_HAP_LO.wav,1039,IEO,HAP,happy,LO,train
1039_IEO_HAP_MD.wav,ai-service\data\raw\CREMA-D\AudioWAV\1039_IEO_HAP_MD.wav,1039,IEO,HAP,happy,MD,train
1039_IEO_NEU_XX.wav,ai-service\data\raw\CREMA-D\AudioWAV\1039_IEO_NEU_XX.wav,1039,IEO,NEU,neutral,XX,train
1039_IEO_SAD_HI.wav,ai-service\data\raw\CREMA-D\AudioWAV\1039_IEO_SAD_HI.wav,1039,IEO,SAD,sad,HI,train
1039_IEO_SAD_LO.wav,ai-service\data\raw\CREMA-D\AudioWAV\1039_IEO_SAD_LO.wav,1039,IEO,SAD,sad,LO,train
1039_IEO_SAD_MD.wav,ai-service\data\raw\CREMA-D\AudioWAV\1039_IEO_SAD_MD.wav,1039,IEO,SAD,sad,MD,train
1039_IOM_ANG_XX.wav,ai-service\data\raw\CREMA-D\AudioWAV\1039_IOM_ANG_XX.wav,1039,IOM,ANG,angry,XX,train
1039_IOM_DIS_XX.wav,ai-service\data\raw\CREMA-D\AudioWAV\1039_IOM_DIS_XX.wav,1039,IOM,DIS,disgust,XX,train
1039_IOM_FEA_XX.wav,ai-service\data\raw\CREMA-D\AudioWAV\1039_IOM_FEA_XX.wav,1039,IOM,FEA,fear,XX,train
1039_IOM_HAP_XX.wav,ai-service\data\raw\CREMA-D\AudioWAV\1039_IOM_HAP_XX.wav,1039,IOM,HAP,happy,XX,train
1039_IOM_NEU_XX.wav,ai-service\data\raw\CREMA-D\AudioWAV\1039_IOM_NEU_XX.wav,1039,IOM,NEU,neutral,XX,train
1039_IOM_SAD_XX.wav,ai-service\data\raw\CREMA-D\AudioWAV\1039_IOM_SAD_XX.wav,1039,IOM,SAD,sad,XX,train
1039_ITH_ANG_XX.wav,ai-service\data\raw\CREMA-D\AudioWAV\1039_ITH_ANG_XX.wav,1039,ITH,ANG,angry,XX,train
1039_ITH_DIS_XX.wav,ai-service\data\raw\CREMA-D\AudioWAV\1039_ITH_DIS_XX.wav,1039,ITH,DIS,disgust,XX,train
1039_ITH_FEA_XX.wav,ai-service\data\raw\CREMA-D\AudioWAV\1039_ITH_FEA_XX.wav,1039,ITH,FEA,fear,XX,train
1039_ITH_HAP_XX.wav,ai-service\data\raw\CREMA-D\AudioWAV\1039_ITH_HAP_XX.wav,1039,ITH,HAP,happy,XX,train
1039_ITH_NEU_XX.wav,ai-service\data\raw\CREMA-D\AudioWAV\1039_ITH_NEU_XX.wav,1039,ITH,NEU,neutral,XX,train
1039_ITH_SAD_XX.wav,ai-service\data\raw\CREMA-D\AudioWAV\1039_ITH_SAD_XX.wav,1039,ITH,SAD,sad,XX,train
1039_ITS_ANG_XX.wav,ai-service\data\raw\CREMA-D\AudioWAV\1039_ITS_ANG_XX.wav,1039,ITS,ANG,angry,XX,train
1039_ITS_DIS_XX.wav,ai-service\data\raw\CREMA-D\AudioWAV\1039_ITS_DIS_XX.wav,1039,ITS,DIS,disgust,XX,train
1039_ITS_FEA_XX.wav,ai-service\data\raw\CREMA-D\AudioWAV\1039_ITS_FEA_XX.wav,1039,ITS,FEA,fear,XX,train
1039_ITS_HAP_XX.wav,ai-service\data\raw\CREMA-D\AudioWAV\1039_ITS_HAP_XX.wav,1039,ITS,HAP,happy,XX,train
1039_ITS_NEU_XX.wav,ai-service\data\raw\CREMA-D\AudioWAV\1039_ITS_NEU_XX.wav,1039,ITS,NEU,neutral,XX,train
1039_ITS_SAD_XX.wav,ai-service\data\raw\CREMA-D\AudioWAV\1039_ITS_SAD_XX.wav,1039,ITS,SAD,sad,XX,train
1039_IWL_ANG_XX.wav,ai-service\data\raw\CREMA-D\AudioWAV\1039_IWL_ANG_XX.wav,1039,IWL,ANG,angry,XX,train
1039_IWL_DIS_XX.wav,ai-service\data\raw\CREMA-D\AudioWAV\1039_IWL_DIS_XX.wav,1039,IWL,DIS,disgust,XX,train
1039_IWL_FEA_XX.wav,ai-service\data\raw\CREMA-D\AudioWAV\1039_IWL_FEA_XX.wav,1039,IWL,FEA,fear,XX,train
1039_IWL_HAP_XX.wav,ai-service\data\raw\CREMA-D\AudioWAV\1039_IWL_HAP_XX.wav,1039,IWL,HAP,happy,XX,train
1039_IWL_NEU_XX.wav,ai-service\data\raw\CREMA-D\AudioWAV\1039_IWL_NEU_XX.wav,1039,IWL,NEU,neutral,XX,train
1039_IWL_SAD_XX.wav,ai-service\data\raw\CREMA-D\AudioWAV\1039_IWL_SAD_XX.wav,1039,IWL,SAD,sad,XX,train
1039_IWW_ANG_XX.wav,ai-service\data\raw\CREMA-D\AudioWAV\1039_IWW_ANG_XX.wav,1039,IWW,ANG,angry,XX,train
1039_IWW_DIS_XX.wav,ai-service\data\raw\CREMA-D\AudioWAV\1039_IWW_DIS_XX.wav,1039,IWW,DIS,disgust,XX,train
1039_IWW_FEA_XX.wav,ai-service\data\raw\CREMA-D\AudioWAV\1039_IWW_FEA_XX.wav,1039,IWW,FEA,fear,XX,train
1039_IWW_HAP_XX.wav,ai-service\data\raw\CREMA-D\AudioWAV\1039_IWW_HAP_XX.wav,1039,IWW,HAP,happy,XX,train
1039_IWW_NEU_XX.wav,ai-service\data\raw\CREMA-D\AudioWAV\1039_IWW_NEU_XX.wav,1039,IWW,NEU,neutral,XX,train
1039_IWW_SAD_XX.wav,ai-service\data\raw\CREMA-D\AudioWAV\1039_IWW_SAD_XX.wav,1039,IWW,SAD,sad,XX,train
1039_MTI_ANG_XX.wav,ai-service\data\raw\CREMA-D\AudioWAV\1039_MTI_ANG_XX.wav,1039,MTI,ANG,angry,XX,train
1039_MTI_DIS_XX.wav,ai-service\data\raw\CREMA-D\AudioWAV\1039_MTI_DIS_XX.wav,1039,MTI,DIS,disgust,XX,train
1039_MTI_FEA_XX.wav,ai-service\data\raw\CREMA-D\AudioWAV\1039_MTI_FEA_XX.wav,1039,MTI,FEA,fear,XX,train
1039_MTI_HAP_XX.wav,ai-service\data\raw\CREMA-D\AudioWAV\1039_MTI_HAP_XX.wav,1039,MTI,HAP,happy,XX,train
1039_MTI_NEU_XX.wav,ai-service\data\raw\CREMA-D\AudioWAV\1039_MTI_NEU_XX.wav,1039,MTI,NEU,neutral,XX,train
1039_MTI_SAD_XX.wav,ai-service\data\raw\CREMA-D\AudioWAV\1039_MTI_SAD_XX.wav,1039,MTI,SAD,sad,XX,train
1039_TAI_ANG_XX.wav,ai-service\data\raw\CREMA-D\AudioWAV\1039_TAI_ANG_XX.wav,1039,TAI,ANG,angry,XX,train
1039_TAI_DIS_XX.wav,ai-service\data\raw\CREMA-D\AudioWAV\1039_TAI_DIS_XX.wav,1039,TAI,DIS,disgust,XX,train
1039_TAI_FEA_XX.wav,ai-service\data\raw\CREMA-D\AudioWAV\1039_TAI_FEA_XX.wav,1039,TAI,FEA,fear,XX,train
1039_TAI_HAP_XX.wav,ai-service\data\raw\CREMA-D\AudioWAV\1039_TAI_HAP_XX.wav,1039,TAI,HAP,happy,XX,train
1039_TAI_NEU_XX.wav,ai-service\data\raw\CREMA-D\AudioWAV\1039_TAI_NEU_XX.wav,1039,TAI,NEU,neutral,XX,train
1039_TAI_SAD_XX.wav,ai-service\data\raw\CREMA-D\AudioWAV\1039_TAI_SAD_XX.wav,1039,TAI,SAD,sad,XX,train
1039_TIE_ANG_XX.wav,ai-service\data\raw\CREMA-D\AudioWAV\1039_TIE_ANG_XX.wav,1039,TIE,ANG,angry,XX,train
1039_TIE_DIS_XX.wav,ai-service\data\raw\CREMA-D\AudioWAV\1039_TIE_DIS_XX.wav,1039,TIE,DIS,disgust,XX,train
1039_TIE_FEA_XX.wav,ai-service\data\raw\CREMA-D\AudioWAV\1039_TIE_FEA_XX.wav,1039,TIE,FEA,fear,XX,train
1039_TIE_HAP_XX.wav,ai-service\data\raw\CREMA-D\AudioWAV\1039_TIE_HAP_XX.wav,1039,TIE,HAP,happy,XX,train
1039_TIE_NEU_XX.wav,ai-service\data\raw\CREMA-D\AudioWAV\1039_TIE_NEU_XX.wav,1039,TIE,NEU,neutral,XX,train
1039_TIE_SAD_XX.wav,ai-service\data\raw\CREMA-D\AudioWAV\1039_TIE_SAD_XX.wav,1039,TIE,SAD,sad,XX,train
1039_TSI_ANG_XX.wav,ai-service\data\raw\CREMA-D\AudioWAV\1039_TSI_ANG_XX.wav,1039,TSI,ANG,angry,XX,train
1039_TSI_DIS_XX.wav,ai-service\data\raw\CREMA-D\AudioWAV\1039_TSI_DIS_XX.wav,1039,TSI,DIS,disgust,XX,train
1039_TSI_FEA_XX.wav,ai-service\data\raw\CREMA-D\AudioWAV\1039_TSI_FEA_XX.wav,1039,TSI,FEA,fear,XX,train
1039_TSI_HAP_XX.wav,ai-service\data\raw\CREMA-D\AudioWAV\1039_TSI_HAP_XX.wav,1039,TSI,HAP,happy,XX,train
1039_TSI_NEU_XX.wav,ai-service\data\raw\CREMA-D\AudioWAV\1039_TSI_NEU_XX.wav,1039,TSI,NEU,neutral,XX,train
1039_TSI_SAD_XX.wav,ai-service\data\raw\CREMA-D\AudioWAV\1039_TSI_SAD_XX.wav,1039,TSI,SAD,sad,XX,train
1039_WSI_ANG_XX.wav,ai-service\data\raw\CREMA-D\AudioWAV\1039_WSI_ANG_XX.wav,1039,WSI,ANG,angry,XX,train
1039_WSI_DIS_XX.wav,ai-service\data\raw\CREMA-D\AudioWAV\1039_WSI_DIS_XX.wav,1039,WSI,DIS,disgust,XX,train
1039_WSI_FEA_XX.wav,ai-service\data\raw\CREMA-D\AudioWAV\1039_WSI_FEA_XX.wav,1039,WSI,FEA,fear,XX,train
1039_WSI_HAP_XX.wav,ai-service\data\raw\CREMA-D\AudioWAV\1039_WSI_HAP_XX.wav,1039,WSI,HAP,happy,XX,train
1039_WSI_NEU_XX.wav,ai-service\data\raw\CREMA-D\AudioWAV\1039_WSI_NEU_XX.wav,1039,WSI,NEU,neutral,XX,train
1039_WSI_SAD_XX.wav,ai-service\data\raw\CREMA-D\AudioWAV\1039_WSI_SAD_XX.wav,1039,WSI,SAD,sad,XX,train
1040_DFA_ANG_XX.wav,ai-service\data\raw\CREMA-D\AudioWAV\1040_DFA_ANG_XX.wav,1040,DFA,ANG,angry,XX,train
1040_DFA_DIS_XX.wav,ai-service\data\raw\CREMA-D\AudioWAV\1040_DFA_DIS_XX.wav,1040,DFA,DIS,disgust,XX,train
1040_DFA_FEA_XX.wav,ai-service\data\raw\CREMA-D\AudioWAV\1040_DFA_FEA_XX.wav,1040,DFA,FEA,fear,XX,train
1040_DFA_HAP_XX.wav,ai-service\data\raw\CREMA-D\AudioWAV\1040_DFA_HAP_XX.wav,1040,DFA,HAP,happy,XX,train
1040_DFA_NEU_XX.wav,ai-service\data\raw\CREMA-D\AudioWAV\1040_DFA_NEU_XX.wav,1040,DFA,NEU,neutral,XX,train
1040_DFA_SAD_XX.wav,ai-service\data\raw\CREMA-D\AudioWAV\1040_DFA_SAD_XX.wav,1040,DFA,SAD,sad,XX,train
1040_IEO_ANG_HI.wav,ai-service\data\raw\CREMA-D\AudioWAV\1040_IEO_ANG_HI.wav,1040,IEO,ANG,angry,HI,train
1040_IEO_ANG_LO.wav,ai-service\data\raw\CREMA-D\AudioWAV\1040_IEO_ANG_LO.wav,1040,IEO,ANG,angry,LO,train
1040_IEO_ANG_MD.wav,ai-service\data\raw\CREMA-D\AudioWAV\1040_IEO_ANG_MD.wav,1040,IEO,ANG,angry,MD,train
1040_IEO_DIS_HI.wav,ai-service\data\raw\CREMA-D\AudioWAV\1040_IEO_DIS_HI.wav,1040,IEO,DIS,disgust,HI,train
1040_IEO_DIS_LO.wav,ai-service\data\raw\CREMA-D\AudioWAV\1040_IEO_DIS_LO.wav,1040,IEO,DIS,disgust,LO,train
1040_IEO_DIS_MD.wav,ai-service\data\raw\CREMA-D\AudioWAV\1040_IEO_DIS_MD.wav,1040,IEO,DIS,disgust,MD,train
1040_IEO_FEA_HI.wav,ai-service\data\raw\CREMA-D\AudioWAV\1040_IEO_FEA_HI.wav,1040,IEO,FEA,fear,HI,train
1040_IEO_FEA_LO.wav,ai-service\data\raw\CREMA-D\AudioWAV\1040_IEO_FEA_LO.wav,1040,IEO,FEA,fear,LO,train
1040_IEO_FEA_MD.wav,ai-service\data\raw\CREMA-D\AudioWAV\1040_IEO_FEA_MD.wav,1040,IEO,FEA,fear,MD,train
1040_IEO_HAP_HI.wav,ai-service\data\raw\CREMA-D\AudioWAV\1040_IEO_HAP_HI.wav,1040,IEO,HAP,happy,HI,train
1040_IEO_HAP_LO.wav,ai-service\data\raw\CREMA-D\AudioWAV\1040_IEO_HAP_LO.wav,1040,IEO,HAP,happy,LO,train
1040_IEO_HAP_MD.wav,ai-service\data\raw\CREMA-D\AudioWAV\1040_IEO_HAP_MD.wav,1040,IEO,HAP,happy,MD,train
1040_IEO_NEU_XX.wav,ai-service\data\raw\CREMA-D\AudioWAV\1040_IEO_NEU_XX.wav,1040,IEO,NEU,neutral,XX,train
1040_IEO_SAD_HI.wav,ai-service\data\raw\CREMA-D\AudioWAV\1040_IEO_SAD_HI.wav,1040,IEO,SAD,sad,HI,train
1040_IEO_SAD_LO.wav,ai-service\data\raw\CREMA-D\AudioWAV\1040_IEO_SAD_LO.wav,1040,IEO,SAD,sad,LO,train
1040_IEO_SAD_MD.wav,ai-service\data\raw\CREMA-D\AudioWAV\1040_IEO_SAD_MD.wav,1040,IEO,SAD,sad,MD,train
1040_IOM_ANG_XX.wav,ai-service\data\raw\CREMA-D\AudioWAV\1040_IOM_ANG_XX.wav,1040,IOM,ANG,angry,XX,train
1040_IOM_DIS_XX.wav,ai-service\data\raw\CREMA-D\AudioWAV\1040_IOM_DIS_XX.wav,1040,IOM,DIS,disgust,XX,train
1040_IOM_FEA_XX.wav,ai-service\data\raw\CREMA-D\AudioWAV\1040_IOM_FEA_XX.wav,1040,IOM,FEA,fear,XX,train
1040_IOM_HAP_XX.wav,ai-service\data\raw\CREMA-D\AudioWAV\1040_IOM_HAP_XX.wav,1040,IOM,HAP,happy,XX,train
1040_IOM_NEU_XX.wav,ai-service\data\raw\CREMA-D\AudioWAV\1040_IOM_NEU_XX.wav,1040,IOM,NEU,neutral,XX,train
1040_IOM_SAD_XX.wav,ai-service\data\raw\CREMA-D\AudioWAV\1040_IOM_SAD_XX.wav,1040,IOM,SAD,sad,XX,train
1040_ITH_ANG_XX.wav,ai-service\data\raw\CREMA-D\AudioWAV\1040_ITH_ANG_XX.wav,1040,ITH,ANG,angry,XX,train
1040_ITH_DIS_XX.wav,ai-service\data\raw\CREMA-D\AudioWAV\1040_ITH_DIS_XX.wav,1040,ITH,DIS,disgust,XX,train
1040_ITH_FEA_XX.wav,ai-service\data\raw\CREMA-D\AudioWAV\1040_ITH_FEA_XX.wav,1040,ITH,FEA,fear,XX,train
1040_ITH_HAP_XX.wav,ai-service\data\raw\CREMA-D\AudioWAV\1040_ITH_HAP_XX.wav,1040,ITH,HAP,happy,XX,train
1040_ITH_NEU_XX.wav,ai-service\data\raw\CREMA-D\AudioWAV\1040_ITH_NEU_XX.wav,1040,ITH,NEU,neutral,XX,train
1040_ITH_SAD_XX.wav,ai-service\data\raw\CREMA-D\AudioWAV\1040_ITH_SAD_XX.wav,1040,ITH,SAD,sad,XX,train
1040_ITS_ANG_XX.wav,ai-service\data\raw\CREMA-D\AudioWAV\1040_ITS_ANG_XX.wav,1040,ITS,ANG,angry,XX,train
1040_ITS_DIS_XX.wav,ai-service\data\raw\CREMA-D\AudioWAV\1040_ITS_DIS_XX.wav,1040,ITS,DIS,disgust,XX,train
1040_ITS_FEA_XX.wav,ai-service\data\raw\CREMA-D\AudioWAV\1040_ITS_FEA_XX.wav,1040,ITS,FEA,fear,XX,train
1040_ITS_HAP_XX.wav,ai-service\data\raw\CREMA-D\AudioWAV\1040_ITS_HAP_XX.wav,1040,ITS,HAP,happy,XX,train
1040_ITS_NEU_XX.wav,ai-service\data\raw\CREMA-D\AudioWAV\1040_ITS_NEU_XX.wav,1040,ITS,NEU,neutral,XX,train
1040_ITS_SAD_XX.wav,ai-service\data\raw\CREMA-D\AudioWAV\1040_ITS_SAD_XX.wav,1040,ITS,SAD,sad,XX,train
1040_IWL_ANG_XX.wav,ai-service\data\raw\CREMA-D\AudioWAV\1040_IWL_ANG_XX.wav,1040,IWL,ANG,angry,XX,train
1040_IWL_DIS_XX.wav,ai-service\data\raw\CREMA-D\AudioWAV\1040_IWL_DIS_XX.wav,1040,IWL,DIS,disgust,XX,train
1040_IWL_FEA_XX.wav,ai-service\data\raw\CREMA-D\AudioWAV\1040_IWL_FEA_XX.wav,1040,IWL,FEA,fear,XX,train
1040_IWL_HAP_XX.wav,ai-service\data\raw\CREMA-D\AudioWAV\1040_IWL_HAP_XX.wav,1040,IWL,HAP,happy,XX,train
1040_IWL_NEU_XX.wav,ai-service\data\raw\CREMA-D\AudioWAV\1040_IWL_NEU_XX.wav,1040,IWL,NEU,neutral,XX,train
1040_IWL_SAD_XX.wav,ai-service\data\raw\CREMA-D\AudioWAV\1040_IWL_SAD_XX.wav,1040,IWL,SAD,sad,XX,train
1040_IWW_ANG_XX.wav,ai-service\data\raw\CREMA-D\AudioWAV\1040_IWW_ANG_XX.wav,1040,IWW,ANG,angry,XX,train
1040_IWW_DIS_XX.wav,ai-service\data\raw\CREMA-D\AudioWAV\1040_IWW_DIS_XX.wav,1040,IWW,DIS,disgust,XX,train
1040_IWW_FEA_XX.wav,ai-service\data\raw\CREMA-D\AudioWAV\1040_IWW_FEA_XX.wav,1040,IWW,FEA,fear,XX,train
1040_IWW_HAP_XX.wav,ai-service\data\raw\CREMA-D\AudioWAV\1040_IWW_HAP_XX.wav,1040,IWW,HAP,happy,XX,train
1040_IWW_NEU_XX.wav,ai-service\data\raw\CREMA-D\AudioWAV\1040_IWW_NEU_XX.wav,1040,IWW,NEU,neutral,XX,train
1040_IWW_SAD_XX.wav,ai-service\data\raw\CREMA-D\AudioWAV\1040_IWW_SAD_XX.wav,1040,IWW,SAD,sad,XX,train
1040_MTI_ANG_XX.wav,ai-service\data\raw\CREMA-D\AudioWAV\1040_MTI_ANG_XX.wav,1040,MTI,ANG,angry,XX,train
1040_MTI_DIS_XX.wav,ai-service\data\raw\CREMA-D\AudioWAV\1040_MTI_DIS_XX.wav,1040,MTI,DIS,disgust,XX,train
1040_MTI_FEA_XX.wav,ai-service\data\raw\CREMA-D\AudioWAV\1040_MTI_FEA_XX.wav,1040,MTI,FEA,fear,XX,train
1040_MTI_HAP_XX.wav,ai-service\data\raw\CREMA-D\AudioWAV\1040_MTI_HAP_XX.wav,1040,MTI,HAP,happy,XX,train
1040_MTI_NEU_XX.wav,ai-service\data\raw\CREMA-D\AudioWAV\1040_MTI_NEU_XX.wav,1040,MTI,NEU,neutral,XX,train
1040_MTI_SAD_XX.wav,ai-service\data\raw\CREMA-D\AudioWAV\1040_MTI_SAD_XX.wav,1040,MTI,SAD,sad,XX,train
1040_TAI_ANG_XX.wav,ai-service\data\raw\CREMA-D\AudioWAV\1040_TAI_ANG_XX.wav,1040,TAI,ANG,angry,XX,train
1040_TAI_DIS_XX.wav,ai-service\data\raw\CREMA-D\AudioWAV\1040_TAI_DIS_XX.wav,1040,TAI,DIS,disgust,XX,train
1040_TAI_FEA_XX.wav,ai-service\data\raw\CREMA-D\AudioWAV\1040_TAI_FEA_XX.wav,1040,TAI,FEA,fear,XX,train
1040_TAI_HAP_XX.wav,ai-service\data\raw\CREMA-D\AudioWAV\1040_TAI_HAP_XX.wav,1040,TAI,HAP,happy,XX,train
1040_TAI_NEU_XX.wav,ai-service\data\raw\CREMA-D\AudioWAV\1040_TAI_NEU_XX.wav,1040,TAI,NEU,neutral,XX,train
1040_TAI_SAD_XX.wav,ai-service\data\raw\CREMA-D\AudioWAV\1040_TAI_SAD_XX.wav,1040,TAI,SAD,sad,XX,train
1040_TIE_ANG_XX.wav,ai-service\data\raw\CREMA-D\AudioWAV\1040_TIE_ANG_XX.wav,1040,TIE,ANG,angry,XX,train
1040_TIE_DIS_XX.wav,ai-service\data\raw\CREMA-D\AudioWAV\1040_TIE_DIS_XX.wav,1040,TIE,DIS,disgust,XX,train
1040_TIE_FEA_XX.wav,ai-service\data\raw\CREMA-D\AudioWAV\1040_TIE_FEA_XX.wav,1040,TIE,FEA,fear,XX,train
1040_TIE_HAP_XX.wav,ai-service\data\raw\CREMA-D\AudioWAV\1040_TIE_HAP_XX.wav,1040,TIE,HAP,happy,XX,train
1040_TIE_NEU_XX.wav,ai-service\data\raw\CREMA-D\AudioWAV\1040_TIE_NEU_XX.wav,1040,TIE,NEU,neutral,XX,train
1040_TIE_SAD_XX.wav,ai-service\data\raw\CREMA-D\AudioWAV\1040_TIE_SAD_XX.wav,1040,TIE,SAD,sad,XX,train
1040_TSI_ANG_XX.wav,ai-service\data\raw\CREMA-D\AudioWAV\1040_TSI_ANG_XX.wav,1040,TSI,ANG,angry,XX,train
1040_TSI_DIS_XX.wav,ai-service\data\raw\CREMA-D\AudioWAV\1040_TSI_DIS_XX.wav,1040,TSI,DIS,disgust,XX,train
1040_TSI_FEA_XX.wav,ai-service\data\raw\CREMA-D\AudioWAV\1040_TSI_FEA_XX.wav,1040,TSI,FEA,fear,XX,train
1040_TSI_HAP_XX.wav,ai-service\data\raw\CREMA-D\AudioWAV\1040_TSI_HAP_XX.wav,1040,TSI,HAP,happy,XX,train
1040_TSI_NEU_XX.wav,ai-service\data\raw\CREMA-D\AudioWAV\1040_TSI_NEU_XX.wav,1040,TSI,NEU,neutral,XX,train
1040_TSI_SAD_XX.wav,ai-service\data\raw\CREMA-D\AudioWAV\1040_TSI_SAD_XX.wav,1040,TSI,SAD,sad,XX,train
1040_WSI_ANG_XX.wav,ai-service\data\raw\CREMA-D\AudioWAV\1040_WSI_ANG_XX.wav,1040,WSI,ANG,angry,XX,train
1040_WSI_DIS_XX.wav,ai-service\data\raw\CREMA-D\AudioWAV\1040_WSI_DIS_XX.wav,1040,WSI,DIS,disgust,XX,train
1040_WSI_FEA_XX.wav,ai-service\data\raw\CREMA-D\AudioWAV\1040_WSI_FEA_XX.wav,1040,WSI,FEA,fear,XX,train
1040_WSI_HAP_XX.wav,ai-service\data\raw\CREMA-D\AudioWAV\1040_WSI_HAP_XX.wav,1040,WSI,HAP,happy,XX,train
1040_WSI_NEU_XX.wav,ai-service\data\raw\CREMA-D\AudioWAV\1040_WSI_NEU_XX.wav,1040,WSI,NEU,neutral,XX,train
1040_WSI_SAD_XX.wav,ai-service\data\raw\CREMA-D\AudioWAV\1040_WSI_SAD_XX.wav,1040,WSI,SAD,sad,XX,train
1041_DFA_ANG_XX.wav,ai-service\data\raw\CREMA-D\AudioWAV\1041_DFA_ANG_XX.wav,1041,DFA,ANG,angry,XX,train
1041_DFA_DIS_XX.wav,ai-service\data\raw\CREMA-D\AudioWAV\1041_DFA_DIS_XX.wav,1041,DFA,DIS,disgust,XX,train
1041_DFA_FEA_XX.wav,ai-service\data\raw\CREMA-D\AudioWAV\1041_DFA_FEA_XX.wav,1041,DFA,FEA,fear,XX,train
1041_DFA_HAP_XX.wav,ai-service\data\raw\CREMA-D\AudioWAV\1041_DFA_HAP_XX.wav,1041,DFA,HAP,happy,XX,train
1041_DFA_NEU_XX.wav,ai-service\data\raw\CREMA-D\AudioWAV\1041_DFA_NEU_XX.wav,1041,DFA,NEU,neutral,XX,train
1041_DFA_SAD_XX.wav,ai-service\data\raw\CREMA-D\AudioWAV\1041_DFA_SAD_XX.wav,1041,DFA,SAD,sad,XX,train
1041_IEO_ANG_HI.wav,ai-service\data\raw\CREMA-D\AudioWAV\1041_IEO_ANG_HI.wav,1041,IEO,ANG,angry,HI,train
1041_IEO_ANG_LO.wav,ai-service\data\raw\CREMA-D\AudioWAV\1041_IEO_ANG_LO.wav,1041,IEO,ANG,angry,LO,train
1041_IEO_ANG_MD.wav,ai-service\data\raw\CREMA-D\AudioWAV\1041_IEO_ANG_MD.wav,1041,IEO,ANG,angry,MD,train
1041_IEO_DIS_HI.wav,ai-service\data\raw\CREMA-D\AudioWAV\1041_IEO_DIS_HI.wav,1041,IEO,DIS,disgust,HI,train
1041_IEO_DIS_LO.wav,ai-service\data\raw\CREMA-D\AudioWAV\1041_IEO_DIS_LO.wav,1041,IEO,DIS,disgust,LO,train
1041_IEO_DIS_MD.wav,ai-service\data\raw\CREMA-D\AudioWAV\1041_IEO_DIS_MD.wav,1041,IEO,DIS,disgust,MD,train
1041_IEO_FEA_HI.wav,ai-service\data\raw\CREMA-D\AudioWAV\1041_IEO_FEA_HI.wav,1041,IEO,FEA,fear,HI,train
1041_IEO_FEA_LO.wav,ai-service\data\raw\CREMA-D\AudioWAV\1041_IEO_FEA_LO.wav,1041,IEO,FEA,fear,LO,train
1041_IEO_FEA_MD.wav,ai-service\data\raw\CREMA-D\AudioWAV\1041_IEO_FEA_MD.wav,1041,IEO,FEA,fear,MD,train
1041_IEO_HAP_HI.wav,ai-service\data\raw\CREMA-D\AudioWAV\1041_IEO_HAP_HI.wav,1041,IEO,HAP,happy,HI,train
1041_IEO_HAP_LO.wav,ai-service\data\raw\CREMA-D\AudioWAV\1041_IEO_HAP_LO.wav,1041,IEO,HAP,happy,LO,train
1041_IEO_HAP_MD.wav,ai-service\data\raw\CREMA-D\AudioWAV\1041_IEO_HAP_MD.wav,1041,IEO,HAP,happy,MD,train
1041_IEO_NEU_XX.wav,ai-service\data\raw\CREMA-D\AudioWAV\1041_IEO_NEU_XX.wav,1041,IEO,NEU,neutral,XX,train
1041_IEO_SAD_HI.wav,ai-service\data\raw\CREMA-D\AudioWAV\1041_IEO_SAD_HI.wav,1041,IEO,SAD,sad,HI,train
1041_IEO_SAD_LO.wav,ai-service\data\raw\CREMA-D\AudioWAV\1041_IEO_SAD_LO.wav,1041,IEO,SAD,sad,LO,train
1041_IEO_SAD_MD.wav,ai-service\data\raw\CREMA-D\AudioWAV\1041_IEO_SAD_MD.wav,1041,IEO,SAD,sad,MD,train
1041_IOM_ANG_XX.wav,ai-service\data\raw\CREMA-D\AudioWAV\1041_IOM_ANG_XX.wav,1041,IOM,ANG,angry,XX,train
1041_IOM_DIS_XX.wav,ai-service\data\raw\CREMA-D\AudioWAV\1041_IOM_DIS_XX.wav,1041,IOM,DIS,disgust,XX,train
1041_IOM_FEA_XX.wav,ai-service\data\raw\CREMA-D\AudioWAV\1041_IOM_FEA_XX.wav,1041,IOM,FEA,fear,XX,train
1041_IOM_HAP_XX.wav,ai-service\data\raw\CREMA-D\AudioWAV\1041_IOM_HAP_XX.wav,1041,IOM,HAP,happy,XX,train
1041_IOM_NEU_XX.wav,ai-service\data\raw\CREMA-D\AudioWAV\1041_IOM_NEU_XX.wav,1041,IOM,NEU,neutral,XX,train
1041_IOM_SAD_XX.wav,ai-service\data\raw\CREMA-D\AudioWAV\1041_IOM_SAD_XX.wav,1041,IOM,SAD,sad,XX,train
1041_ITH_ANG_XX.wav,ai-service\data\raw\CREMA-D\AudioWAV\1041_ITH_ANG_XX.wav,1041,ITH,ANG,angry,XX,train
1041_ITH_DIS_XX.wav,ai-service\data\raw\CREMA-D\AudioWAV\1041_ITH_DIS_XX.wav,1041,ITH,DIS,disgust,XX,train
1041_ITH_FEA_XX.wav,ai-service\data\raw\CREMA-D\AudioWAV\1041_ITH_FEA_XX.wav,1041,ITH,FEA,fear,XX,train
1041_ITH_HAP_XX.wav,ai-service\data\raw\CREMA-D\AudioWAV\1041_ITH_HAP_XX.wav,1041,ITH,HAP,happy,XX,train
1041_ITH_NEU_XX.wav,ai-service\data\raw\CREMA-D\AudioWAV\1041_ITH_NEU_XX.wav,1041,ITH,NEU,neutral,XX,train
1041_ITH_SAD_XX.wav,ai-service\data\raw\CREMA-D\AudioWAV\1041_ITH_SAD_XX.wav,1041,ITH,SAD,sad,XX,train
1041_ITS_ANG_XX.wav,ai-service\data\raw\CREMA-D\AudioWAV\1041_ITS_ANG_XX.wav,1041,ITS,ANG,angry,XX,train
1041_ITS_DIS_XX.wav,ai-service\data\raw\CREMA-D\AudioWAV\1041_ITS_DIS_XX.wav,1041,ITS,DIS,disgust,XX,train
1041_ITS_FEA_XX.wav,ai-service\data\raw\CREMA-D\AudioWAV\1041_ITS_FEA_XX.wav,1041,ITS,FEA,fear,XX,train
1041_ITS_HAP_XX.wav,ai-service\data\raw\CREMA-D\AudioWAV\1041_ITS_HAP_XX.wav,1041,ITS,HAP,happy,XX,train
1041_ITS_NEU_XX.wav,ai-service\data\raw\CREMA-D\AudioWAV\1041_ITS_NEU_XX.wav,1041,ITS,NEU,neutral,XX,train
1041_ITS_SAD_XX.wav,ai-service\data\raw\CREMA-D\AudioWAV\1041_ITS_SAD_XX.wav,1041,ITS,SAD,sad,XX,train
1041_IWL_ANG_XX.wav,ai-service\data\raw\CREMA-D\AudioWAV\1041_IWL_ANG_XX.wav,1041,IWL,ANG,angry,XX,train
1041_IWL_DIS_XX.wav,ai-service\data\raw\CREMA-D\AudioWAV\1041_IWL_DIS_XX.wav,1041,IWL,DIS,disgust,XX,train
1041_IWL_FEA_XX.wav,ai-service\data\raw\CREMA-D\AudioWAV\1041_IWL_FEA_XX.wav,1041,IWL,FEA,fear,XX,train
1041_IWL_HAP_XX.wav,ai-service\data\raw\CREMA-D\AudioWAV\1041_IWL_HAP_XX.wav,1041,IWL,HAP,happy,XX,train
1041_IWL_NEU_XX.wav,ai-service\data\raw\CREMA-D\AudioWAV\1041_IWL_NEU_XX.wav,1041,IWL,NEU,neutral,XX,train
1041_IWL_SAD_XX.wav,ai-service\data\raw\CREMA-D\AudioWAV\1041_IWL_SAD_XX.wav,1041,IWL,SAD,sad,XX,train
1041_IWW_ANG_XX.wav,ai-service\data\raw\CREMA-D\AudioWAV\1041_IWW_ANG_XX.wav,1041,IWW,ANG,angry,XX,train
1041_IWW_DIS_XX.wav,ai-service\data\raw\CREMA-D\AudioWAV\1041_IWW_DIS_XX.wav,1041,IWW,DIS,disgust,XX,train
1041_IWW_FEA_XX.wav,ai-service\data\raw\CREMA-D\AudioWAV\1041_IWW_FEA_XX.wav,1041,IWW,FEA,fear,XX,train
1041_IWW_HAP_XX.wav,ai-service\data\raw\CREMA-D\AudioWAV\1041_IWW_HAP_XX.wav,1041,IWW,HAP,happy,XX,train
1041_IWW_NEU_XX.wav,ai-service\data\raw\CREMA-D\AudioWAV\1041_IWW_NEU_XX.wav,1041,IWW,NEU,neutral,XX,train
1041_IWW_SAD_XX.wav,ai-service\data\raw\CREMA-D\AudioWAV\1041_IWW_SAD_XX.wav,1041,IWW,SAD,sad,XX,train
1041_MTI_ANG_XX.wav,ai-service\data\raw\CREMA-D\AudioWAV\1041_MTI_ANG_XX.wav,1041,MTI,ANG,angry,XX,train
1041_MTI_DIS_XX.wav,ai-service\data\raw\CREMA-D\AudioWAV\1041_MTI_DIS_XX.wav,1041,MTI,DIS,disgust,XX,train
1041_MTI_FEA_XX.wav,ai-service\data\raw\CREMA-D\AudioWAV\1041_MTI_FEA_XX.wav,1041,MTI,FEA,fear,XX,train
1041_MTI_HAP_XX.wav,ai-service\data\raw\CREMA-D\AudioWAV\1041_MTI_HAP_XX.wav,1041,MTI,HAP,happy,XX,train
1041_MTI_NEU_XX.wav,ai-service\data\raw\CREMA-D\AudioWAV\1041_MTI_NEU_XX.wav,1041,MTI,NEU,neutral,XX,train
1041_MTI_SAD_XX.wav,ai-service\data\raw\CREMA-D\AudioWAV\1041_MTI_SAD_XX.wav,1041,MTI,SAD,sad,XX,train
1041_TAI_ANG_XX.wav,ai-service\data\raw\CREMA-D\AudioWAV\1041_TAI_ANG_XX.wav,1041,TAI,ANG,angry,XX,train
1041_TAI_DIS_XX.wav,ai-service\data\raw\CREMA-D\AudioWAV\1041_TAI_DIS_XX.wav,1041,TAI,DIS,disgust,XX,train
1041_TAI_FEA_XX.wav,ai-service\data\raw\CREMA-D\AudioWAV\1041_TAI_FEA_XX.wav,1041,TAI,FEA,fear,XX,train
1041_TAI_HAP_XX.wav,ai-service\data\raw\CREMA-D\AudioWAV\1041_TAI_HAP_XX.wav,1041,TAI,HAP,happy,XX,train
1041_TAI_NEU_XX.wav,ai-service\data\raw\CREMA-D\AudioWAV\1041_TAI_NEU_XX.wav,1041,TAI,NEU,neutral,XX,train
1041_TAI_SAD_XX.wav,ai-service\data\raw\CREMA-D\AudioWAV\1041_TAI_SAD_XX.wav,1041,TAI,SAD,sad,XX,train
1041_TIE_ANG_XX.wav,ai-service\data\raw\CREMA-D\AudioWAV\1041_TIE_ANG_XX.wav,1041,TIE,ANG,angry,XX,train
1041_TIE_DIS_XX.wav,ai-service\data\raw\CREMA-D\AudioWAV\1041_TIE_DIS_XX.wav,1041,TIE,DIS,disgust,XX,train
1041_TIE_FEA_XX.wav,ai-service\data\raw\CREMA-D\AudioWAV\1041_TIE_FEA_XX.wav,1041,TIE,FEA,fear,XX,train
1041_TIE_HAP_XX.wav,ai-service\data\raw\CREMA-D\AudioWAV\1041_TIE_HAP_XX.wav,1041,TIE,HAP,happy,XX,train
1041_TIE_NEU_XX.wav,ai-service\data\raw\CREMA-D\AudioWAV\1041_TIE_NEU_XX.wav,1041,TIE,NEU,neutral,XX,train
1041_TIE_SAD_XX.wav,ai-service\data\raw\CREMA-D\AudioWAV\1041_TIE_SAD_XX.wav,1041,TIE,SAD,sad,XX,train
1041_TSI_ANG_XX.wav,ai-service\data\raw\CREMA-D\AudioWAV\1041_TSI_ANG_XX.wav,1041,TSI,ANG,angry,XX,train
1041_TSI_DIS_XX.wav,ai-service\data\raw\CREMA-D\AudioWAV\1041_TSI_DIS_XX.wav,1041,TSI,DIS,disgust,XX,train
1041_TSI_FEA_XX.wav,ai-service\data\raw\CREMA-D\AudioWAV\1041_TSI_FEA_XX.wav,1041,TSI,FEA,fear,XX,train
1041_TSI_HAP_XX.wav,ai-service\data\raw\CREMA-D\AudioWAV\1041_TSI_HAP_XX.wav,1041,TSI,HAP,happy,XX,train
1041_TSI_NEU_XX.wav,ai-service\data\raw\CREMA-D\AudioWAV\1041_TSI_NEU_XX.wav,1041,TSI,NEU,neutral,XX,train
1041_TSI_SAD_XX.wav,ai-service\data\raw\CREMA-D\AudioWAV\1041_TSI_SAD_XX.wav,1041,TSI,SAD,sad,XX,train
1041_WSI_ANG_XX.wav,ai-service\data\raw\CREMA-D\AudioWAV\1041_WSI_ANG_XX.wav,1041,WSI,ANG,angry,XX,train
1041_WSI_DIS_XX.wav,ai-service\data\raw\CREMA-D\AudioWAV\1041_WSI_DIS_XX.wav,1041,WSI,DIS,disgust,XX,train
1041_WSI_FEA_XX.wav,ai-service\data\raw\CREMA-D\AudioWAV\1041_WSI_FEA_XX.wav,1041,WSI,FEA,fear,XX,train
1041_WSI_HAP_XX.wav,ai-service\data\raw\CREMA-D\AudioWAV\1041_WSI_HAP_XX.wav,1041,WSI,HAP,happy,XX,train
1041_WSI_NEU_XX.wav,ai-service\data\raw\CREMA-D\AudioWAV\1041_WSI_NEU_XX.wav,1041,WSI,NEU,neutral,XX,train
1041_WSI_SAD_XX.wav,ai-service\data\raw\CREMA-D\AudioWAV\1041_WSI_SAD_XX.wav,1041,WSI,SAD,sad,XX,train
1042_DFA_ANG_XX.wav,ai-service\data\raw\CREMA-D\AudioWAV\1042_DFA_ANG_XX.wav,1042,DFA,ANG,angry,XX,train
1042_DFA_DIS_XX.wav,ai-service\data\raw\CREMA-D\AudioWAV\1042_DFA_DIS_XX.wav,1042,DFA,DIS,disgust,XX,train
1042_DFA_FEA_XX.wav,ai-service\data\raw\CREMA-D\AudioWAV\1042_DFA_FEA_XX.wav,1042,DFA,FEA,fear,XX,train
1042_DFA_HAP_XX.wav,ai-service\data\raw\CREMA-D\AudioWAV\1042_DFA_HAP_XX.wav,1042,DFA,HAP,happy,XX,train
1042_DFA_NEU_XX.wav,ai-service\data\raw\CREMA-D\AudioWAV\1042_DFA_NEU_XX.wav,1042,DFA,NEU,neutral,XX,train
1042_DFA_SAD_XX.wav,ai-service\data\raw\CREMA-D\AudioWAV\1042_DFA_SAD_XX.wav,1042,DFA,SAD,sad,XX,train
1042_IEO_ANG_HI.wav,ai-service\data\raw\CREMA-D\AudioWAV\1042_IEO_ANG_HI.wav,1042,IEO,ANG,angry,HI,train
1042_IEO_ANG_LO.wav,ai-service\data\raw\CREMA-D\AudioWAV\1042_IEO_ANG_LO.wav,1042,IEO,ANG,angry,LO,train
1042_IEO_ANG_MD.wav,ai-service\data\raw\CREMA-D\AudioWAV\1042_IEO_ANG_MD.wav,1042,IEO,ANG,angry,MD,train
1042_IEO_DIS_HI.wav,ai-service\data\raw\CREMA-D\AudioWAV\1042_IEO_DIS_HI.wav,1042,IEO,DIS,disgust,HI,train
1042_IEO_DIS_LO.wav,ai-service\data\raw\CREMA-D\AudioWAV\1042_IEO_DIS_LO.wav,1042,IEO,DIS,disgust,LO,train
1042_IEO_DIS_MD.wav,ai-service\data\raw\CREMA-D\AudioWAV\1042_IEO_DIS_MD.wav,1042,IEO,DIS,disgust,MD,train
1042_IEO_FEA_HI.wav,ai-service\data\raw\CREMA-D\AudioWAV\1042_IEO_FEA_HI.wav,1042,IEO,FEA,fear,HI,train
1042_IEO_FEA_LO.wav,ai-service\data\raw\CREMA-D\AudioWAV\1042_IEO_FEA_LO.wav,1042,IEO,FEA,fear,LO,train
1042_IEO_FEA_MD.wav,ai-service\data\raw\CREMA-D\AudioWAV\1042_IEO_FEA_MD.wav,1042,IEO,FEA,fear,MD,train
1042_IEO_HAP_HI.wav,ai-service\data\raw\CREMA-D\AudioWAV\1042_IEO_HAP_HI.wav,1042,IEO,HAP,happy,HI,train
1042_IEO_HAP_LO.wav,ai-service\data\raw\CREMA-D\AudioWAV\1042_IEO_HAP_LO.wav,1042,IEO,HAP,happy,LO,train
1042_IEO_HAP_MD.wav,ai-service\data\raw\CREMA-D\AudioWAV\1042_IEO_HAP_MD.wav,1042,IEO,HAP,happy,MD,train
1042_IEO_NEU_XX.wav,ai-service\data\raw\CREMA-D\AudioWAV\1042_IEO_NEU_XX.wav,1042,IEO,NEU,neutral,XX,train
1042_IEO_SAD_HI.wav,ai-service\data\raw\CREMA-D\AudioWAV\1042_IEO_SAD_HI.wav,1042,IEO,SAD,sad,HI,train
1042_IEO_SAD_LO.wav,ai-service\data\raw\CREMA-D\AudioWAV\1042_IEO_SAD_LO.wav,1042,IEO,SAD,sad,LO,train
1042_IEO_SAD_MD.wav,ai-service\data\raw\CREMA-D\AudioWAV\1042_IEO_SAD_MD.wav,1042,IEO,SAD,sad,MD,train
1042_IOM_ANG_XX.wav,ai-service\data\raw\CREMA-D\AudioWAV\1042_IOM_ANG_XX.wav,1042,IOM,ANG,angry,XX,train
1042_IOM_DIS_XX.wav,ai-service\data\raw\CREMA-D\AudioWAV\1042_IOM_DIS_XX.wav,1042,IOM,DIS,disgust,XX,train
1042_IOM_FEA_XX.wav,ai-service\data\raw\CREMA-D\AudioWAV\1042_IOM_FEA_XX.wav,1042,IOM,FEA,fear,XX,train
1042_IOM_HAP_XX.wav,ai-service\data\raw\CREMA-D\AudioWAV\1042_IOM_HAP_XX.wav,1042,IOM,HAP,happy,XX,train
1042_IOM_NEU_XX.wav,ai-service\data\raw\CREMA-D\AudioWAV\1042_IOM_NEU_XX.wav,1042,IOM,NEU,neutral,XX,train
1042_IOM_SAD_XX.wav,ai-service\data\raw\CREMA-D\AudioWAV\1042_IOM_SAD_XX.wav,1042,IOM,SAD,sad,XX,train
1042_ITH_ANG_XX.wav,ai-service\data\raw\CREMA-D\AudioWAV\1042_ITH_ANG_XX.wav,1042,ITH,ANG,angry,XX,train
1042_ITH_DIS_XX.wav,ai-service\data\raw\CREMA-D\AudioWAV\1042_ITH_DIS_XX.wav,1042,ITH,DIS,disgust,XX,train
1042_ITH_FEA_XX.wav,ai-service\data\raw\CREMA-D\AudioWAV\1042_ITH_FEA_XX.wav,1042,ITH,FEA,fear,XX,train
1042_ITH_HAP_XX.wav,ai-service\data\raw\CREMA-D\AudioWAV\1042_ITH_HAP_XX.wav,1042,ITH,HAP,happy,XX,train
1042_ITH_NEU_XX.wav,ai-service\data\raw\CREMA-D\AudioWAV\1042_ITH_NEU_XX.wav,1042,ITH,NEU,neutral,XX,train
1042_ITH_SAD_XX.wav,ai-service\data\raw\CREMA-D\AudioWAV\1042_ITH_SAD_XX.wav,1042,ITH,SAD,sad,XX,train
1042_ITS_ANG_XX.wav,ai-service\data\raw\CREMA-D\AudioWAV\1042_ITS_ANG_XX.wav,1042,ITS,ANG,angry,XX,train
1042_ITS_DIS_XX.wav,ai-service\data\raw\CREMA-D\AudioWAV\1042_ITS_DIS_XX.wav,1042,ITS,DIS,disgust,XX,train
1042_ITS_FEA_XX.wav,ai-service\data\raw\CREMA-D\AudioWAV\1042_ITS_FEA_XX.wav,1042,ITS,FEA,fear,XX,train
1042_ITS_HAP_XX.wav,ai-service\data\raw\CREMA-D\AudioWAV\1042_ITS_HAP_XX.wav,1042,ITS,HAP,happy,XX,train
1042_ITS_NEU_XX.wav,ai-service\data\raw\CREMA-D\AudioWAV\1042_ITS_NEU_XX.wav,1042,ITS,NEU,neutral,XX,train
1042_ITS_SAD_XX.wav,ai-service\data\raw\CREMA-D\AudioWAV\1042_ITS_SAD_XX.wav,1042,ITS,SAD,sad,XX,train
1042_IWL_ANG_XX.wav,ai-service\data\raw\CREMA-D\AudioWAV\1042_IWL_ANG_XX.wav,1042,IWL,ANG,angry,XX,train
1042_IWL_DIS_XX.wav,ai-service\data\raw\CREMA-D\AudioWAV\1042_IWL_DIS_XX.wav,1042,IWL,DIS,disgust,XX,train
1042_IWL_FEA_XX.wav,ai-service\data\raw\CREMA-D\AudioWAV\1042_IWL_FEA_XX.wav,1042,IWL,FEA,fear,XX,train
1042_IWL_HAP_XX.wav,ai-service\data\raw\CREMA-D\AudioWAV\1042_IWL_HAP_XX.wav,1042,IWL,HAP,happy,XX,train
1042_IWL_NEU_XX.wav,ai-service\data\raw\CREMA-D\AudioWAV\1042_IWL_NEU_XX.wav,1042,IWL,NEU,neutral,XX,train
1042_IWL_SAD_XX.wav,ai-service\data\raw\CREMA-D\AudioWAV\1042_IWL_SAD_XX.wav,1042,IWL,SAD,sad,XX,train
1042_IWW_ANG_XX.wav,ai-service\data\raw\CREMA-D\AudioWAV\1042_IWW_ANG_XX.wav,1042,IWW,ANG,angry,XX,train
1042_IWW_DIS_XX.wav,ai-service\data\raw\CREMA-D\AudioWAV\1042_IWW_DIS_XX.wav,1042,IWW,DIS,disgust,XX,train
1042_IWW_FEA_XX.wav,ai-service\data\raw\CREMA-D\AudioWAV\1042_IWW_FEA_XX.wav,1042,IWW,FEA,fear,XX,train
1042_IWW_HAP_XX.wav,ai-service\data\raw\CREMA-D\AudioWAV\1042_IWW_HAP_XX.wav,1042,IWW,HAP,happy,XX,train
1042_IWW_NEU_XX.wav,ai-service\data\raw\CREMA-D\AudioWAV\1042_IWW_NEU_XX.wav,1042,IWW,NEU,neutral,XX,train
1042_IWW_SAD_XX.wav,ai-service\data\raw\CREMA-D\AudioWAV\1042_IWW_SAD_XX.wav,1042,IWW,SAD,sad,XX,train
1042_MTI_ANG_XX.wav,ai-service\data\raw\CREMA-D\AudioWAV\1042_MTI_ANG_XX.wav,1042,MTI,ANG,angry,XX,train
1042_MTI_DIS_XX.wav,ai-service\data\raw\CREMA-D\AudioWAV\1042_MTI_DIS_XX.wav,1042,MTI,DIS,disgust,XX,train
1042_MTI_FEA_XX.wav,ai-service\data\raw\CREMA-D\AudioWAV\1042_MTI_FEA_XX.wav,1042,MTI,FEA,fear,XX,train
1042_MTI_HAP_XX.wav,ai-service\data\raw\CREMA-D\AudioWAV\1042_MTI_HAP_XX.wav,1042,MTI,HAP,happy,XX,train
1042_MTI_NEU_XX.wav,ai-service\data\raw\CREMA-D\AudioWAV\1042_MTI_NEU_XX.wav,1042,MTI,NEU,neutral,XX,train
1042_MTI_SAD_XX.wav,ai-service\data\raw\CREMA-D\AudioWAV\1042_MTI_SAD_XX.wav,1042,MTI,SAD,sad,XX,train
1042_TAI_ANG_XX.wav,ai-service\data\raw\CREMA-D\AudioWAV\1042_TAI_ANG_XX.wav,1042,TAI,ANG,angry,XX,train
1042_TAI_DIS_XX.wav,ai-service\data\raw\CREMA-D\AudioWAV\1042_TAI_DIS_XX.wav,1042,TAI,DIS,disgust,XX,train
1042_TAI_FEA_XX.wav,ai-service\data\raw\CREMA-D\AudioWAV\1042_TAI_FEA_XX.wav,1042,TAI,FEA,fear,XX,train
1042_TAI_HAP_XX.wav,ai-service\data\raw\CREMA-D\AudioWAV\1042_TAI_HAP_XX.wav,1042,TAI,HAP,happy,XX,train
1042_TAI_NEU_XX.wav,ai-service\data\raw\CREMA-D\AudioWAV\1042_TAI_NEU_XX.wav,1042,TAI,NEU,neutral,XX,train
1042_TAI_SAD_XX.wav,ai-service\data\raw\CREMA-D\AudioWAV\1042_TAI_SAD_XX.wav,1042,TAI,SAD,sad,XX,train
1042_TIE_ANG_XX.wav,ai-service\data\raw\CREMA-D\AudioWAV\1042_TIE_ANG_XX.wav,1042,TIE,ANG,angry,XX,train
1042_TIE_DIS_XX.wav,ai-service\data\raw\CREMA-D\AudioWAV\1042_TIE_DIS_XX.wav,1042,TIE,DIS,disgust,XX,train
1042_TIE_FEA_XX.wav,ai-service\data\raw\CREMA-D\AudioWAV\1042_TIE_FEA_XX.wav,1042,TIE,FEA,fear,XX,train
1042_TIE_HAP_XX.wav,ai-service\data\raw\CREMA-D\AudioWAV\1042_TIE_HAP_XX.wav,1042,TIE,HAP,happy,XX,train
1042_TIE_NEU_XX.wav,ai-service\data\raw\CREMA-D\AudioWAV\1042_TIE_NEU_XX.wav,1042,TIE,NEU,neutral,XX,train
1042_TIE_SAD_XX.wav,ai-service\data\raw\CREMA-D\AudioWAV\1042_TIE_SAD_XX.wav,1042,TIE,SAD,sad,XX,train
1042_TSI_ANG_XX.wav,ai-service\data\raw\CREMA-D\AudioWAV\1042_TSI_ANG_XX.wav,1042,TSI,ANG,angry,XX,train
1042_TSI_DIS_XX.wav,ai-service\data\raw\CREMA-D\AudioWAV\1042_TSI_DIS_XX.wav,1042,TSI,DIS,disgust,XX,train
1042_TSI_FEA_XX.wav,ai-service\data\raw\CREMA-D\AudioWAV\1042_TSI_FEA_XX.wav,1042,TSI,FEA,fear,XX,train
1042_TSI_HAP_XX.wav,ai-service\data\raw\CREMA-D\AudioWAV\1042_TSI_HAP_XX.wav,1042,TSI,HAP,happy,XX,train
1042_TSI_NEU_XX.wav,ai-service\data\raw\CREMA-D\AudioWAV\1042_TSI_NEU_XX.wav,1042,TSI,NEU,neutral,XX,train
1042_TSI_SAD_XX.wav,ai-service\data\raw\CREMA-D\AudioWAV\1042_TSI_SAD_XX.wav,1042,TSI,SAD,sad,XX,train
1042_WSI_ANG_XX.wav,ai-service\data\raw\CREMA-D\AudioWAV\1042_WSI_ANG_XX.wav,1042,WSI,ANG,angry,XX,train
1042_WSI_DIS_XX.wav,ai-service\data\raw\CREMA-D\AudioWAV\1042_WSI_DIS_XX.wav,1042,WSI,DIS,disgust,XX,train
1042_WSI_FEA_XX.wav,ai-service\data\raw\CREMA-D\AudioWAV\1042_WSI_FEA_XX.wav,1042,WSI,FEA,fear,XX,train
1042_WSI_HAP_XX.wav,ai-service\data\raw\CREMA-D\AudioWAV\1042_WSI_HAP_XX.wav,1042,WSI,HAP,happy,XX,train
1042_WSI_NEU_XX.wav,ai-service\data\raw\CREMA-D\AudioWAV\1042_WSI_NEU_XX.wav,1042,WSI,NEU,neutral,XX,train
1042_WSI_SAD_XX.wav,ai-service\data\raw\CREMA-D\AudioWAV\1042_WSI_SAD_XX.wav,1042,WSI,SAD,sad,XX,train
1043_DFA_ANG_XX.wav,ai-service\data\raw\CREMA-D\AudioWAV\1043_DFA_ANG_XX.wav,1043,DFA,ANG,angry,XX,train
1043_DFA_DIS_XX.wav,ai-service\data\raw\CREMA-D\AudioWAV\1043_DFA_DIS_XX.wav,1043,DFA,DIS,disgust,XX,train
1043_DFA_FEA_XX.wav,ai-service\data\raw\CREMA-D\AudioWAV\1043_DFA_FEA_XX.wav,1043,DFA,FEA,fear,XX,train
1043_DFA_HAP_XX.wav,ai-service\data\raw\CREMA-D\AudioWAV\1043_DFA_HAP_XX.wav,1043,DFA,HAP,happy,XX,train
1043_DFA_NEU_XX.wav,ai-service\data\raw\CREMA-D\AudioWAV\1043_DFA_NEU_XX.wav,1043,DFA,NEU,neutral,XX,train
1043_DFA_SAD_XX.wav,ai-service\data\raw\CREMA-D\AudioWAV\1043_DFA_SAD_XX.wav,1043,DFA,SAD,sad,XX,train
1043_IEO_ANG_HI.wav,ai-service\data\raw\CREMA-D\AudioWAV\1043_IEO_ANG_HI.wav,1043,IEO,ANG,angry,HI,train
1043_IEO_ANG_LO.wav,ai-service\data\raw\CREMA-D\AudioWAV\1043_IEO_ANG_LO.wav,1043,IEO,ANG,angry,LO,train
1043_IEO_ANG_MD.wav,ai-service\data\raw\CREMA-D\AudioWAV\1043_IEO_ANG_MD.wav,1043,IEO,ANG,angry,MD,train
1043_IEO_DIS_HI.wav,ai-service\data\raw\CREMA-D\AudioWAV\1043_IEO_DIS_HI.wav,1043,IEO,DIS,disgust,HI,train
1043_IEO_DIS_LO.wav,ai-service\data\raw\CREMA-D\AudioWAV\1043_IEO_DIS_LO.wav,1043,IEO,DIS,disgust,LO,train
1043_IEO_DIS_MD.wav,ai-service\data\raw\CREMA-D\AudioWAV\1043_IEO_DIS_MD.wav,1043,IEO,DIS,disgust,MD,train
1043_IEO_FEA_HI.wav,ai-service\data\raw\CREMA-D\AudioWAV\1043_IEO_FEA_HI.wav,1043,IEO,FEA,fear,HI,train
1043_IEO_FEA_LO.wav,ai-service\data\raw\CREMA-D\AudioWAV\1043_IEO_FEA_LO.wav,1043,IEO,FEA,fear,LO,train
1043_IEO_FEA_MD.wav,ai-service\data\raw\CREMA-D\AudioWAV\1043_IEO_FEA_MD.wav,1043,IEO,FEA,fear,MD,train
1043_IEO_HAP_HI.wav,ai-service\data\raw\CREMA-D\AudioWAV\1043_IEO_HAP_HI.wav,1043,IEO,HAP,happy,HI,train
1043_IEO_HAP_LO.wav,ai-service\data\raw\CREMA-D\AudioWAV\1043_IEO_HAP_LO.wav,1043,IEO,HAP,happy,LO,train
1043_IEO_HAP_MD.wav,ai-service\data\raw\CREMA-D\AudioWAV\1043_IEO_HAP_MD.wav,1043,IEO,HAP,happy,MD,train
1043_IEO_NEU_XX.wav,ai-service\data\raw\CREMA-D\AudioWAV\1043_IEO_NEU_XX.wav,1043,IEO,NEU,neutral,XX,train
1043_IEO_SAD_HI.wav,ai-service\data\raw\CREMA-D\AudioWAV\1043_IEO_SAD_HI.wav,1043,IEO,SAD,sad,HI,train
1043_IEO_SAD_LO.wav,ai-service\data\raw\CREMA-D\AudioWAV\1043_IEO_SAD_LO.wav,1043,IEO,SAD,sad,LO,train
1043_IEO_SAD_MD.wav,ai-service\data\raw\CREMA-D\AudioWAV\1043_IEO_SAD_MD.wav,1043,IEO,SAD,sad,MD,train
1043_IOM_ANG_XX.wav,ai-service\data\raw\CREMA-D\AudioWAV\1043_IOM_ANG_XX.wav,1043,IOM,ANG,angry,XX,train
1043_IOM_DIS_XX.wav,ai-service\data\raw\CREMA-D\AudioWAV\1043_IOM_DIS_XX.wav,1043,IOM,DIS,disgust,XX,train
1043_IOM_FEA_XX.wav,ai-service\data\raw\CREMA-D\AudioWAV\1043_IOM_FEA_XX.wav,1043,IOM,FEA,fear,XX,train
1043_IOM_HAP_XX.wav,ai-service\data\raw\CREMA-D\AudioWAV\1043_IOM_HAP_XX.wav,1043,IOM,HAP,happy,XX,train
1043_IOM_NEU_XX.wav,ai-service\data\raw\CREMA-D\AudioWAV\1043_IOM_NEU_XX.wav,1043,IOM,NEU,neutral,XX,train
1043_IOM_SAD_XX.wav,ai-service\data\raw\CREMA-D\AudioWAV\1043_IOM_SAD_XX.wav,1043,IOM,SAD,sad,XX,train
1043_ITH_ANG_XX.wav,ai-service\data\raw\CREMA-D\AudioWAV\1043_ITH_ANG_XX.wav,1043,ITH,ANG,angry,XX,train
1043_ITH_DIS_XX.wav,ai-service\data\raw\CREMA-D\AudioWAV\1043_ITH_DIS_XX.wav,1043,ITH,DIS,disgust,XX,train
1043_ITH_FEA_XX.wav,ai-service\data\raw\CREMA-D\AudioWAV\1043_ITH_FEA_XX.wav,1043,ITH,FEA,fear,XX,train
1043_ITH_HAP_XX.wav,ai-service\data\raw\CREMA-D\AudioWAV\1043_ITH_HAP_XX.wav,1043,ITH,HAP,happy,XX,train
1043_ITH_NEU_XX.wav,ai-service\data\raw\CREMA-D\AudioWAV\1043_ITH_NEU_XX.wav,1043,ITH,NEU,neutral,XX,train
1043_ITH_SAD_XX.wav,ai-service\data\raw\CREMA-D\AudioWAV\1043_ITH_SAD_XX.wav,1043,ITH,SAD,sad,XX,train
1043_ITS_ANG_XX.wav,ai-service\data\raw\CREMA-D\AudioWAV\1043_ITS_ANG_XX.wav,1043,ITS,ANG,angry,XX,train
1043_ITS_DIS_XX.wav,ai-service\data\raw\CREMA-D\AudioWAV\1043_ITS_DIS_XX.wav,1043,ITS,DIS,disgust,XX,train
1043_ITS_FEA_XX.wav,ai-service\data\raw\CREMA-D\AudioWAV\1043_ITS_FEA_XX.wav,1043,ITS,FEA,fear,XX,train
1043_ITS_HAP_XX.wav,ai-service\data\raw\CREMA-D\AudioWAV\1043_ITS_HAP_XX.wav,1043,ITS,HAP,happy,XX,train
1043_ITS_NEU_XX.wav,ai-service\data\raw\CREMA-D\AudioWAV\1043_ITS_NEU_XX.wav,1043,ITS,NEU,neutral,XX,train
1043_ITS_SAD_XX.wav,ai-service\data\raw\CREMA-D\AudioWAV\1043_ITS_SAD_XX.wav,1043,ITS,SAD,sad,XX,train
1043_IWL_ANG_XX.wav,ai-service\data\raw\CREMA-D\AudioWAV\1043_IWL_ANG_XX.wav,1043,IWL,ANG,angry,XX,train
1043_IWL_DIS_XX.wav,ai-service\data\raw\CREMA-D\AudioWAV\1043_IWL_DIS_XX.wav,1043,IWL,DIS,disgust,XX,train
1043_IWL_FEA_XX.wav,ai-service\data\raw\CREMA-D\AudioWAV\1043_IWL_FEA_XX.wav,1043,IWL,FEA,fear,XX,train
1043_IWL_HAP_XX.wav,ai-service\data\raw\CREMA-D\AudioWAV\1043_IWL_HAP_XX.wav,1043,IWL,HAP,happy,XX,train
1043_IWL_NEU_XX.wav,ai-service\data\raw\CREMA-D\AudioWAV\1043_IWL_NEU_XX.wav,1043,IWL,NEU,neutral,XX,train
1043_IWL_SAD_XX.wav,ai-service\data\raw\CREMA-D\AudioWAV\1043_IWL_SAD_XX.wav,1043,IWL,SAD,sad,XX,train
1043_IWW_ANG_XX.wav,ai-service\data\raw\CREMA-D\AudioWAV\1043_IWW_ANG_XX.wav,1043,IWW,ANG,angry,XX,train
1043_IWW_DIS_XX.wav,ai-service\data\raw\CREMA-D\AudioWAV\1043_IWW_DIS_XX.wav,1043,IWW,DIS,disgust,XX,train
1043_IWW_FEA_XX.wav,ai-service\data\raw\CREMA-D\AudioWAV\1043_IWW_FEA_XX.wav,1043,IWW,FEA,fear,XX,train
1043_IWW_HAP_XX.wav,ai-service\data\raw\CREMA-D\AudioWAV\1043_IWW_HAP_XX.wav,1043,IWW,HAP,happy,XX,train
1043_IWW_NEU_XX.wav,ai-service\data\raw\CREMA-D\AudioWAV\1043_IWW_NEU_XX.wav,1043,IWW,NEU,neutral,XX,train
1043_IWW_SAD_XX.wav,ai-service\data\raw\CREMA-D\AudioWAV\1043_IWW_SAD_XX.wav,1043,IWW,SAD,sad,XX,train
1043_MTI_ANG_XX.wav,ai-service\data\raw\CREMA-D\AudioWAV\1043_MTI_ANG_XX.wav,1043,MTI,ANG,angry,XX,train
1043_MTI_DIS_XX.wav,ai-service\data\raw\CREMA-D\AudioWAV\1043_MTI_DIS_XX.wav,1043,MTI,DIS,disgust,XX,train
1043_MTI_FEA_XX.wav,ai-service\data\raw\CREMA-D\AudioWAV\1043_MTI_FEA_XX.wav,1043,MTI,FEA,fear,XX,train
1043_MTI_HAP_XX.wav,ai-service\data\raw\CREMA-D\AudioWAV\1043_MTI_HAP_XX.wav,1043,MTI,HAP,happy,XX,train
1043_MTI_NEU_XX.wav,ai-service\data\raw\CREMA-D\AudioWAV\1043_MTI_NEU_XX.wav,1043,MTI,NEU,neutral,XX,train
1043_MTI_SAD_XX.wav,ai-service\data\raw\CREMA-D\AudioWAV\1043_MTI_SAD_XX.wav,1043,MTI,SAD,sad,XX,train
1043_TAI_ANG_XX.wav,ai-service\data\raw\CREMA-D\AudioWAV\1043_TAI_ANG_XX.wav,1043,TAI,ANG,angry,XX,train
1043_TAI_DIS_XX.wav,ai-service\data\raw\CREMA-D\AudioWAV\1043_TAI_DIS_XX.wav,1043,TAI,DIS,disgust,XX,train
1043_TAI_FEA_XX.wav,ai-service\data\raw\CREMA-D\AudioWAV\1043_TAI_FEA_XX.wav,1043,TAI,FEA,fear,XX,train
1043_TAI_HAP_XX.wav,ai-service\data\raw\CREMA-D\AudioWAV\1043_TAI_HAP_XX.wav,1043,TAI,HAP,happy,XX,train
1043_TAI_NEU_XX.wav,ai-service\data\raw\CREMA-D\AudioWAV\1043_TAI_NEU_XX.wav,1043,TAI,NEU,neutral,XX,train
1043_TAI_SAD_XX.wav,ai-service\data\raw\CREMA-D\AudioWAV\1043_TAI_SAD_XX.wav,1043,TAI,SAD,sad,XX,train
1043_TIE_ANG_XX.wav,ai-service\data\raw\CREMA-D\AudioWAV\1043_TIE_ANG_XX.wav,1043,TIE,ANG,angry,XX,train
1043_TIE_DIS_XX.wav,ai-service\data\raw\CREMA-D\AudioWAV\1043_TIE_DIS_XX.wav,1043,TIE,DIS,disgust,XX,train
1043_TIE_FEA_XX.wav,ai-service\data\raw\CREMA-D\AudioWAV\1043_TIE_FEA_XX.wav,1043,TIE,FEA,fear,XX,train
1043_TIE_HAP_XX.wav,ai-service\data\raw\CREMA-D\AudioWAV\1043_TIE_HAP_XX.wav,1043,TIE,HAP,happy,XX,train
1043_TIE_NEU_XX.wav,ai-service\data\raw\CREMA-D\AudioWAV\1043_TIE_NEU_XX.wav,1043,TIE,NEU,neutral,XX,train
1043_TIE_SAD_XX.wav,ai-service\data\raw\CREMA-D\AudioWAV\1043_TIE_SAD_XX.wav,1043,TIE,SAD,sad,XX,train
1043_TSI_ANG_XX.wav,ai-service\data\raw\CREMA-D\AudioWAV\1043_TSI_ANG_XX.wav,1043,TSI,ANG,angry,XX,train
1043_TSI_DIS_XX.wav,ai-service\data\raw\CREMA-D\AudioWAV\1043_TSI_DIS_XX.wav,1043,TSI,DIS,disgust,XX,train
1043_TSI_FEA_XX.wav,ai-service\data\raw\CREMA-D\AudioWAV\1043_TSI_FEA_XX.wav,1043,TSI,FEA,fear,XX,train
1043_TSI_HAP_XX.wav,ai-service\data\raw\CREMA-D\AudioWAV\1043_TSI_HAP_XX.wav,1043,TSI,HAP,happy,XX,train
1043_TSI_NEU_XX.wav,ai-service\data\raw\CREMA-D\AudioWAV\1043_TSI_NEU_XX.wav,1043,TSI,NEU,neutral,XX,train
1043_TSI_SAD_XX.wav,ai-service\data\raw\CREMA-D\AudioWAV\1043_TSI_SAD_XX.wav,1043,TSI,SAD,sad,XX,train
1043_WSI_ANG_XX.wav,ai-service\data\raw\CREMA-D\AudioWAV\1043_WSI_ANG_XX.wav,1043,WSI,ANG,angry,XX,train
1043_WSI_DIS_XX.wav,ai-service\data\raw\CREMA-D\AudioWAV\1043_WSI_DIS_XX.wav,1043,WSI,DIS,disgust,XX,train
1043_WSI_FEA_XX.wav,ai-service\data\raw\CREMA-D\AudioWAV\1043_WSI_FEA_XX.wav,1043,WSI,FEA,fear,XX,train
1043_WSI_HAP_XX.wav,ai-service\data\raw\CREMA-D\AudioWAV\1043_WSI_HAP_XX.wav,1043,WSI,HAP,happy,XX,train
1043_WSI_NEU_XX.wav,ai-service\data\raw\CREMA-D\AudioWAV\1043_WSI_NEU_XX.wav,1043,WSI,NEU,neutral,XX,train
1043_WSI_SAD_XX.wav,ai-service\data\raw\CREMA-D\AudioWAV\1043_WSI_SAD_XX.wav,1043,WSI,SAD,sad,XX,train
1044_DFA_ANG_XX.wav,ai-service\data\raw\CREMA-D\AudioWAV\1044_DFA_ANG_XX.wav,1044,DFA,ANG,angry,XX,train
1044_DFA_DIS_XX.wav,ai-service\data\raw\CREMA-D\AudioWAV\1044_DFA_DIS_XX.wav,1044,DFA,DIS,disgust,XX,train
1044_DFA_FEA_XX.wav,ai-service\data\raw\CREMA-D\AudioWAV\1044_DFA_FEA_XX.wav,1044,DFA,FEA,fear,XX,train
1044_DFA_HAP_XX.wav,ai-service\data\raw\CREMA-D\AudioWAV\1044_DFA_HAP_XX.wav,1044,DFA,HAP,happy,XX,train
1044_DFA_NEU_XX.wav,ai-service\data\raw\CREMA-D\AudioWAV\1044_DFA_NEU_XX.wav,1044,DFA,NEU,neutral,XX,train
1044_DFA_SAD_XX.wav,ai-service\data\raw\CREMA-D\AudioWAV\1044_DFA_SAD_XX.wav,1044,DFA,SAD,sad,XX,train
1044_IEO_ANG_HI.wav,ai-service\data\raw\CREMA-D\AudioWAV\1044_IEO_ANG_HI.wav,1044,IEO,ANG,angry,HI,train
1044_IEO_ANG_LO.wav,ai-service\data\raw\CREMA-D\AudioWAV\1044_IEO_ANG_LO.wav,1044,IEO,ANG,angry,LO,train
1044_IEO_ANG_MD.wav,ai-service\data\raw\CREMA-D\AudioWAV\1044_IEO_ANG_MD.wav,1044,IEO,ANG,angry,MD,train
1044_IEO_DIS_HI.wav,ai-service\data\raw\CREMA-D\AudioWAV\1044_IEO_DIS_HI.wav,1044,IEO,DIS,disgust,HI,train
1044_IEO_DIS_LO.wav,ai-service\data\raw\CREMA-D\AudioWAV\1044_IEO_DIS_LO.wav,1044,IEO,DIS,disgust,LO,train
1044_IEO_DIS_MD.wav,ai-service\data\raw\CREMA-D\AudioWAV\1044_IEO_DIS_MD.wav,1044,IEO,DIS,disgust,MD,train
1044_IEO_FEA_HI.wav,ai-service\data\raw\CREMA-D\AudioWAV\1044_IEO_FEA_HI.wav,1044,IEO,FEA,fear,HI,train
1044_IEO_FEA_LO.wav,ai-service\data\raw\CREMA-D\AudioWAV\1044_IEO_FEA_LO.wav,1044,IEO,FEA,fear,LO,train
1044_IEO_FEA_MD.wav,ai-service\data\raw\CREMA-D\AudioWAV\1044_IEO_FEA_MD.wav,1044,IEO,FEA,fear,MD,train
1044_IEO_HAP_HI.wav,ai-service\data\raw\CREMA-D\AudioWAV\1044_IEO_HAP_HI.wav,1044,IEO,HAP,happy,HI,train
1044_IEO_HAP_LO.wav,ai-service\data\raw\CREMA-D\AudioWAV\1044_IEO_HAP_LO.wav,1044,IEO,HAP,happy,LO,train
1044_IEO_HAP_MD.wav,ai-service\data\raw\CREMA-D\AudioWAV\1044_IEO_HAP_MD.wav,1044,IEO,HAP,happy,MD,train
1044_IEO_NEU_XX.wav,ai-service\data\raw\CREMA-D\AudioWAV\1044_IEO_NEU_XX.wav,1044,IEO,NEU,neutral,XX,train
1044_IEO_SAD_HI.wav,ai-service\data\raw\CREMA-D\AudioWAV\1044_IEO_SAD_HI.wav,1044,IEO,SAD,sad,HI,train
1044_IEO_SAD_LO.wav,ai-service\data\raw\CREMA-D\AudioWAV\1044_IEO_SAD_LO.wav,1044,IEO,SAD,sad,LO,train
1044_IEO_SAD_MD.wav,ai-service\data\raw\CREMA-D\AudioWAV\1044_IEO_SAD_MD.wav,1044,IEO,SAD,sad,MD,train
1044_IOM_ANG_XX.wav,ai-service\data\raw\CREMA-D\AudioWAV\1044_IOM_ANG_XX.wav,1044,IOM,ANG,angry,XX,train
1044_IOM_DIS_XX.wav,ai-service\data\raw\CREMA-D\AudioWAV\1044_IOM_DIS_XX.wav,1044,IOM,DIS,disgust,XX,train
1044_IOM_FEA_XX.wav,ai-service\data\raw\CREMA-D\AudioWAV\1044_IOM_FEA_XX.wav,1044,IOM,FEA,fear,XX,train
1044_IOM_HAP_XX.wav,ai-service\data\raw\CREMA-D\AudioWAV\1044_IOM_HAP_XX.wav,1044,IOM,HAP,happy,XX,train
1044_IOM_NEU_XX.wav,ai-service\data\raw\CREMA-D\AudioWAV\1044_IOM_NEU_XX.wav,1044,IOM,NEU,neutral,XX,train
1044_IOM_SAD_XX.wav,ai-service\data\raw\CREMA-D\AudioWAV\1044_IOM_SAD_XX.wav,1044,IOM,SAD,sad,XX,train
1044_ITH_ANG_XX.wav,ai-service\data\raw\CREMA-D\AudioWAV\1044_ITH_ANG_XX.wav,1044,ITH,ANG,angry,XX,train
1044_ITH_DIS_XX.wav,ai-service\data\raw\CREMA-D\AudioWAV\1044_ITH_DIS_XX.wav,1044,ITH,DIS,disgust,XX,train
1044_ITH_FEA_XX.wav,ai-service\data\raw\CREMA-D\AudioWAV\1044_ITH_FEA_XX.wav,1044,ITH,FEA,fear,XX,train
1044_ITH_HAP_XX.wav,ai-service\data\raw\CREMA-D\AudioWAV\1044_ITH_HAP_XX.wav,1044,ITH,HAP,happy,XX,train
1044_ITH_NEU_XX.wav,ai-service\data\raw\CREMA-D\AudioWAV\1044_ITH_NEU_XX.wav,1044,ITH,NEU,neutral,XX,train
1044_ITH_SAD_XX.wav,ai-service\data\raw\CREMA-D\AudioWAV\1044_ITH_SAD_XX.wav,1044,ITH,SAD,sad,XX,train
1044_ITS_ANG_XX.wav,ai-service\data\raw\CREMA-D\AudioWAV\1044_ITS_ANG_XX.wav,1044,ITS,ANG,angry,XX,train
1044_ITS_DIS_XX.wav,ai-service\data\raw\CREMA-D\AudioWAV\1044_ITS_DIS_XX.wav,1044,ITS,DIS,disgust,XX,train
1044_ITS_FEA_XX.wav,ai-service\data\raw\CREMA-D\AudioWAV\1044_ITS_FEA_XX.wav,1044,ITS,FEA,fear,XX,train
1044_ITS_HAP_XX.wav,ai-service\data\raw\CREMA-D\AudioWAV\1044_ITS_HAP_XX.wav,1044,ITS,HAP,happy,XX,train
1044_ITS_NEU_XX.wav,ai-service\data\raw\CREMA-D\AudioWAV\1044_ITS_NEU_XX.wav,1044,ITS,NEU,neutral,XX,train
1044_ITS_SAD_XX.wav,ai-service\data\raw\CREMA-D\AudioWAV\1044_ITS_SAD_XX.wav,1044,ITS,SAD,sad,XX,train
1044_IWL_ANG_XX.wav,ai-service\data\raw\CREMA-D\AudioWAV\1044_IWL_ANG_XX.wav,1044,IWL,ANG,angry,XX,train
1044_IWL_DIS_XX.wav,ai-service\data\raw\CREMA-D\AudioWAV\1044_IWL_DIS_XX.wav,1044,IWL,DIS,disgust,XX,train
1044_IWL_FEA_XX.wav,ai-service\data\raw\CREMA-D\AudioWAV\1044_IWL_FEA_XX.wav,1044,IWL,FEA,fear,XX,train
1044_IWL_HAP_XX.wav,ai-service\data\raw\CREMA-D\AudioWAV\1044_IWL_HAP_XX.wav,1044,IWL,HAP,happy,XX,train
1044_IWL_NEU_XX.wav,ai-service\data\raw\CREMA-D\AudioWAV\1044_IWL_NEU_XX.wav,1044,IWL,NEU,neutral,XX,train
1044_IWL_SAD_XX.wav,ai-service\data\raw\CREMA-D\AudioWAV\1044_IWL_SAD_XX.wav,1044,IWL,SAD,sad,XX,train
1044_IWW_ANG_XX.wav,ai-service\data\raw\CREMA-D\AudioWAV\1044_IWW_ANG_XX.wav,1044,IWW,ANG,angry,XX,train
1044_IWW_DIS_XX.wav,ai-service\data\raw\CREMA-D\AudioWAV\1044_IWW_DIS_XX.wav,1044,IWW,DIS,disgust,XX,train
1044_IWW_FEA_XX.wav,ai-service\data\raw\CREMA-D\AudioWAV\1044_IWW_FEA_XX.wav,1044,IWW,FEA,fear,XX,train
1044_IWW_HAP_XX.wav,ai-service\data\raw\CREMA-D\AudioWAV\1044_IWW_HAP_XX.wav,1044,IWW,HAP,happy,XX,train
1044_IWW_NEU_XX.wav,ai-service\data\raw\CREMA-D\AudioWAV\1044_IWW_NEU_XX.wav,1044,IWW,NEU,neutral,XX,train
1044_IWW_SAD_XX.wav,ai-service\data\raw\CREMA-D\AudioWAV\1044_IWW_SAD_XX.wav,1044,IWW,SAD,sad,XX,train
1044_MTI_ANG_XX.wav,ai-service\data\raw\CREMA-D\AudioWAV\1044_MTI_ANG_XX.wav,1044,MTI,ANG,angry,XX,train
1044_MTI_DIS_XX.wav,ai-service\data\raw\CREMA-D\AudioWAV\1044_MTI_DIS_XX.wav,1044,MTI,DIS,disgust,XX,train
1044_MTI_FEA_XX.wav,ai-service\data\raw\CREMA-D\AudioWAV\1044_MTI_FEA_XX.wav,1044,MTI,FEA,fear,XX,train
1044_MTI_HAP_XX.wav,ai-service\data\raw\CREMA-D\AudioWAV\1044_MTI_HAP_XX.wav,1044,MTI,HAP,happy,XX,train
1044_MTI_NEU_XX.wav,ai-service\data\raw\CREMA-D\AudioWAV\1044_MTI_NEU_XX.wav,1044,MTI,NEU,neutral,XX,train
1044_MTI_SAD_XX.wav,ai-service\data\raw\CREMA-D\AudioWAV\1044_MTI_SAD_XX.wav,1044,MTI,SAD,sad,XX,train
1044_TAI_ANG_XX.wav,ai-service\data\raw\CREMA-D\AudioWAV\1044_TAI_ANG_XX.wav,1044,TAI,ANG,angry,XX,train
1044_TAI_DIS_XX.wav,ai-service\data\raw\CREMA-D\AudioWAV\1044_TAI_DIS_XX.wav,1044,TAI,DIS,disgust,XX,train
1044_TAI_FEA_XX.wav,ai-service\data\raw\CREMA-D\AudioWAV\1044_TAI_FEA_XX.wav,1044,TAI,FEA,fear,XX,train
1044_TAI_HAP_XX.wav,ai-service\data\raw\CREMA-D\AudioWAV\1044_TAI_HAP_XX.wav,1044,TAI,HAP,happy,XX,train
1044_TAI_NEU_XX.wav,ai-service\data\raw\CREMA-D\AudioWAV\1044_TAI_NEU_XX.wav,1044,TAI,NEU,neutral,XX,train
1044_TAI_SAD_XX.wav,ai-service\data\raw\CREMA-D\AudioWAV\1044_TAI_SAD_XX.wav,1044,TAI,SAD,sad,XX,train
1044_TIE_ANG_XX.wav,ai-service\data\raw\CREMA-D\AudioWAV\1044_TIE_ANG_XX.wav,1044,TIE,ANG,angry,XX,train
1044_TIE_DIS_XX.wav,ai-service\data\raw\CREMA-D\AudioWAV\1044_TIE_DIS_XX.wav,1044,TIE,DIS,disgust,XX,train
1044_TIE_FEA_XX.wav,ai-service\data\raw\CREMA-D\AudioWAV\1044_TIE_FEA_XX.wav,1044,TIE,FEA,fear,XX,train
1044_TIE_HAP_XX.wav,ai-service\data\raw\CREMA-D\AudioWAV\1044_TIE_HAP_XX.wav,1044,TIE,HAP,happy,XX,train
1044_TIE_NEU_XX.wav,ai-service\data\raw\CREMA-D\AudioWAV\1044_TIE_NEU_XX.wav,1044,TIE,NEU,neutral,XX,train
1044_TIE_SAD_XX.wav,ai-service\data\raw\CREMA-D\AudioWAV\1044_TIE_SAD_XX.wav,1044,TIE,SAD,sad,XX,train
1044_TSI_ANG_XX.wav,ai-service\data\raw\CREMA-D\AudioWAV\1044_TSI_ANG_XX.wav,1044,TSI,ANG,angry,XX,train
1044_TSI_DIS_XX.wav,ai-service\data\raw\CREMA-D\AudioWAV\1044_TSI_DIS_XX.wav,1044,TSI,DIS,disgust,XX,train
1044_TSI_FEA_XX.wav,ai-service\data\raw\CREMA-D\AudioWAV\1044_TSI_FEA_XX.wav,1044,TSI,FEA,fear,XX,train
1044_TSI_HAP_XX.wav,ai-service\data\raw\CREMA-D\AudioWAV\1044_TSI_HAP_XX.wav,1044,TSI,HAP,happy,XX,train
1044_TSI_NEU_XX.wav,ai-service\data\raw\CREMA-D\AudioWAV\1044_TSI_NEU_XX.wav,1044,TSI,NEU,neutral,XX,train
1044_TSI_SAD_XX.wav,ai-service\data\raw\CREMA-D\AudioWAV\1044_TSI_SAD_XX.wav,1044,TSI,SAD,sad,XX,train
1044_WSI_ANG_XX.wav,ai-service\data\raw\CREMA-D\AudioWAV\1044_WSI_ANG_XX.wav,1044,WSI,ANG,angry,XX,train
1044_WSI_DIS_XX.wav,ai-service\data\raw\CREMA-D\AudioWAV\1044_WSI_DIS_XX.wav,1044,WSI,DIS,disgust,XX,train
1044_WSI_FEA_XX.wav,ai-service\data\raw\CREMA-D\AudioWAV\1044_WSI_FEA_XX.wav,1044,WSI,FEA,fear,XX,train
1044_WSI_HAP_XX.wav,ai-service\data\raw\CREMA-D\AudioWAV\1044_WSI_HAP_XX.wav,1044,WSI,HAP,happy,XX,train
1044_WSI_NEU_XX.wav,ai-service\data\raw\CREMA-D\AudioWAV\1044_WSI_NEU_XX.wav,1044,WSI,NEU,neutral,XX,train
1044_WSI_SAD_XX.wav,ai-service\data\raw\CREMA-D\AudioWAV\1044_WSI_SAD_XX.wav,1044,WSI,SAD,sad,XX,train
1045_DFA_ANG_XX.wav,ai-service\data\raw\CREMA-D\AudioWAV\1045_DFA_ANG_XX.wav,1045,DFA,ANG,angry,XX,train
1045_DFA_DIS_XX.wav,ai-service\data\raw\CREMA-D\AudioWAV\1045_DFA_DIS_XX.wav,1045,DFA,DIS,disgust,XX,train
1045_DFA_FEA_XX.wav,ai-service\data\raw\CREMA-D\AudioWAV\1045_DFA_FEA_XX.wav,1045,DFA,FEA,fear,XX,train
1045_DFA_HAP_XX.wav,ai-service\data\raw\CREMA-D\AudioWAV\1045_DFA_HAP_XX.wav,1045,DFA,HAP,happy,XX,train
1045_DFA_NEU_XX.wav,ai-service\data\raw\CREMA-D\AudioWAV\1045_DFA_NEU_XX.wav,1045,DFA,NEU,neutral,XX,train
1045_DFA_SAD_XX.wav,ai-service\data\raw\CREMA-D\AudioWAV\1045_DFA_SAD_XX.wav,1045,DFA,SAD,sad,XX,train
1045_IEO_ANG_HI.wav,ai-service\data\raw\CREMA-D\AudioWAV\1045_IEO_ANG_HI.wav,1045,IEO,ANG,angry,HI,train
1045_IEO_ANG_LO.wav,ai-service\data\raw\CREMA-D\AudioWAV\1045_IEO_ANG_LO.wav,1045,IEO,ANG,angry,LO,train
1045_IEO_ANG_MD.wav,ai-service\data\raw\CREMA-D\AudioWAV\1045_IEO_ANG_MD.wav,1045,IEO,ANG,angry,MD,train
1045_IEO_DIS_HI.wav,ai-service\data\raw\CREMA-D\AudioWAV\1045_IEO_DIS_HI.wav,1045,IEO,DIS,disgust,HI,train
1045_IEO_DIS_LO.wav,ai-service\data\raw\CREMA-D\AudioWAV\1045_IEO_DIS_LO.wav,1045,IEO,DIS,disgust,LO,train
1045_IEO_DIS_MD.wav,ai-service\data\raw\CREMA-D\AudioWAV\1045_IEO_DIS_MD.wav,1045,IEO,DIS,disgust,MD,train
1045_IEO_FEA_HI.wav,ai-service\data\raw\CREMA-D\AudioWAV\1045_IEO_FEA_HI.wav,1045,IEO,FEA,fear,HI,train
1045_IEO_FEA_LO.wav,ai-service\data\raw\CREMA-D\AudioWAV\1045_IEO_FEA_LO.wav,1045,IEO,FEA,fear,LO,train
1045_IEO_FEA_MD.wav,ai-service\data\raw\CREMA-D\AudioWAV\1045_IEO_FEA_MD.wav,1045,IEO,FEA,fear,MD,train
1045_IEO_HAP_HI.wav,ai-service\data\raw\CREMA-D\AudioWAV\1045_IEO_HAP_HI.wav,1045,IEO,HAP,happy,HI,train
1045_IEO_HAP_LO.wav,ai-service\data\raw\CREMA-D\AudioWAV\1045_IEO_HAP_LO.wav,1045,IEO,HAP,happy,LO,train
1045_IEO_HAP_MD.wav,ai-service\data\raw\CREMA-D\AudioWAV\1045_IEO_HAP_MD.wav,1045,IEO,HAP,happy,MD,train
1045_IEO_NEU_XX.wav,ai-service\data\raw\CREMA-D\AudioWAV\1045_IEO_NEU_XX.wav,1045,IEO,NEU,neutral,XX,train
1045_IEO_SAD_HI.wav,ai-service\data\raw\CREMA-D\AudioWAV\1045_IEO_SAD_HI.wav,1045,IEO,SAD,sad,HI,train
1045_IEO_SAD_LO.wav,ai-service\data\raw\CREMA-D\AudioWAV\1045_IEO_SAD_LO.wav,1045,IEO,SAD,sad,LO,train
1045_IEO_SAD_MD.wav,ai-service\data\raw\CREMA-D\AudioWAV\1045_IEO_SAD_MD.wav,1045,IEO,SAD,sad,MD,train
1045_IOM_ANG_XX.wav,ai-service\data\raw\CREMA-D\AudioWAV\1045_IOM_ANG_XX.wav,1045,IOM,ANG,angry,XX,train
1045_IOM_DIS_XX.wav,ai-service\data\raw\CREMA-D\AudioWAV\1045_IOM_DIS_XX.wav,1045,IOM,DIS,disgust,XX,train
1045_IOM_FEA_XX.wav,ai-service\data\raw\CREMA-D\AudioWAV\1045_IOM_FEA_XX.wav,1045,IOM,FEA,fear,XX,train
1045_IOM_HAP_XX.wav,ai-service\data\raw\CREMA-D\AudioWAV\1045_IOM_HAP_XX.wav,1045,IOM,HAP,happy,XX,train
1045_IOM_NEU_XX.wav,ai-service\data\raw\CREMA-D\AudioWAV\1045_IOM_NEU_XX.wav,1045,IOM,NEU,neutral,XX,train
1045_IOM_SAD_XX.wav,ai-service\data\raw\CREMA-D\AudioWAV\1045_IOM_SAD_XX.wav,1045,IOM,SAD,sad,XX,train
1045_ITH_ANG_XX.wav,ai-service\data\raw\CREMA-D\AudioWAV\1045_ITH_ANG_XX.wav,1045,ITH,ANG,angry,XX,train
1045_ITH_DIS_XX.wav,ai-service\data\raw\CREMA-D\AudioWAV\1045_ITH_DIS_XX.wav,1045,ITH,DIS,disgust,XX,train
1045_ITH_FEA_XX.wav,ai-service\data\raw\CREMA-D\AudioWAV\1045_ITH_FEA_XX.wav,1045,ITH,FEA,fear,XX,train
1045_ITH_HAP_XX.wav,ai-service\data\raw\CREMA-D\AudioWAV\1045_ITH_HAP_XX.wav,1045,ITH,HAP,happy,XX,train
1045_ITH_NEU_XX.wav,ai-service\data\raw\CREMA-D\AudioWAV\1045_ITH_NEU_XX.wav,1045,ITH,NEU,neutral,XX,train
1045_ITH_SAD_XX.wav,ai-service\data\raw\CREMA-D\AudioWAV\1045_ITH_SAD_XX.wav,1045,ITH,SAD,sad,XX,train
1045_ITS_ANG_XX.wav,ai-service\data\raw\CREMA-D\AudioWAV\1045_ITS_ANG_XX.wav,1045,ITS,ANG,angry,XX,train
1045_ITS_DIS_XX.wav,ai-service\data\raw\CREMA-D\AudioWAV\1045_ITS_DIS_XX.wav,1045,ITS,DIS,disgust,XX,train
1045_ITS_FEA_XX.wav,ai-service\data\raw\CREMA-D\AudioWAV\1045_ITS_FEA_XX.wav,1045,ITS,FEA,fear,XX,train
1045_ITS_HAP_XX.wav,ai-service\data\raw\CREMA-D\AudioWAV\1045_ITS_HAP_XX.wav,1045,ITS,HAP,happy,XX,train
1045_ITS_NEU_XX.wav,ai-service\data\raw\CREMA-D\AudioWAV\1045_ITS_NEU_XX.wav,1045,ITS,NEU,neutral,XX,train
1045_ITS_SAD_XX.wav,ai-service\data\raw\CREMA-D\AudioWAV\1045_ITS_SAD_XX.wav,1045,ITS,SAD,sad,XX,train
1045_IWL_ANG_XX.wav,ai-service\data\raw\CREMA-D\AudioWAV\1045_IWL_ANG_XX.wav,1045,IWL,ANG,angry,XX,train
1045_IWL_DIS_XX.wav,ai-service\data\raw\CREMA-D\AudioWAV\1045_IWL_DIS_XX.wav,1045,IWL,DIS,disgust,XX,train
1045_IWL_FEA_XX.wav,ai-service\data\raw\CREMA-D\AudioWAV\1045_IWL_FEA_XX.wav,1045,IWL,FEA,fear,XX,train
1045_IWL_HAP_XX.wav,ai-service\data\raw\CREMA-D\AudioWAV\1045_IWL_HAP_XX.wav,1045,IWL,HAP,happy,XX,train
1045_IWL_NEU_XX.wav,ai-service\data\raw\CREMA-D\AudioWAV\1045_IWL_NEU_XX.wav,1045,IWL,NEU,neutral,XX,train
1045_IWL_SAD_XX.wav,ai-service\data\raw\CREMA-D\AudioWAV\1045_IWL_SAD_XX.wav,1045,IWL,SAD,sad,XX,train
1045_IWW_ANG_XX.wav,ai-service\data\raw\CREMA-D\AudioWAV\1045_IWW_ANG_XX.wav,1045,IWW,ANG,angry,XX,train
1045_IWW_DIS_XX.wav,ai-service\data\raw\CREMA-D\AudioWAV\1045_IWW_DIS_XX.wav,1045,IWW,DIS,disgust,XX,train
1045_IWW_FEA_XX.wav,ai-service\data\raw\CREMA-D\AudioWAV\1045_IWW_FEA_XX.wav,1045,IWW,FEA,fear,XX,train
1045_IWW_HAP_XX.wav,ai-service\data\raw\CREMA-D\AudioWAV\1045_IWW_HAP_XX.wav,1045,IWW,HAP,happy,XX,train
1045_IWW_NEU_XX.wav,ai-service\data\raw\CREMA-D\AudioWAV\1045_IWW_NEU_XX.wav,1045,IWW,NEU,neutral,XX,train
1045_IWW_SAD_XX.wav,ai-service\data\raw\CREMA-D\AudioWAV\1045_IWW_SAD_XX.wav,1045,IWW,SAD,sad,XX,train
1045_MTI_ANG_XX.wav,ai-service\data\raw\CREMA-D\AudioWAV\1045_MTI_ANG_XX.wav,1045,MTI,ANG,angry,XX,train
1045_MTI_DIS_XX.wav,ai-service\data\raw\CREMA-D\AudioWAV\1045_MTI_DIS_XX.wav,1045,MTI,DIS,disgust,XX,train
1045_MTI_FEA_XX.wav,ai-service\data\raw\CREMA-D\AudioWAV\1045_MTI_FEA_XX.wav,1045,MTI,FEA,fear,XX,train
1045_MTI_HAP_XX.wav,ai-service\data\raw\CREMA-D\AudioWAV\1045_MTI_HAP_XX.wav,1045,MTI,HAP,happy,XX,train
1045_MTI_NEU_XX.wav,ai-service\data\raw\CREMA-D\AudioWAV\1045_MTI_NEU_XX.wav,1045,MTI,NEU,neutral,XX,train
1045_MTI_SAD_XX.wav,ai-service\data\raw\CREMA-D\AudioWAV\1045_MTI_SAD_XX.wav,1045,MTI,SAD,sad,XX,train
1045_TAI_ANG_XX.wav,ai-service\data\raw\CREMA-D\AudioWAV\1045_TAI_ANG_XX.wav,1045,TAI,ANG,angry,XX,train
1045_TAI_DIS_XX.wav,ai-service\data\raw\CREMA-D\AudioWAV\1045_TAI_DIS_XX.wav,1045,TAI,DIS,disgust,XX,train
1045_TAI_FEA_XX.wav,ai-service\data\raw\CREMA-D\AudioWAV\1045_TAI_FEA_XX.wav,1045,TAI,FEA,fear,XX,train
1045_TAI_HAP_XX.wav,ai-service\data\raw\CREMA-D\AudioWAV\1045_TAI_HAP_XX.wav,1045,TAI,HAP,happy,XX,train
1045_TAI_NEU_XX.wav,ai-service\data\raw\CREMA-D\AudioWAV\1045_TAI_NEU_XX.wav,1045,TAI,NEU,neutral,XX,train
1045_TAI_SAD_XX.wav,ai-service\data\raw\CREMA-D\AudioWAV\1045_TAI_SAD_XX.wav,1045,TAI,SAD,sad,XX,train
1045_TIE_ANG_XX.wav,ai-service\data\raw\CREMA-D\AudioWAV\1045_TIE_ANG_XX.wav,1045,TIE,ANG,angry,XX,train
1045_TIE_DIS_XX.wav,ai-service\data\raw\CREMA-D\AudioWAV\1045_TIE_DIS_XX.wav,1045,TIE,DIS,disgust,XX,train
1045_TIE_FEA_XX.wav,ai-service\data\raw\CREMA-D\AudioWAV\1045_TIE_FEA_XX.wav,1045,TIE,FEA,fear,XX,train
1045_TIE_HAP_XX.wav,ai-service\data\raw\CREMA-D\AudioWAV\1045_TIE_HAP_XX.wav,1045,TIE,HAP,happy,XX,train
1045_TIE_NEU_XX.wav,ai-service\data\raw\CREMA-D\AudioWAV\1045_TIE_NEU_XX.wav,1045,TIE,NEU,neutral,XX,train
1045_TIE_SAD_XX.wav,ai-service\data\raw\CREMA-D\AudioWAV\1045_TIE_SAD_XX.wav,1045,TIE,SAD,sad,XX,train
1045_TSI_ANG_XX.wav,ai-service\data\raw\CREMA-D\AudioWAV\1045_TSI_ANG_XX.wav,1045,TSI,ANG,angry,XX,train
1045_TSI_DIS_XX.wav,ai-service\data\raw\CREMA-D\AudioWAV\1045_TSI_DIS_XX.wav,1045,TSI,DIS,disgust,XX,train
1045_TSI_FEA_XX.wav,ai-service\data\raw\CREMA-D\AudioWAV\1045_TSI_FEA_XX.wav,1045,TSI,FEA,fear,XX,train
1045_TSI_HAP_XX.wav,ai-service\data\raw\CREMA-D\AudioWAV\1045_TSI_HAP_XX.wav,1045,TSI,HAP,happy,XX,train
1045_TSI_NEU_XX.wav,ai-service\data\raw\CREMA-D\AudioWAV\1045_TSI_NEU_XX.wav,1045,TSI,NEU,neutral,XX,train
1045_TSI_SAD_XX.wav,ai-service\data\raw\CREMA-D\AudioWAV\1045_TSI_SAD_XX.wav,1045,TSI,SAD,sad,XX,train
1045_WSI_ANG_XX.wav,ai-service\data\raw\CREMA-D\AudioWAV\1045_WSI_ANG_XX.wav,1045,WSI,ANG,angry,XX,train
1045_WSI_DIS_XX.wav,ai-service\data\raw\CREMA-D\AudioWAV\1045_WSI_DIS_XX.wav,1045,WSI,DIS,disgust,XX,train
1045_WSI_FEA_XX.wav,ai-service\data\raw\CREMA-D\AudioWAV\1045_WSI_FEA_XX.wav,1045,WSI,FEA,fear,XX,train
1045_WSI_HAP_XX.wav,ai-service\data\raw\CREMA-D\AudioWAV\1045_WSI_HAP_XX.wav,1045,WSI,HAP,happy,XX,train
1045_WSI_NEU_XX.wav,ai-service\data\raw\CREMA-D\AudioWAV\1045_WSI_NEU_XX.wav,1045,WSI,NEU,neutral,XX,train
1045_WSI_SAD_XX.wav,ai-service\data\raw\CREMA-D\AudioWAV\1045_WSI_SAD_XX.wav,1045,WSI,SAD,sad,XX,train
1046_DFA_ANG_XX.wav,ai-service\data\raw\CREMA-D\AudioWAV\1046_DFA_ANG_XX.wav,1046,DFA,ANG,angry,XX,train
1046_DFA_DIS_XX.wav,ai-service\data\raw\CREMA-D\AudioWAV\1046_DFA_DIS_XX.wav,1046,DFA,DIS,disgust,XX,train
1046_DFA_FEA_XX.wav,ai-service\data\raw\CREMA-D\AudioWAV\1046_DFA_FEA_XX.wav,1046,DFA,FEA,fear,XX,train
1046_DFA_HAP_XX.wav,ai-service\data\raw\CREMA-D\AudioWAV\1046_DFA_HAP_XX.wav,1046,DFA,HAP,happy,XX,train
1046_DFA_NEU_XX.wav,ai-service\data\raw\CREMA-D\AudioWAV\1046_DFA_NEU_XX.wav,1046,DFA,NEU,neutral,XX,train
1046_DFA_SAD_XX.wav,ai-service\data\raw\CREMA-D\AudioWAV\1046_DFA_SAD_XX.wav,1046,DFA,SAD,sad,XX,train
1046_IEO_ANG_HI.wav,ai-service\data\raw\CREMA-D\AudioWAV\1046_IEO_ANG_HI.wav,1046,IEO,ANG,angry,HI,train
1046_IEO_ANG_LO.wav,ai-service\data\raw\CREMA-D\AudioWAV\1046_IEO_ANG_LO.wav,1046,IEO,ANG,angry,LO,train
1046_IEO_ANG_MD.wav,ai-service\data\raw\CREMA-D\AudioWAV\1046_IEO_ANG_MD.wav,1046,IEO,ANG,angry,MD,train
1046_IEO_DIS_HI.wav,ai-service\data\raw\CREMA-D\AudioWAV\1046_IEO_DIS_HI.wav,1046,IEO,DIS,disgust,HI,train
1046_IEO_DIS_LO.wav,ai-service\data\raw\CREMA-D\AudioWAV\1046_IEO_DIS_LO.wav,1046,IEO,DIS,disgust,LO,train
1046_IEO_DIS_MD.wav,ai-service\data\raw\CREMA-D\AudioWAV\1046_IEO_DIS_MD.wav,1046,IEO,DIS,disgust,MD,train
1046_IEO_FEA_HI.wav,ai-service\data\raw\CREMA-D\AudioWAV\1046_IEO_FEA_HI.wav,1046,IEO,FEA,fear,HI,train
1046_IEO_FEA_LO.wav,ai-service\data\raw\CREMA-D\AudioWAV\1046_IEO_FEA_LO.wav,1046,IEO,FEA,fear,LO,train
1046_IEO_FEA_MD.wav,ai-service\data\raw\CREMA-D\AudioWAV\1046_IEO_FEA_MD.wav,1046,IEO,FEA,fear,MD,train
1046_IEO_HAP_HI.wav,ai-service\data\raw\CREMA-D\AudioWAV\1046_IEO_HAP_HI.wav,1046,IEO,HAP,happy,HI,train
1046_IEO_HAP_LO.wav,ai-service\data\raw\CREMA-D\AudioWAV\1046_IEO_HAP_LO.wav,1046,IEO,HAP,happy,LO,train
1046_IEO_HAP_MD.wav,ai-service\data\raw\CREMA-D\AudioWAV\1046_IEO_HAP_MD.wav,1046,IEO,HAP,happy,MD,train
1046_IEO_NEU_XX.wav,ai-service\data\raw\CREMA-D\AudioWAV\1046_IEO_NEU_XX.wav,1046,IEO,NEU,neutral,XX,train
1046_IEO_SAD_HI.wav,ai-service\data\raw\CREMA-D\AudioWAV\1046_IEO_SAD_HI.wav,1046,IEO,SAD,sad,HI,train
1046_IEO_SAD_LO.wav,ai-service\data\raw\CREMA-D\AudioWAV\1046_IEO_SAD_LO.wav,1046,IEO,SAD,sad,LO,train
1046_IEO_SAD_MD.wav,ai-service\data\raw\CREMA-D\AudioWAV\1046_IEO_SAD_MD.wav,1046,IEO,SAD,sad,MD,train
1046_IOM_ANG_XX.wav,ai-service\data\raw\CREMA-D\AudioWAV\1046_IOM_ANG_XX.wav,1046,IOM,ANG,angry,XX,train
1046_IOM_DIS_XX.wav,ai-service\data\raw\CREMA-D\AudioWAV\1046_IOM_DIS_XX.wav,1046,IOM,DIS,disgust,XX,train
1046_IOM_FEA_XX.wav,ai-service\data\raw\CREMA-D\AudioWAV\1046_IOM_FEA_XX.wav,1046,IOM,FEA,fear,XX,train
1046_IOM_HAP_XX.wav,ai-service\data\raw\CREMA-D\AudioWAV\1046_IOM_HAP_XX.wav,1046,IOM,HAP,happy,XX,train
1046_IOM_NEU_XX.wav,ai-service\data\raw\CREMA-D\AudioWAV\1046_IOM_NEU_XX.wav,1046,IOM,NEU,neutral,XX,train
1046_IOM_SAD_XX.wav,ai-service\data\raw\CREMA-D\AudioWAV\1046_IOM_SAD_XX.wav,1046,IOM,SAD,sad,XX,train
1046_ITH_ANG_XX.wav,ai-service\data\raw\CREMA-D\AudioWAV\1046_ITH_ANG_XX.wav,1046,ITH,ANG,angry,XX,train
1046_ITH_DIS_XX.wav,ai-service\data\raw\CREMA-D\AudioWAV\1046_ITH_DIS_XX.wav,1046,ITH,DIS,disgust,XX,train
1046_ITH_FEA_XX.wav,ai-service\data\raw\CREMA-D\AudioWAV\1046_ITH_FEA_XX.wav,1046,ITH,FEA,fear,XX,train
1046_ITH_HAP_XX.wav,ai-service\data\raw\CREMA-D\AudioWAV\1046_ITH_HAP_XX.wav,1046,ITH,HAP,happy,XX,train
1046_ITH_NEU_XX.wav,ai-service\data\raw\CREMA-D\AudioWAV\1046_ITH_NEU_XX.wav,1046,ITH,NEU,neutral,XX,train
1046_ITH_SAD_XX.wav,ai-service\data\raw\CREMA-D\AudioWAV\1046_ITH_SAD_XX.wav,1046,ITH,SAD,sad,XX,train
1046_ITS_ANG_XX.wav,ai-service\data\raw\CREMA-D\AudioWAV\1046_ITS_ANG_XX.wav,1046,ITS,ANG,angry,XX,train
1046_ITS_DIS_XX.wav,ai-service\data\raw\CREMA-D\AudioWAV\1046_ITS_DIS_XX.wav,1046,ITS,DIS,disgust,XX,train
1046_ITS_FEA_XX.wav,ai-service\data\raw\CREMA-D\AudioWAV\1046_ITS_FEA_XX.wav,1046,ITS,FEA,fear,XX,train
1046_ITS_HAP_XX.wav,ai-service\data\raw\CREMA-D\AudioWAV\1046_ITS_HAP_XX.wav,1046,ITS,HAP,happy,XX,train
1046_ITS_NEU_XX.wav,ai-service\data\raw\CREMA-D\AudioWAV\1046_ITS_NEU_XX.wav,1046,ITS,NEU,neutral,XX,train
1046_ITS_SAD_XX.wav,ai-service\data\raw\CREMA-D\AudioWAV\1046_ITS_SAD_XX.wav,1046,ITS,SAD,sad,XX,train
1046_IWL_ANG_XX.wav,ai-service\data\raw\CREMA-D\AudioWAV\1046_IWL_ANG_XX.wav,1046,IWL,ANG,angry,XX,train
1046_IWL_DIS_XX.wav,ai-service\data\raw\CREMA-D\AudioWAV\1046_IWL_DIS_XX.wav,1046,IWL,DIS,disgust,XX,train
1046_IWL_FEA_XX.wav,ai-service\data\raw\CREMA-D\AudioWAV\1046_IWL_FEA_XX.wav,1046,IWL,FEA,fear,XX,train
1046_IWL_HAP_XX.wav,ai-service\data\raw\CREMA-D\AudioWAV\1046_IWL_HAP_XX.wav,1046,IWL,HAP,happy,XX,train
1046_IWL_NEU_XX.wav,ai-service\data\raw\CREMA-D\AudioWAV\1046_IWL_NEU_XX.wav,1046,IWL,NEU,neutral,XX,train
1046_IWL_SAD_XX.wav,ai-service\data\raw\CREMA-D\AudioWAV\1046_IWL_SAD_XX.wav,1046,IWL,SAD,sad,XX,train
1046_IWW_ANG_XX.wav,ai-service\data\raw\CREMA-D\AudioWAV\1046_IWW_ANG_XX.wav,1046,IWW,ANG,angry,XX,train
1046_IWW_DIS_XX.wav,ai-service\data\raw\CREMA-D\AudioWAV\1046_IWW_DIS_XX.wav,1046,IWW,DIS,disgust,XX,train
1046_IWW_FEA_XX.wav,ai-service\data\raw\CREMA-D\AudioWAV\1046_IWW_FEA_XX.wav,1046,IWW,FEA,fear,XX,train
1046_IWW_HAP_XX.wav,ai-service\data\raw\CREMA-D\AudioWAV\1046_IWW_HAP_XX.wav,1046,IWW,HAP,happy,XX,train
1046_IWW_NEU_XX.wav,ai-service\data\raw\CREMA-D\AudioWAV\1046_IWW_NEU_XX.wav,1046,IWW,NEU,neutral,XX,train
1046_IWW_SAD_XX.wav,ai-service\data\raw\CREMA-D\AudioWAV\1046_IWW_SAD_XX.wav,1046,IWW,SAD,sad,XX,train
1046_MTI_ANG_XX.wav,ai-service\data\raw\CREMA-D\AudioWAV\1046_MTI_ANG_XX.wav,1046,MTI,ANG,angry,XX,train
1046_MTI_DIS_XX.wav,ai-service\data\raw\CREMA-D\AudioWAV\1046_MTI_DIS_XX.wav,1046,MTI,DIS,disgust,XX,train
1046_MTI_FEA_XX.wav,ai-service\data\raw\CREMA-D\AudioWAV\1046_MTI_FEA_XX.wav,1046,MTI,FEA,fear,XX,train
1046_MTI_HAP_XX.wav,ai-service\data\raw\CREMA-D\AudioWAV\1046_MTI_HAP_XX.wav,1046,MTI,HAP,happy,XX,train
1046_MTI_NEU_XX.wav,ai-service\data\raw\CREMA-D\AudioWAV\1046_MTI_NEU_XX.wav,1046,MTI,NEU,neutral,XX,train
1046_MTI_SAD_XX.wav,ai-service\data\raw\CREMA-D\AudioWAV\1046_MTI_SAD_XX.wav,1046,MTI,SAD,sad,XX,train
1046_TAI_ANG_XX.wav,ai-service\data\raw\CREMA-D\AudioWAV\1046_TAI_ANG_XX.wav,1046,TAI,ANG,angry,XX,train
1046_TAI_DIS_XX.wav,ai-service\data\raw\CREMA-D\AudioWAV\1046_TAI_DIS_XX.wav,1046,TAI,DIS,disgust,XX,train
1046_TAI_FEA_XX.wav,ai-service\data\raw\CREMA-D\AudioWAV\1046_TAI_FEA_XX.wav,1046,TAI,FEA,fear,XX,train
1046_TAI_HAP_XX.wav,ai-service\data\raw\CREMA-D\AudioWAV\1046_TAI_HAP_XX.wav,1046,TAI,HAP,happy,XX,train
1046_TAI_NEU_XX.wav,ai-service\data\raw\CREMA-D\AudioWAV\1046_TAI_NEU_XX.wav,1046,TAI,NEU,neutral,XX,train
1046_TAI_SAD_XX.wav,ai-service\data\raw\CREMA-D\AudioWAV\1046_TAI_SAD_XX.wav,1046,TAI,SAD,sad,XX,train
1046_TIE_ANG_XX.wav,ai-service\data\raw\CREMA-D\AudioWAV\1046_TIE_ANG_XX.wav,1046,TIE,ANG,angry,XX,train
1046_TIE_DIS_XX.wav,ai-service\data\raw\CREMA-D\AudioWAV\1046_TIE_DIS_XX.wav,1046,TIE,DIS,disgust,XX,train
1046_TIE_FEA_XX.wav,ai-service\data\raw\CREMA-D\AudioWAV\1046_TIE_FEA_XX.wav,1046,TIE,FEA,fear,XX,train
1046_TIE_HAP_XX.wav,ai-service\data\raw\CREMA-D\AudioWAV\1046_TIE_HAP_XX.wav,1046,TIE,HAP,happy,XX,train
1046_TIE_NEU_XX.wav,ai-service\data\raw\CREMA-D\AudioWAV\1046_TIE_NEU_XX.wav,1046,TIE,NEU,neutral,XX,train
1046_TIE_SAD_XX.wav,ai-service\data\raw\CREMA-D\AudioWAV\1046_TIE_SAD_XX.wav,1046,TIE,SAD,sad,XX,train
1046_TSI_ANG_XX.wav,ai-service\data\raw\CREMA-D\AudioWAV\1046_TSI_ANG_XX.wav,1046,TSI,ANG,angry,XX,train
1046_TSI_DIS_XX.wav,ai-service\data\raw\CREMA-D\AudioWAV\1046_TSI_DIS_XX.wav,1046,TSI,DIS,disgust,XX,train
1046_TSI_FEA_XX.wav,ai-service\data\raw\CREMA-D\AudioWAV\1046_TSI_FEA_XX.wav,1046,TSI,FEA,fear,XX,train
1046_TSI_HAP_XX.wav,ai-service\data\raw\CREMA-D\AudioWAV\1046_TSI_HAP_XX.wav,1046,TSI,HAP,happy,XX,train
1046_TSI_NEU_XX.wav,ai-service\data\raw\CREMA-D\AudioWAV\1046_TSI_NEU_XX.wav,1046,TSI,NEU,neutral,XX,train
1046_TSI_SAD_XX.wav,ai-service\data\raw\CREMA-D\AudioWAV\1046_TSI_SAD_XX.wav,1046,TSI,SAD,sad,XX,train
1046_WSI_ANG_XX.wav,ai-service\data\raw\CREMA-D\AudioWAV\1046_WSI_ANG_XX.wav,1046,WSI,ANG,angry,XX,train
1046_WSI_DIS_XX.wav,ai-service\data\raw\CREMA-D\AudioWAV\1046_WSI_DIS_XX.wav,1046,WSI,DIS,disgust,XX,train
1046_WSI_FEA_XX.wav,ai-service\data\raw\CREMA-D\AudioWAV\1046_WSI_FEA_XX.wav,1046,WSI,FEA,fear,XX,train
1046_WSI_HAP_XX.wav,ai-service\data\raw\CREMA-D\AudioWAV\1046_WSI_HAP_XX.wav,1046,WSI,HAP,happy,XX,train
1046_WSI_NEU_XX.wav,ai-service\data\raw\CREMA-D\AudioWAV\1046_WSI_NEU_XX.wav,1046,WSI,NEU,neutral,XX,train
1046_WSI_SAD_XX.wav,ai-service\data\raw\CREMA-D\AudioWAV\1046_WSI_SAD_XX.wav,1046,WSI,SAD,sad,XX,train
1047_DFA_ANG_XX.wav,ai-service\data\raw\CREMA-D\AudioWAV\1047_DFA_ANG_XX.wav,1047,DFA,ANG,angry,XX,train
1047_DFA_DIS_XX.wav,ai-service\data\raw\CREMA-D\AudioWAV\1047_DFA_DIS_XX.wav,1047,DFA,DIS,disgust,XX,train
1047_DFA_FEA_XX.wav,ai-service\data\raw\CREMA-D\AudioWAV\1047_DFA_FEA_XX.wav,1047,DFA,FEA,fear,XX,train
1047_DFA_HAP_XX.wav,ai-service\data\raw\CREMA-D\AudioWAV\1047_DFA_HAP_XX.wav,1047,DFA,HAP,happy,XX,train
1047_DFA_NEU_XX.wav,ai-service\data\raw\CREMA-D\AudioWAV\1047_DFA_NEU_XX.wav,1047,DFA,NEU,neutral,XX,train
1047_DFA_SAD_XX.wav,ai-service\data\raw\CREMA-D\AudioWAV\1047_DFA_SAD_XX.wav,1047,DFA,SAD,sad,XX,train
1047_IEO_ANG_HI.wav,ai-service\data\raw\CREMA-D\AudioWAV\1047_IEO_ANG_HI.wav,1047,IEO,ANG,angry,HI,train
1047_IEO_ANG_LO.wav,ai-service\data\raw\CREMA-D\AudioWAV\1047_IEO_ANG_LO.wav,1047,IEO,ANG,angry,LO,train
1047_IEO_ANG_MD.wav,ai-service\data\raw\CREMA-D\AudioWAV\1047_IEO_ANG_MD.wav,1047,IEO,ANG,angry,MD,train
1047_IEO_DIS_HI.wav,ai-service\data\raw\CREMA-D\AudioWAV\1047_IEO_DIS_HI.wav,1047,IEO,DIS,disgust,HI,train
1047_IEO_DIS_LO.wav,ai-service\data\raw\CREMA-D\AudioWAV\1047_IEO_DIS_LO.wav,1047,IEO,DIS,disgust,LO,train
1047_IEO_DIS_MD.wav,ai-service\data\raw\CREMA-D\AudioWAV\1047_IEO_DIS_MD.wav,1047,IEO,DIS,disgust,MD,train
1047_IEO_FEA_HI.wav,ai-service\data\raw\CREMA-D\AudioWAV\1047_IEO_FEA_HI.wav,1047,IEO,FEA,fear,HI,train
1047_IEO_FEA_LO.wav,ai-service\data\raw\CREMA-D\AudioWAV\1047_IEO_FEA_LO.wav,1047,IEO,FEA,fear,LO,train
1047_IEO_FEA_MD.wav,ai-service\data\raw\CREMA-D\AudioWAV\1047_IEO_FEA_MD.wav,1047,IEO,FEA,fear,MD,train
1047_IEO_HAP_HI.wav,ai-service\data\raw\CREMA-D\AudioWAV\1047_IEO_HAP_HI.wav,1047,IEO,HAP,happy,HI,train
1047_IEO_HAP_LO.wav,ai-service\data\raw\CREMA-D\AudioWAV\1047_IEO_HAP_LO.wav,1047,IEO,HAP,happy,LO,train
1047_IEO_HAP_MD.wav,ai-service\data\raw\CREMA-D\AudioWAV\1047_IEO_HAP_MD.wav,1047,IEO,HAP,happy,MD,train
1047_IEO_NEU_XX.wav,ai-service\data\raw\CREMA-D\AudioWAV\1047_IEO_NEU_XX.wav,1047,IEO,NEU,neutral,XX,train
1047_IEO_SAD_HI.wav,ai-service\data\raw\CREMA-D\AudioWAV\1047_IEO_SAD_HI.wav,1047,IEO,SAD,sad,HI,train
1047_IEO_SAD_LO.wav,ai-service\data\raw\CREMA-D\AudioWAV\1047_IEO_SAD_LO.wav,1047,IEO,SAD,sad,LO,train
1047_IEO_SAD_MD.wav,ai-service\data\raw\CREMA-D\AudioWAV\1047_IEO_SAD_MD.wav,1047,IEO,SAD,sad,MD,train
1047_IOM_ANG_XX.wav,ai-service\data\raw\CREMA-D\AudioWAV\1047_IOM_ANG_XX.wav,1047,IOM,ANG,angry,XX,train
1047_IOM_DIS_XX.wav,ai-service\data\raw\CREMA-D\AudioWAV\1047_IOM_DIS_XX.wav,1047,IOM,DIS,disgust,XX,train
1047_IOM_FEA_XX.wav,ai-service\data\raw\CREMA-D\AudioWAV\1047_IOM_FEA_XX.wav,1047,IOM,FEA,fear,XX,train
1047_IOM_HAP_XX.wav,ai-service\data\raw\CREMA-D\AudioWAV\1047_IOM_HAP_XX.wav,1047,IOM,HAP,happy,XX,train
1047_IOM_NEU_XX.wav,ai-service\data\raw\CREMA-D\AudioWAV\1047_IOM_NEU_XX.wav,1047,IOM,NEU,neutral,XX,train
1047_IOM_SAD_XX.wav,ai-service\data\raw\CREMA-D\AudioWAV\1047_IOM_SAD_XX.wav,1047,IOM,SAD,sad,XX,train
1047_ITH_ANG_XX.wav,ai-service\data\raw\CREMA-D\AudioWAV\1047_ITH_ANG_XX.wav,1047,ITH,ANG,angry,XX,train
1047_ITH_DIS_XX.wav,ai-service\data\raw\CREMA-D\AudioWAV\1047_ITH_DIS_XX.wav,1047,ITH,DIS,disgust,XX,train
1047_ITH_FEA_XX.wav,ai-service\data\raw\CREMA-D\AudioWAV\1047_ITH_FEA_XX.wav,1047,ITH,FEA,fear,XX,train
1047_ITH_HAP_XX.wav,ai-service\data\raw\CREMA-D\AudioWAV\1047_ITH_HAP_XX.wav,1047,ITH,HAP,happy,XX,train
1047_ITH_NEU_XX.wav,ai-service\data\raw\CREMA-D\AudioWAV\1047_ITH_NEU_XX.wav,1047,ITH,NEU,neutral,XX,train
1047_ITH_SAD_XX.wav,ai-service\data\raw\CREMA-D\AudioWAV\1047_ITH_SAD_XX.wav,1047,ITH,SAD,sad,XX,train
1047_ITS_ANG_XX.wav,ai-service\data\raw\CREMA-D\AudioWAV\1047_ITS_ANG_XX.wav,1047,ITS,ANG,angry,XX,train
1047_ITS_DIS_XX.wav,ai-service\data\raw\CREMA-D\AudioWAV\1047_ITS_DIS_XX.wav,1047,ITS,DIS,disgust,XX,train
1047_ITS_FEA_XX.wav,ai-service\data\raw\CREMA-D\AudioWAV\1047_ITS_FEA_XX.wav,1047,ITS,FEA,fear,XX,train
1047_ITS_HAP_XX.wav,ai-service\data\raw\CREMA-D\AudioWAV\1047_ITS_HAP_XX.wav,1047,ITS,HAP,happy,XX,train
1047_ITS_NEU_XX.wav,ai-service\data\raw\CREMA-D\AudioWAV\1047_ITS_NEU_XX.wav,1047,ITS,NEU,neutral,XX,train
1047_ITS_SAD_XX.wav,ai-service\data\raw\CREMA-D\AudioWAV\1047_ITS_SAD_XX.wav,1047,ITS,SAD,sad,XX,train
1047_IWL_ANG_XX.wav,ai-service\data\raw\CREMA-D\AudioWAV\1047_IWL_ANG_XX.wav,1047,IWL,ANG,angry,XX,train
1047_IWL_DIS_XX.wav,ai-service\data\raw\CREMA-D\AudioWAV\1047_IWL_DIS_XX.wav,1047,IWL,DIS,disgust,XX,train
1047_IWL_FEA_XX.wav,ai-service\data\raw\CREMA-D\AudioWAV\1047_IWL_FEA_XX.wav,1047,IWL,FEA,fear,XX,train
1047_IWL_HAP_XX.wav,ai-service\data\raw\CREMA-D\AudioWAV\1047_IWL_HAP_XX.wav,1047,IWL,HAP,happy,XX,train
1047_IWL_NEU_XX.wav,ai-service\data\raw\CREMA-D\AudioWAV\1047_IWL_NEU_XX.wav,1047,IWL,NEU,neutral,XX,train
1047_IWL_SAD_XX.wav,ai-service\data\raw\CREMA-D\AudioWAV\1047_IWL_SAD_XX.wav,1047,IWL,SAD,sad,XX,train
1047_IWW_ANG_XX.wav,ai-service\data\raw\CREMA-D\AudioWAV\1047_IWW_ANG_XX.wav,1047,IWW,ANG,angry,XX,train
1047_IWW_DIS_XX.wav,ai-service\data\raw\CREMA-D\AudioWAV\1047_IWW_DIS_XX.wav,1047,IWW,DIS,disgust,XX,train
1047_IWW_FEA_XX.wav,ai-service\data\raw\CREMA-D\AudioWAV\1047_IWW_FEA_XX.wav,1047,IWW,FEA,fear,XX,train
1047_IWW_HAP_XX.wav,ai-service\data\raw\CREMA-D\AudioWAV\1047_IWW_HAP_XX.wav,1047,IWW,HAP,happy,XX,train
1047_IWW_NEU_XX.wav,ai-service\data\raw\CREMA-D\AudioWAV\1047_IWW_NEU_XX.wav,1047,IWW,NEU,neutral,XX,train
1047_IWW_SAD_XX.wav,ai-service\data\raw\CREMA-D\AudioWAV\1047_IWW_SAD_XX.wav,1047,IWW,SAD,sad,XX,train
1047_MTI_ANG_XX.wav,ai-service\data\raw\CREMA-D\AudioWAV\1047_MTI_ANG_XX.wav,1047,MTI,ANG,angry,XX,train
1047_MTI_DIS_XX.wav,ai-service\data\raw\CREMA-D\AudioWAV\1047_MTI_DIS_XX.wav,1047,MTI,DIS,disgust,XX,train
1047_MTI_FEA_XX.wav,ai-service\data\raw\CREMA-D\AudioWAV\1047_MTI_FEA_XX.wav,1047,MTI,FEA,fear,XX,train
1047_MTI_HAP_XX.wav,ai-service\data\raw\CREMA-D\AudioWAV\1047_MTI_HAP_XX.wav,1047,MTI,HAP,happy,XX,train
1047_MTI_NEU_XX.wav,ai-service\data\raw\CREMA-D\AudioWAV\1047_MTI_NEU_XX.wav,1047,MTI,NEU,neutral,XX,train
1047_MTI_SAD_XX.wav,ai-service\data\raw\CREMA-D\AudioWAV\1047_MTI_SAD_XX.wav,1047,MTI,SAD,sad,XX,train
1047_TAI_ANG_XX.wav,ai-service\data\raw\CREMA-D\AudioWAV\1047_TAI_ANG_XX.wav,1047,TAI,ANG,angry,XX,train
1047_TAI_DIS_XX.wav,ai-service\data\raw\CREMA-D\AudioWAV\1047_TAI_DIS_XX.wav,1047,TAI,DIS,disgust,XX,train
1047_TAI_FEA_XX.wav,ai-service\data\raw\CREMA-D\AudioWAV\1047_TAI_FEA_XX.wav,1047,TAI,FEA,fear,XX,train
1047_TAI_HAP_XX.wav,ai-service\data\raw\CREMA-D\AudioWAV\1047_TAI_HAP_XX.wav,1047,TAI,HAP,happy,XX,train
1047_TAI_NEU_XX.wav,ai-service\data\raw\CREMA-D\AudioWAV\1047_TAI_NEU_XX.wav,1047,TAI,NEU,neutral,XX,train
1047_TAI_SAD_XX.wav,ai-service\data\raw\CREMA-D\AudioWAV\1047_TAI_SAD_XX.wav,1047,TAI,SAD,sad,XX,train
1047_TIE_ANG_XX.wav,ai-service\data\raw\CREMA-D\AudioWAV\1047_TIE_ANG_XX.wav,1047,TIE,ANG,angry,XX,train
1047_TIE_DIS_XX.wav,ai-service\data\raw\CREMA-D\AudioWAV\1047_TIE_DIS_XX.wav,1047,TIE,DIS,disgust,XX,train
1047_TIE_FEA_XX.wav,ai-service\data\raw\CREMA-D\AudioWAV\1047_TIE_FEA_XX.wav,1047,TIE,FEA,fear,XX,train
1047_TIE_HAP_XX.wav,ai-service\data\raw\CREMA-D\AudioWAV\1047_TIE_HAP_XX.wav,1047,TIE,HAP,happy,XX,train
1047_TIE_NEU_XX.wav,ai-service\data\raw\CREMA-D\AudioWAV\1047_TIE_NEU_XX.wav,1047,TIE,NEU,neutral,XX,train
1047_TIE_SAD_XX.wav,ai-service\data\raw\CREMA-D\AudioWAV\1047_TIE_SAD_XX.wav,1047,TIE,SAD,sad,XX,train
1047_TSI_ANG_XX.wav,ai-service\data\raw\CREMA-D\AudioWAV\1047_TSI_ANG_XX.wav,1047,TSI,ANG,angry,XX,train
1047_TSI_DIS_XX.wav,ai-service\data\raw\CREMA-D\AudioWAV\1047_TSI_DIS_XX.wav,1047,TSI,DIS,disgust,XX,train
1047_TSI_FEA_XX.wav,ai-service\data\raw\CREMA-D\AudioWAV\1047_TSI_FEA_XX.wav,1047,TSI,FEA,fear,XX,train
1047_TSI_HAP_XX.wav,ai-service\data\raw\CREMA-D\AudioWAV\1047_TSI_HAP_XX.wav,1047,TSI,HAP,happy,XX,train
1047_TSI_NEU_XX.wav,ai-service\data\raw\CREMA-D\AudioWAV\1047_TSI_NEU_XX.wav,1047,TSI,NEU,neutral,XX,train
1047_TSI_SAD_XX.wav,ai-service\data\raw\CREMA-D\AudioWAV\1047_TSI_SAD_XX.wav,1047,TSI,SAD,sad,XX,train
1047_WSI_ANG_XX.wav,ai-service\data\raw\CREMA-D\AudioWAV\1047_WSI_ANG_XX.wav,1047,WSI,ANG,angry,XX,train
1047_WSI_DIS_XX.wav,ai-service\data\raw\CREMA-D\AudioWAV\1047_WSI_DIS_XX.wav,1047,WSI,DIS,disgust,XX,train
1047_WSI_FEA_XX.wav,ai-service\data\raw\CREMA-D\AudioWAV\1047_WSI_FEA_XX.wav,1047,WSI,FEA,fear,XX,train
1047_WSI_HAP_XX.wav,ai-service\data\raw\CREMA-D\AudioWAV\1047_WSI_HAP_XX.wav,1047,WSI,HAP,happy,XX,train
1047_WSI_NEU_XX.wav,ai-service\data\raw\CREMA-D\AudioWAV\1047_WSI_NEU_XX.wav,1047,WSI,NEU,neutral,XX,train
1047_WSI_SAD_XX.wav,ai-service\data\raw\CREMA-D\AudioWAV\1047_WSI_SAD_XX.wav,1047,WSI,SAD,sad,XX,train
1048_DFA_ANG_XX.wav,ai-service\data\raw\CREMA-D\AudioWAV\1048_DFA_ANG_XX.wav,1048,DFA,ANG,angry,XX,train
1048_DFA_DIS_XX.wav,ai-service\data\raw\CREMA-D\AudioWAV\1048_DFA_DIS_XX.wav,1048,DFA,DIS,disgust,XX,train
1048_DFA_FEA_XX.wav,ai-service\data\raw\CREMA-D\AudioWAV\1048_DFA_FEA_XX.wav,1048,DFA,FEA,fear,XX,train
1048_DFA_HAP_XX.wav,ai-service\data\raw\CREMA-D\AudioWAV\1048_DFA_HAP_XX.wav,1048,DFA,HAP,happy,XX,train
1048_DFA_NEU_XX.wav,ai-service\data\raw\CREMA-D\AudioWAV\1048_DFA_NEU_XX.wav,1048,DFA,NEU,neutral,XX,train
1048_DFA_SAD_XX.wav,ai-service\data\raw\CREMA-D\AudioWAV\1048_DFA_SAD_XX.wav,1048,DFA,SAD,sad,XX,train
1048_IEO_ANG_HI.wav,ai-service\data\raw\CREMA-D\AudioWAV\1048_IEO_ANG_HI.wav,1048,IEO,ANG,angry,HI,train
1048_IEO_ANG_LO.wav,ai-service\data\raw\CREMA-D\AudioWAV\1048_IEO_ANG_LO.wav,1048,IEO,ANG,angry,LO,train
1048_IEO_ANG_MD.wav,ai-service\data\raw\CREMA-D\AudioWAV\1048_IEO_ANG_MD.wav,1048,IEO,ANG,angry,MD,train
1048_IEO_DIS_HI.wav,ai-service\data\raw\CREMA-D\AudioWAV\1048_IEO_DIS_HI.wav,1048,IEO,DIS,disgust,HI,train
1048_IEO_DIS_LO.wav,ai-service\data\raw\CREMA-D\AudioWAV\1048_IEO_DIS_LO.wav,1048,IEO,DIS,disgust,LO,train
1048_IEO_DIS_MD.wav,ai-service\data\raw\CREMA-D\AudioWAV\1048_IEO_DIS_MD.wav,1048,IEO,DIS,disgust,MD,train
1048_IEO_FEA_HI.wav,ai-service\data\raw\CREMA-D\AudioWAV\1048_IEO_FEA_HI.wav,1048,IEO,FEA,fear,HI,train
1048_IEO_FEA_LO.wav,ai-service\data\raw\CREMA-D\AudioWAV\1048_IEO_FEA_LO.wav,1048,IEO,FEA,fear,LO,train
1048_IEO_FEA_MD.wav,ai-service\data\raw\CREMA-D\AudioWAV\1048_IEO_FEA_MD.wav,1048,IEO,FEA,fear,MD,train
1048_IEO_HAP_HI.wav,ai-service\data\raw\CREMA-D\AudioWAV\1048_IEO_HAP_HI.wav,1048,IEO,HAP,happy,HI,train
1048_IEO_HAP_LO.wav,ai-service\data\raw\CREMA-D\AudioWAV\1048_IEO_HAP_LO.wav,1048,IEO,HAP,happy,LO,train
1048_IEO_HAP_MD.wav,ai-service\data\raw\CREMA-D\AudioWAV\1048_IEO_HAP_MD.wav,1048,IEO,HAP,happy,MD,train
1048_IEO_NEU_XX.wav,ai-service\data\raw\CREMA-D\AudioWAV\1048_IEO_NEU_XX.wav,1048,IEO,NEU,neutral,XX,train
1048_IEO_SAD_HI.wav,ai-service\data\raw\CREMA-D\AudioWAV\1048_IEO_SAD_HI.wav,1048,IEO,SAD,sad,HI,train
1048_IEO_SAD_LO.wav,ai-service\data\raw\CREMA-D\AudioWAV\1048_IEO_SAD_LO.wav,1048,IEO,SAD,sad,LO,train
1048_IEO_SAD_MD.wav,ai-service\data\raw\CREMA-D\AudioWAV\1048_IEO_SAD_MD.wav,1048,IEO,SAD,sad,MD,train
1048_IOM_ANG_XX.wav,ai-service\data\raw\CREMA-D\AudioWAV\1048_IOM_ANG_XX.wav,1048,IOM,ANG,angry,XX,train
1048_IOM_DIS_XX.wav,ai-service\data\raw\CREMA-D\AudioWAV\1048_IOM_DIS_XX.wav,1048,IOM,DIS,disgust,XX,train
1048_IOM_FEA_XX.wav,ai-service\data\raw\CREMA-D\AudioWAV\1048_IOM_FEA_XX.wav,1048,IOM,FEA,fear,XX,train
1048_IOM_HAP_XX.wav,ai-service\data\raw\CREMA-D\AudioWAV\1048_IOM_HAP_XX.wav,1048,IOM,HAP,happy,XX,train
1048_IOM_NEU_XX.wav,ai-service\data\raw\CREMA-D\AudioWAV\1048_IOM_NEU_XX.wav,1048,IOM,NEU,neutral,XX,train
1048_IOM_SAD_XX.wav,ai-service\data\raw\CREMA-D\AudioWAV\1048_IOM_SAD_XX.wav,1048,IOM,SAD,sad,XX,train
1048_ITH_ANG_XX.wav,ai-service\data\raw\CREMA-D\AudioWAV\1048_ITH_ANG_XX.wav,1048,ITH,ANG,angry,XX,train
1048_ITH_DIS_XX.wav,ai-service\data\raw\CREMA-D\AudioWAV\1048_ITH_DIS_XX.wav,1048,ITH,DIS,disgust,XX,train
1048_ITH_FEA_XX.wav,ai-service\data\raw\CREMA-D\AudioWAV\1048_ITH_FEA_XX.wav,1048,ITH,FEA,fear,XX,train
1048_ITH_HAP_XX.wav,ai-service\data\raw\CREMA-D\AudioWAV\1048_ITH_HAP_XX.wav,1048,ITH,HAP,happy,XX,train
1048_ITH_NEU_XX.wav,ai-service\data\raw\CREMA-D\AudioWAV\1048_ITH_NEU_XX.wav,1048,ITH,NEU,neutral,XX,train
1048_ITH_SAD_XX.wav,ai-service\data\raw\CREMA-D\AudioWAV\1048_ITH_SAD_XX.wav,1048,ITH,SAD,sad,XX,train
1048_ITS_ANG_XX.wav,ai-service\data\raw\CREMA-D\AudioWAV\1048_ITS_ANG_XX.wav,1048,ITS,ANG,angry,XX,train
1048_ITS_DIS_XX.wav,ai-service\data\raw\CREMA-D\AudioWAV\1048_ITS_DIS_XX.wav,1048,ITS,DIS,disgust,XX,train
1048_ITS_FEA_XX.wav,ai-service\data\raw\CREMA-D\AudioWAV\1048_ITS_FEA_XX.wav,1048,ITS,FEA,fear,XX,train
1048_ITS_HAP_XX.wav,ai-service\data\raw\CREMA-D\AudioWAV\1048_ITS_HAP_XX.wav,1048,ITS,HAP,happy,XX,train
1048_ITS_NEU_XX.wav,ai-service\data\raw\CREMA-D\AudioWAV\1048_ITS_NEU_XX.wav,1048,ITS,NEU,neutral,XX,train
1048_ITS_SAD_XX.wav,ai-service\data\raw\CREMA-D\AudioWAV\1048_ITS_SAD_XX.wav,1048,ITS,SAD,sad,XX,train
1048_IWL_ANG_XX.wav,ai-service\data\raw\CREMA-D\AudioWAV\1048_IWL_ANG_XX.wav,1048,IWL,ANG,angry,XX,train
1048_IWL_DIS_XX.wav,ai-service\data\raw\CREMA-D\AudioWAV\1048_IWL_DIS_XX.wav,1048,IWL,DIS,disgust,XX,train
1048_IWL_FEA_XX.wav,ai-service\data\raw\CREMA-D\AudioWAV\1048_IWL_FEA_XX.wav,1048,IWL,FEA,fear,XX,train
1048_IWL_HAP_XX.wav,ai-service\data\raw\CREMA-D\AudioWAV\1048_IWL_HAP_XX.wav,1048,IWL,HAP,happy,XX,train
1048_IWL_NEU_XX.wav,ai-service\data\raw\CREMA-D\AudioWAV\1048_IWL_NEU_XX.wav,1048,IWL,NEU,neutral,XX,train
1048_IWL_SAD_XX.wav,ai-service\data\raw\CREMA-D\AudioWAV\1048_IWL_SAD_XX.wav,1048,IWL,SAD,sad,XX,train
1048_IWW_ANG_XX.wav,ai-service\data\raw\CREMA-D\AudioWAV\1048_IWW_ANG_XX.wav,1048,IWW,ANG,angry,XX,train
1048_IWW_DIS_XX.wav,ai-service\data\raw\CREMA-D\AudioWAV\1048_IWW_DIS_XX.wav,1048,IWW,DIS,disgust,XX,train
1048_IWW_FEA_XX.wav,ai-service\data\raw\CREMA-D\AudioWAV\1048_IWW_FEA_XX.wav,1048,IWW,FEA,fear,XX,train
1048_IWW_HAP_XX.wav,ai-service\data\raw\CREMA-D\AudioWAV\1048_IWW_HAP_XX.wav,1048,IWW,HAP,happy,XX,train
1048_IWW_NEU_XX.wav,ai-service\data\raw\CREMA-D\AudioWAV\1048_IWW_NEU_XX.wav,1048,IWW,NEU,neutral,XX,train
1048_IWW_SAD_XX.wav,ai-service\data\raw\CREMA-D\AudioWAV\1048_IWW_SAD_XX.wav,1048,IWW,SAD,sad,XX,train
1048_MTI_ANG_XX.wav,ai-service\data\raw\CREMA-D\AudioWAV\1048_MTI_ANG_XX.wav,1048,MTI,ANG,angry,XX,train
1048_MTI_DIS_XX.wav,ai-service\data\raw\CREMA-D\AudioWAV\1048_MTI_DIS_XX.wav,1048,MTI,DIS,disgust,XX,train
1048_MTI_FEA_XX.wav,ai-service\data\raw\CREMA-D\AudioWAV\1048_MTI_FEA_XX.wav,1048,MTI,FEA,fear,XX,train
1048_MTI_HAP_XX.wav,ai-service\data\raw\CREMA-D\AudioWAV\1048_MTI_HAP_XX.wav,1048,MTI,HAP,happy,XX,train
1048_MTI_NEU_XX.wav,ai-service\data\raw\CREMA-D\AudioWAV\1048_MTI_NEU_XX.wav,1048,MTI,NEU,neutral,XX,train
1048_MTI_SAD_XX.wav,ai-service\data\raw\CREMA-D\AudioWAV\1048_MTI_SAD_XX.wav,1048,MTI,SAD,sad,XX,train
1048_TAI_ANG_XX.wav,ai-service\data\raw\CREMA-D\AudioWAV\1048_TAI_ANG_XX.wav,1048,TAI,ANG,angry,XX,train
1048_TAI_DIS_XX.wav,ai-service\data\raw\CREMA-D\AudioWAV\1048_TAI_DIS_XX.wav,1048,TAI,DIS,disgust,XX,train
1048_TAI_FEA_XX.wav,ai-service\data\raw\CREMA-D\AudioWAV\1048_TAI_FEA_XX.wav,1048,TAI,FEA,fear,XX,train
1048_TAI_HAP_XX.wav,ai-service\data\raw\CREMA-D\AudioWAV\1048_TAI_HAP_XX.wav,1048,TAI,HAP,happy,XX,train
1048_TAI_NEU_XX.wav,ai-service\data\raw\CREMA-D\AudioWAV\1048_TAI_NEU_XX.wav,1048,TAI,NEU,neutral,XX,train
1048_TAI_SAD_XX.wav,ai-service\data\raw\CREMA-D\AudioWAV\1048_TAI_SAD_XX.wav,1048,TAI,SAD,sad,XX,train
1048_TIE_ANG_XX.wav,ai-service\data\raw\CREMA-D\AudioWAV\1048_TIE_ANG_XX.wav,1048,TIE,ANG,angry,XX,train
1048_TIE_DIS_XX.wav,ai-service\data\raw\CREMA-D\AudioWAV\1048_TIE_DIS_XX.wav,1048,TIE,DIS,disgust,XX,train
1048_TIE_FEA_XX.wav,ai-service\data\raw\CREMA-D\AudioWAV\1048_TIE_FEA_XX.wav,1048,TIE,FEA,fear,XX,train
1048_TIE_HAP_XX.wav,ai-service\data\raw\CREMA-D\AudioWAV\1048_TIE_HAP_XX.wav,1048,TIE,HAP,happy,XX,train
1048_TIE_NEU_XX.wav,ai-service\data\raw\CREMA-D\AudioWAV\1048_TIE_NEU_XX.wav,1048,TIE,NEU,neutral,XX,train
1048_TIE_SAD_XX.wav,ai-service\data\raw\CREMA-D\AudioWAV\1048_TIE_SAD_XX.wav,1048,TIE,SAD,sad,XX,train
1048_TSI_ANG_XX.wav,ai-service\data\raw\CREMA-D\AudioWAV\1048_TSI_ANG_XX.wav,1048,TSI,ANG,angry,XX,train
1048_TSI_DIS_XX.wav,ai-service\data\raw\CREMA-D\AudioWAV\1048_TSI_DIS_XX.wav,1048,TSI,DIS,disgust,XX,train
1048_TSI_FEA_XX.wav,ai-service\data\raw\CREMA-D\AudioWAV\1048_TSI_FEA_XX.wav,1048,TSI,FEA,fear,XX,train
1048_TSI_HAP_XX.wav,ai-service\data\raw\CREMA-D\AudioWAV\1048_TSI_HAP_XX.wav,1048,TSI,HAP,happy,XX,train
1048_TSI_NEU_XX.wav,ai-service\data\raw\CREMA-D\AudioWAV\1048_TSI_NEU_XX.wav,1048,TSI,NEU,neutral,XX,train
1048_TSI_SAD_XX.wav,ai-service\data\raw\CREMA-D\AudioWAV\1048_TSI_SAD_XX.wav,1048,TSI,SAD,sad,XX,train
1048_WSI_ANG_XX.wav,ai-service\data\raw\CREMA-D\AudioWAV\1048_WSI_ANG_XX.wav,1048,WSI,ANG,angry,XX,train
1048_WSI_DIS_XX.wav,ai-service\data\raw\CREMA-D\AudioWAV\1048_WSI_DIS_XX.wav,1048,WSI,DIS,disgust,XX,train
1048_WSI_FEA_XX.wav,ai-service\data\raw\CREMA-D\AudioWAV\1048_WSI_FEA_XX.wav,1048,WSI,FEA,fear,XX,train
1048_WSI_HAP_XX.wav,ai-service\data\raw\CREMA-D\AudioWAV\1048_WSI_HAP_XX.wav,1048,WSI,HAP,happy,XX,train
1048_WSI_NEU_XX.wav,ai-service\data\raw\CREMA-D\AudioWAV\1048_WSI_NEU_XX.wav,1048,WSI,NEU,neutral,XX,train
1048_WSI_SAD_XX.wav,ai-service\data\raw\CREMA-D\AudioWAV\1048_WSI_SAD_XX.wav,1048,WSI,SAD,sad,XX,train
1049_DFA_ANG_XX.wav,ai-service\data\raw\CREMA-D\AudioWAV\1049_DFA_ANG_XX.wav,1049,DFA,ANG,angry,XX,train
1049_DFA_DIS_XX.wav,ai-service\data\raw\CREMA-D\AudioWAV\1049_DFA_DIS_XX.wav,1049,DFA,DIS,disgust,XX,train
1049_DFA_FEA_XX.wav,ai-service\data\raw\CREMA-D\AudioWAV\1049_DFA_FEA_XX.wav,1049,DFA,FEA,fear,XX,train
1049_DFA_HAP_XX.wav,ai-service\data\raw\CREMA-D\AudioWAV\1049_DFA_HAP_XX.wav,1049,DFA,HAP,happy,XX,train
1049_DFA_NEU_XX.wav,ai-service\data\raw\CREMA-D\AudioWAV\1049_DFA_NEU_XX.wav,1049,DFA,NEU,neutral,XX,train
1049_DFA_SAD_XX.wav,ai-service\data\raw\CREMA-D\AudioWAV\1049_DFA_SAD_XX.wav,1049,DFA,SAD,sad,XX,train
1049_IEO_ANG_HI.wav,ai-service\data\raw\CREMA-D\AudioWAV\1049_IEO_ANG_HI.wav,1049,IEO,ANG,angry,HI,train
1049_IEO_ANG_LO.wav,ai-service\data\raw\CREMA-D\AudioWAV\1049_IEO_ANG_LO.wav,1049,IEO,ANG,angry,LO,train
1049_IEO_ANG_MD.wav,ai-service\data\raw\CREMA-D\AudioWAV\1049_IEO_ANG_MD.wav,1049,IEO,ANG,angry,MD,train
1049_IEO_DIS_HI.wav,ai-service\data\raw\CREMA-D\AudioWAV\1049_IEO_DIS_HI.wav,1049,IEO,DIS,disgust,HI,train
1049_IEO_DIS_LO.wav,ai-service\data\raw\CREMA-D\AudioWAV\1049_IEO_DIS_LO.wav,1049,IEO,DIS,disgust,LO,train
1049_IEO_DIS_MD.wav,ai-service\data\raw\CREMA-D\AudioWAV\1049_IEO_DIS_MD.wav,1049,IEO,DIS,disgust,MD,train
1049_IEO_FEA_HI.wav,ai-service\data\raw\CREMA-D\AudioWAV\1049_IEO_FEA_HI.wav,1049,IEO,FEA,fear,HI,train
1049_IEO_FEA_LO.wav,ai-service\data\raw\CREMA-D\AudioWAV\1049_IEO_FEA_LO.wav,1049,IEO,FEA,fear,LO,train
1049_IEO_FEA_MD.wav,ai-service\data\raw\CREMA-D\AudioWAV\1049_IEO_FEA_MD.wav,1049,IEO,FEA,fear,MD,train
1049_IEO_HAP_HI.wav,ai-service\data\raw\CREMA-D\AudioWAV\1049_IEO_HAP_HI.wav,1049,IEO,HAP,happy,HI,train
1049_IEO_HAP_LO.wav,ai-service\data\raw\CREMA-D\AudioWAV\1049_IEO_HAP_LO.wav,1049,IEO,HAP,happy,LO,train
1049_IEO_HAP_MD.wav,ai-service\data\raw\CREMA-D\AudioWAV\1049_IEO_HAP_MD.wav,1049,IEO,HAP,happy,MD,train
1049_IEO_NEU_XX.wav,ai-service\data\raw\CREMA-D\AudioWAV\1049_IEO_NEU_XX.wav,1049,IEO,NEU,neutral,XX,train
1049_IEO_SAD_HI.wav,ai-service\data\raw\CREMA-D\AudioWAV\1049_IEO_SAD_HI.wav,1049,IEO,SAD,sad,HI,train
1049_IEO_SAD_LO.wav,ai-service\data\raw\CREMA-D\AudioWAV\1049_IEO_SAD_LO.wav,1049,IEO,SAD,sad,LO,train
1049_IEO_SAD_MD.wav,ai-service\data\raw\CREMA-D\AudioWAV\1049_IEO_SAD_MD.wav,1049,IEO,SAD,sad,MD,train
1049_IOM_ANG_XX.wav,ai-service\data\raw\CREMA-D\AudioWAV\1049_IOM_ANG_XX.wav,1049,IOM,ANG,angry,XX,train
1049_IOM_DIS_XX.wav,ai-service\data\raw\CREMA-D\AudioWAV\1049_IOM_DIS_XX.wav,1049,IOM,DIS,disgust,XX,train
1049_IOM_FEA_XX.wav,ai-service\data\raw\CREMA-D\AudioWAV\1049_IOM_FEA_XX.wav,1049,IOM,FEA,fear,XX,train
1049_IOM_HAP_XX.wav,ai-service\data\raw\CREMA-D\AudioWAV\1049_IOM_HAP_XX.wav,1049,IOM,HAP,happy,XX,train
1049_IOM_NEU_XX.wav,ai-service\data\raw\CREMA-D\AudioWAV\1049_IOM_NEU_XX.wav,1049,IOM,NEU,neutral,XX,train
1049_IOM_SAD_XX.wav,ai-service\data\raw\CREMA-D\AudioWAV\1049_IOM_SAD_XX.wav,1049,IOM,SAD,sad,XX,train
1049_ITH_ANG_XX.wav,ai-service\data\raw\CREMA-D\AudioWAV\1049_ITH_ANG_XX.wav,1049,ITH,ANG,angry,XX,train
1049_ITH_DIS_XX.wav,ai-service\data\raw\CREMA-D\AudioWAV\1049_ITH_DIS_XX.wav,1049,ITH,DIS,disgust,XX,train
1049_ITH_FEA_XX.wav,ai-service\data\raw\CREMA-D\AudioWAV\1049_ITH_FEA_XX.wav,1049,ITH,FEA,fear,XX,train
1049_ITH_HAP_XX.wav,ai-service\data\raw\CREMA-D\AudioWAV\1049_ITH_HAP_XX.wav,1049,ITH,HAP,happy,XX,train
1049_ITH_NEU_XX.wav,ai-service\data\raw\CREMA-D\AudioWAV\1049_ITH_NEU_XX.wav,1049,ITH,NEU,neutral,XX,train
1049_ITH_SAD_XX.wav,ai-service\data\raw\CREMA-D\AudioWAV\1049_ITH_SAD_XX.wav,1049,ITH,SAD,sad,XX,train
1049_ITS_ANG_XX.wav,ai-service\data\raw\CREMA-D\AudioWAV\1049_ITS_ANG_XX.wav,1049,ITS,ANG,angry,XX,train
1049_ITS_DIS_XX.wav,ai-service\data\raw\CREMA-D\AudioWAV\1049_ITS_DIS_XX.wav,1049,ITS,DIS,disgust,XX,train
1049_ITS_FEA_XX.wav,ai-service\data\raw\CREMA-D\AudioWAV\1049_ITS_FEA_XX.wav,1049,ITS,FEA,fear,XX,train
1049_ITS_HAP_XX.wav,ai-service\data\raw\CREMA-D\AudioWAV\1049_ITS_HAP_XX.wav,1049,ITS,HAP,happy,XX,train
1049_ITS_NEU_XX.wav,ai-service\data\raw\CREMA-D\AudioWAV\1049_ITS_NEU_XX.wav,1049,ITS,NEU,neutral,XX,train
1049_ITS_SAD_XX.wav,ai-service\data\raw\CREMA-D\AudioWAV\1049_ITS_SAD_XX.wav,1049,ITS,SAD,sad,XX,train
1049_IWL_ANG_XX.wav,ai-service\data\raw\CREMA-D\AudioWAV\1049_IWL_ANG_XX.wav,1049,IWL,ANG,angry,XX,train
1049_IWL_DIS_XX.wav,ai-service\data\raw\CREMA-D\AudioWAV\1049_IWL_DIS_XX.wav,1049,IWL,DIS,disgust,XX,train
1049_IWL_FEA_XX.wav,ai-service\data\raw\CREMA-D\AudioWAV\1049_IWL_FEA_XX.wav,1049,IWL,FEA,fear,XX,train
1049_IWL_HAP_XX.wav,ai-service\data\raw\CREMA-D\AudioWAV\1049_IWL_HAP_XX.wav,1049,IWL,HAP,happy,XX,train
1049_IWL_NEU_XX.wav,ai-service\data\raw\CREMA-D\AudioWAV\1049_IWL_NEU_XX.wav,1049,IWL,NEU,neutral,XX,train
1049_IWL_SAD_XX.wav,ai-service\data\raw\CREMA-D\AudioWAV\1049_IWL_SAD_XX.wav,1049,IWL,SAD,sad,XX,train
1049_IWW_ANG_XX.wav,ai-service\data\raw\CREMA-D\AudioWAV\1049_IWW_ANG_XX.wav,1049,IWW,ANG,angry,XX,train
1049_IWW_DIS_XX.wav,ai-service\data\raw\CREMA-D\AudioWAV\1049_IWW_DIS_XX.wav,1049,IWW,DIS,disgust,XX,train
1049_IWW_FEA_XX.wav,ai-service\data\raw\CREMA-D\AudioWAV\1049_IWW_FEA_XX.wav,1049,IWW,FEA,fear,XX,train
1049_IWW_HAP_XX.wav,ai-service\data\raw\CREMA-D\AudioWAV\1049_IWW_HAP_XX.wav,1049,IWW,HAP,happy,XX,train
1049_IWW_NEU_XX.wav,ai-service\data\raw\CREMA-D\AudioWAV\1049_IWW_NEU_XX.wav,1049,IWW,NEU,neutral,XX,train
1049_IWW_SAD_XX.wav,ai-service\data\raw\CREMA-D\AudioWAV\1049_IWW_SAD_XX.wav,1049,IWW,SAD,sad,XX,train
1049_MTI_ANG_XX.wav,ai-service\data\raw\CREMA-D\AudioWAV\1049_MTI_ANG_XX.wav,1049,MTI,ANG,angry,XX,train
1049_MTI_DIS_XX.wav,ai-service\data\raw\CREMA-D\AudioWAV\1049_MTI_DIS_XX.wav,1049,MTI,DIS,disgust,XX,train
1049_MTI_FEA_XX.wav,ai-service\data\raw\CREMA-D\AudioWAV\1049_MTI_FEA_XX.wav,1049,MTI,FEA,fear,XX,train
1049_MTI_HAP_XX.wav,ai-service\data\raw\CREMA-D\AudioWAV\1049_MTI_HAP_XX.wav,1049,MTI,HAP,happy,XX,train
1049_MTI_NEU_XX.wav,ai-service\data\raw\CREMA-D\AudioWAV\1049_MTI_NEU_XX.wav,1049,MTI,NEU,neutral,XX,train
1049_MTI_SAD_XX.wav,ai-service\data\raw\CREMA-D\AudioWAV\1049_MTI_SAD_XX.wav,1049,MTI,SAD,sad,XX,train
1049_TAI_ANG_XX.wav,ai-service\data\raw\CREMA-D\AudioWAV\1049_TAI_ANG_XX.wav,1049,TAI,ANG,angry,XX,train
1049_TAI_DIS_XX.wav,ai-service\data\raw\CREMA-D\AudioWAV\1049_TAI_DIS_XX.wav,1049,TAI,DIS,disgust,XX,train
1049_TAI_FEA_XX.wav,ai-service\data\raw\CREMA-D\AudioWAV\1049_TAI_FEA_XX.wav,1049,TAI,FEA,fear,XX,train
1049_TAI_HAP_XX.wav,ai-service\data\raw\CREMA-D\AudioWAV\1049_TAI_HAP_XX.wav,1049,TAI,HAP,happy,XX,train
1049_TAI_NEU_XX.wav,ai-service\data\raw\CREMA-D\AudioWAV\1049_TAI_NEU_XX.wav,1049,TAI,NEU,neutral,XX,train
1049_TAI_SAD_XX.wav,ai-service\data\raw\CREMA-D\AudioWAV\1049_TAI_SAD_XX.wav,1049,TAI,SAD,sad,XX,train
1049_TIE_ANG_XX.wav,ai-service\data\raw\CREMA-D\AudioWAV\1049_TIE_ANG_XX.wav,1049,TIE,ANG,angry,XX,train
1049_TIE_DIS_XX.wav,ai-service\data\raw\CREMA-D\AudioWAV\1049_TIE_DIS_XX.wav,1049,TIE,DIS,disgust,XX,train
1049_TIE_FEA_XX.wav,ai-service\data\raw\CREMA-D\AudioWAV\1049_TIE_FEA_XX.wav,1049,TIE,FEA,fear,XX,train
1049_TIE_HAP_XX.wav,ai-service\data\raw\CREMA-D\AudioWAV\1049_TIE_HAP_XX.wav,1049,TIE,HAP,happy,XX,train
1049_TIE_NEU_XX.wav,ai-service\data\raw\CREMA-D\AudioWAV\1049_TIE_NEU_XX.wav,1049,TIE,NEU,neutral,XX,train
1049_TIE_SAD_XX.wav,ai-service\data\raw\CREMA-D\AudioWAV\1049_TIE_SAD_XX.wav,1049,TIE,SAD,sad,XX,train
1049_TSI_ANG_XX.wav,ai-service\data\raw\CREMA-D\AudioWAV\1049_TSI_ANG_XX.wav,1049,TSI,ANG,angry,XX,train
1049_TSI_DIS_XX.wav,ai-service\data\raw\CREMA-D\AudioWAV\1049_TSI_DIS_XX.wav,1049,TSI,DIS,disgust,XX,train
1049_TSI_FEA_XX.wav,ai-service\data\raw\CREMA-D\AudioWAV\1049_TSI_FEA_XX.wav,1049,TSI,FEA,fear,XX,train
1049_TSI_HAP_XX.wav,ai-service\data\raw\CREMA-D\AudioWAV\1049_TSI_HAP_XX.wav,1049,TSI,HAP,happy,XX,train
1049_TSI_NEU_XX.wav,ai-service\data\raw\CREMA-D\AudioWAV\1049_TSI_NEU_XX.wav,1049,TSI,NEU,neutral,XX,train
1049_TSI_SAD_XX.wav,ai-service\data\raw\CREMA-D\AudioWAV\1049_TSI_SAD_XX.wav,1049,TSI,SAD,sad,XX,train
1049_WSI_ANG_XX.wav,ai-service\data\raw\CREMA-D\AudioWAV\1049_WSI_ANG_XX.wav,1049,WSI,ANG,angry,XX,train
1049_WSI_DIS_XX.wav,ai-service\data\raw\CREMA-D\AudioWAV\1049_WSI_DIS_XX.wav,1049,WSI,DIS,disgust,XX,train
1049_WSI_FEA_XX.wav,ai-service\data\raw\CREMA-D\AudioWAV\1049_WSI_FEA_XX.wav,1049,WSI,FEA,fear,XX,train
1049_WSI_HAP_XX.wav,ai-service\data\raw\CREMA-D\AudioWAV\1049_WSI_HAP_XX.wav,1049,WSI,HAP,happy,XX,train
1049_WSI_NEU_XX.wav,ai-service\data\raw\CREMA-D\AudioWAV\1049_WSI_NEU_XX.wav,1049,WSI,NEU,neutral,XX,train
1049_WSI_SAD_XX.wav,ai-service\data\raw\CREMA-D\AudioWAV\1049_WSI_SAD_XX.wav,1049,WSI,SAD,sad,XX,train
1050_DFA_ANG_XX.wav,ai-service\data\raw\CREMA-D\AudioWAV\1050_DFA_ANG_XX.wav,1050,DFA,ANG,angry,XX,train
1050_DFA_DIS_XX.wav,ai-service\data\raw\CREMA-D\AudioWAV\1050_DFA_DIS_XX.wav,1050,DFA,DIS,disgust,XX,train
1050_DFA_FEA_XX.wav,ai-service\data\raw\CREMA-D\AudioWAV\1050_DFA_FEA_XX.wav,1050,DFA,FEA,fear,XX,train
1050_DFA_HAP_XX.wav,ai-service\data\raw\CREMA-D\AudioWAV\1050_DFA_HAP_XX.wav,1050,DFA,HAP,happy,XX,train
1050_DFA_NEU_XX.wav,ai-service\data\raw\CREMA-D\AudioWAV\1050_DFA_NEU_XX.wav,1050,DFA,NEU,neutral,XX,train
1050_DFA_SAD_XX.wav,ai-service\data\raw\CREMA-D\AudioWAV\1050_DFA_SAD_XX.wav,1050,DFA,SAD,sad,XX,train
1050_IEO_ANG_HI.wav,ai-service\data\raw\CREMA-D\AudioWAV\1050_IEO_ANG_HI.wav,1050,IEO,ANG,angry,HI,train
1050_IEO_ANG_LO.wav,ai-service\data\raw\CREMA-D\AudioWAV\1050_IEO_ANG_LO.wav,1050,IEO,ANG,angry,LO,train
1050_IEO_ANG_MD.wav,ai-service\data\raw\CREMA-D\AudioWAV\1050_IEO_ANG_MD.wav,1050,IEO,ANG,angry,MD,train
1050_IEO_DIS_HI.wav,ai-service\data\raw\CREMA-D\AudioWAV\1050_IEO_DIS_HI.wav,1050,IEO,DIS,disgust,HI,train
1050_IEO_DIS_LO.wav,ai-service\data\raw\CREMA-D\AudioWAV\1050_IEO_DIS_LO.wav,1050,IEO,DIS,disgust,LO,train
1050_IEO_DIS_MD.wav,ai-service\data\raw\CREMA-D\AudioWAV\1050_IEO_DIS_MD.wav,1050,IEO,DIS,disgust,MD,train
1050_IEO_FEA_HI.wav,ai-service\data\raw\CREMA-D\AudioWAV\1050_IEO_FEA_HI.wav,1050,IEO,FEA,fear,HI,train
1050_IEO_FEA_LO.wav,ai-service\data\raw\CREMA-D\AudioWAV\1050_IEO_FEA_LO.wav,1050,IEO,FEA,fear,LO,train
1050_IEO_FEA_MD.wav,ai-service\data\raw\CREMA-D\AudioWAV\1050_IEO_FEA_MD.wav,1050,IEO,FEA,fear,MD,train
1050_IEO_HAP_HI.wav,ai-service\data\raw\CREMA-D\AudioWAV\1050_IEO_HAP_HI.wav,1050,IEO,HAP,happy,HI,train
1050_IEO_HAP_LO.wav,ai-service\data\raw\CREMA-D\AudioWAV\1050_IEO_HAP_LO.wav,1050,IEO,HAP,happy,LO,train
1050_IEO_HAP_MD.wav,ai-service\data\raw\CREMA-D\AudioWAV\1050_IEO_HAP_MD.wav,1050,IEO,HAP,happy,MD,train
1050_IEO_NEU_XX.wav,ai-service\data\raw\CREMA-D\AudioWAV\1050_IEO_NEU_XX.wav,1050,IEO,NEU,neutral,XX,train
1050_IEO_SAD_HI.wav,ai-service\data\raw\CREMA-D\AudioWAV\1050_IEO_SAD_HI.wav,1050,IEO,SAD,sad,HI,train
1050_IEO_SAD_LO.wav,ai-service\data\raw\CREMA-D\AudioWAV\1050_IEO_SAD_LO.wav,1050,IEO,SAD,sad,LO,train
1050_IEO_SAD_MD.wav,ai-service\data\raw\CREMA-D\AudioWAV\1050_IEO_SAD_MD.wav,1050,IEO,SAD,sad,MD,train
1050_IOM_ANG_XX.wav,ai-service\data\raw\CREMA-D\AudioWAV\1050_IOM_ANG_XX.wav,1050,IOM,ANG,angry,XX,train
1050_IOM_DIS_XX.wav,ai-service\data\raw\CREMA-D\AudioWAV\1050_IOM_DIS_XX.wav,1050,IOM,DIS,disgust,XX,train
1050_IOM_FEA_XX.wav,ai-service\data\raw\CREMA-D\AudioWAV\1050_IOM_FEA_XX.wav,1050,IOM,FEA,fear,XX,train
1050_IOM_HAP_XX.wav,ai-service\data\raw\CREMA-D\AudioWAV\1050_IOM_HAP_XX.wav,1050,IOM,HAP,happy,XX,train
1050_IOM_NEU_XX.wav,ai-service\data\raw\CREMA-D\AudioWAV\1050_IOM_NEU_XX.wav,1050,IOM,NEU,neutral,XX,train
1050_IOM_SAD_XX.wav,ai-service\data\raw\CREMA-D\AudioWAV\1050_IOM_SAD_XX.wav,1050,IOM,SAD,sad,XX,train
1050_ITH_ANG_XX.wav,ai-service\data\raw\CREMA-D\AudioWAV\1050_ITH_ANG_XX.wav,1050,ITH,ANG,angry,XX,train
1050_ITH_DIS_XX.wav,ai-service\data\raw\CREMA-D\AudioWAV\1050_ITH_DIS_XX.wav,1050,ITH,DIS,disgust,XX,train
1050_ITH_FEA_XX.wav,ai-service\data\raw\CREMA-D\AudioWAV\1050_ITH_FEA_XX.wav,1050,ITH,FEA,fear,XX,train
1050_ITH_HAP_XX.wav,ai-service\data\raw\CREMA-D\AudioWAV\1050_ITH_HAP_XX.wav,1050,ITH,HAP,happy,XX,train
1050_ITH_NEU_XX.wav,ai-service\data\raw\CREMA-D\AudioWAV\1050_ITH_NEU_XX.wav,1050,ITH,NEU,neutral,XX,train
1050_ITH_SAD_XX.wav,ai-service\data\raw\CREMA-D\AudioWAV\1050_ITH_SAD_XX.wav,1050,ITH,SAD,sad,XX,train
1050_ITS_ANG_XX.wav,ai-service\data\raw\CREMA-D\AudioWAV\1050_ITS_ANG_XX.wav,1050,ITS,ANG,angry,XX,train
1050_ITS_DIS_XX.wav,ai-service\data\raw\CREMA-D\AudioWAV\1050_ITS_DIS_XX.wav,1050,ITS,DIS,disgust,XX,train
1050_ITS_FEA_XX.wav,ai-service\data\raw\CREMA-D\AudioWAV\1050_ITS_FEA_XX.wav,1050,ITS,FEA,fear,XX,train
1050_ITS_HAP_XX.wav,ai-service\data\raw\CREMA-D\AudioWAV\1050_ITS_HAP_XX.wav,1050,ITS,HAP,happy,XX,train
1050_ITS_NEU_XX.wav,ai-service\data\raw\CREMA-D\AudioWAV\1050_ITS_NEU_XX.wav,1050,ITS,NEU,neutral,XX,train
1050_ITS_SAD_XX.wav,ai-service\data\raw\CREMA-D\AudioWAV\1050_ITS_SAD_XX.wav,1050,ITS,SAD,sad,XX,train
1050_IWL_ANG_XX.wav,ai-service\data\raw\CREMA-D\AudioWAV\1050_IWL_ANG_XX.wav,1050,IWL,ANG,angry,XX,train
1050_IWL_DIS_XX.wav,ai-service\data\raw\CREMA-D\AudioWAV\1050_IWL_DIS_XX.wav,1050,IWL,DIS,disgust,XX,train
1050_IWL_FEA_XX.wav,ai-service\data\raw\CREMA-D\AudioWAV\1050_IWL_FEA_XX.wav,1050,IWL,FEA,fear,XX,train
1050_IWL_HAP_XX.wav,ai-service\data\raw\CREMA-D\AudioWAV\1050_IWL_HAP_XX.wav,1050,IWL,HAP,happy,XX,train
1050_IWL_NEU_XX.wav,ai-service\data\raw\CREMA-D\AudioWAV\1050_IWL_NEU_XX.wav,1050,IWL,NEU,neutral,XX,train
1050_IWL_SAD_XX.wav,ai-service\data\raw\CREMA-D\AudioWAV\1050_IWL_SAD_XX.wav,1050,IWL,SAD,sad,XX,train
1050_IWW_ANG_XX.wav,ai-service\data\raw\CREMA-D\AudioWAV\1050_IWW_ANG_XX.wav,1050,IWW,ANG,angry,XX,train
1050_IWW_DIS_XX.wav,ai-service\data\raw\CREMA-D\AudioWAV\1050_IWW_DIS_XX.wav,1050,IWW,DIS,disgust,XX,train
1050_IWW_FEA_XX.wav,ai-service\data\raw\CREMA-D\AudioWAV\1050_IWW_FEA_XX.wav,1050,IWW,FEA,fear,XX,train
1050_IWW_HAP_XX.wav,ai-service\data\raw\CREMA-D\AudioWAV\1050_IWW_HAP_XX.wav,1050,IWW,HAP,happy,XX,train
1050_IWW_NEU_XX.wav,ai-service\data\raw\CREMA-D\AudioWAV\1050_IWW_NEU_XX.wav,1050,IWW,NEU,neutral,XX,train
1050_IWW_SAD_XX.wav,ai-service\data\raw\CREMA-D\AudioWAV\1050_IWW_SAD_XX.wav,1050,IWW,SAD,sad,XX,train
1050_MTI_ANG_XX.wav,ai-service\data\raw\CREMA-D\AudioWAV\1050_MTI_ANG_XX.wav,1050,MTI,ANG,angry,XX,train
1050_MTI_DIS_XX.wav,ai-service\data\raw\CREMA-D\AudioWAV\1050_MTI_DIS_XX.wav,1050,MTI,DIS,disgust,XX,train
1050_MTI_FEA_XX.wav,ai-service\data\raw\CREMA-D\AudioWAV\1050_MTI_FEA_XX.wav,1050,MTI,FEA,fear,XX,train
1050_MTI_HAP_XX.wav,ai-service\data\raw\CREMA-D\AudioWAV\1050_MTI_HAP_XX.wav,1050,MTI,HAP,happy,XX,train
1050_MTI_NEU_XX.wav,ai-service\data\raw\CREMA-D\AudioWAV\1050_MTI_NEU_XX.wav,1050,MTI,NEU,neutral,XX,train
1050_MTI_SAD_XX.wav,ai-service\data\raw\CREMA-D\AudioWAV\1050_MTI_SAD_XX.wav,1050,MTI,SAD,sad,XX,train
1050_TAI_ANG_XX.wav,ai-service\data\raw\CREMA-D\AudioWAV\1050_TAI_ANG_XX.wav,1050,TAI,ANG,angry,XX,train
1050_TAI_DIS_XX.wav,ai-service\data\raw\CREMA-D\AudioWAV\1050_TAI_DIS_XX.wav,1050,TAI,DIS,disgust,XX,train
1050_TAI_FEA_XX.wav,ai-service\data\raw\CREMA-D\AudioWAV\1050_TAI_FEA_XX.wav,1050,TAI,FEA,fear,XX,train
1050_TAI_HAP_XX.wav,ai-service\data\raw\CREMA-D\AudioWAV\1050_TAI_HAP_XX.wav,1050,TAI,HAP,happy,XX,train
1050_TAI_NEU_XX.wav,ai-service\data\raw\CREMA-D\AudioWAV\1050_TAI_NEU_XX.wav,1050,TAI,NEU,neutral,XX,train
1050_TAI_SAD_XX.wav,ai-service\data\raw\CREMA-D\AudioWAV\1050_TAI_SAD_XX.wav,1050,TAI,SAD,sad,XX,train
1050_TIE_ANG_XX.wav,ai-service\data\raw\CREMA-D\AudioWAV\1050_TIE_ANG_XX.wav,1050,TIE,ANG,angry,XX,train
1050_TIE_DIS_XX.wav,ai-service\data\raw\CREMA-D\AudioWAV\1050_TIE_DIS_XX.wav,1050,TIE,DIS,disgust,XX,train
1050_TIE_FEA_XX.wav,ai-service\data\raw\CREMA-D\AudioWAV\1050_TIE_FEA_XX.wav,1050,TIE,FEA,fear,XX,train
1050_TIE_HAP_XX.wav,ai-service\data\raw\CREMA-D\AudioWAV\1050_TIE_HAP_XX.wav,1050,TIE,HAP,happy,XX,train
1050_TIE_NEU_XX.wav,ai-service\data\raw\CREMA-D\AudioWAV\1050_TIE_NEU_XX.wav,1050,TIE,NEU,neutral,XX,train
1050_TIE_SAD_XX.wav,ai-service\data\raw\CREMA-D\AudioWAV\1050_TIE_SAD_XX.wav,1050,TIE,SAD,sad,XX,train
1050_TSI_ANG_XX.wav,ai-service\data\raw\CREMA-D\AudioWAV\1050_TSI_ANG_XX.wav,1050,TSI,ANG,angry,XX,train
1050_TSI_DIS_XX.wav,ai-service\data\raw\CREMA-D\AudioWAV\1050_TSI_DIS_XX.wav,1050,TSI,DIS,disgust,XX,train
1050_TSI_FEA_XX.wav,ai-service\data\raw\CREMA-D\AudioWAV\1050_TSI_FEA_XX.wav,1050,TSI,FEA,fear,XX,train
1050_TSI_HAP_XX.wav,ai-service\data\raw\CREMA-D\AudioWAV\1050_TSI_HAP_XX.wav,1050,TSI,HAP,happy,XX,train
1050_TSI_NEU_XX.wav,ai-service\data\raw\CREMA-D\AudioWAV\1050_TSI_NEU_XX.wav,1050,TSI,NEU,neutral,XX,train
1050_TSI_SAD_XX.wav,ai-service\data\raw\CREMA-D\AudioWAV\1050_TSI_SAD_XX.wav,1050,TSI,SAD,sad,XX,train
1050_WSI_ANG_XX.wav,ai-service\data\raw\CREMA-D\AudioWAV\1050_WSI_ANG_XX.wav,1050,WSI,ANG,angry,XX,train
1050_WSI_DIS_XX.wav,ai-service\data\raw\CREMA-D\AudioWAV\1050_WSI_DIS_XX.wav,1050,WSI,DIS,disgust,XX,train
1050_WSI_FEA_XX.wav,ai-service\data\raw\CREMA-D\AudioWAV\1050_WSI_FEA_XX.wav,1050,WSI,FEA,fear,XX,train
1050_WSI_HAP_XX.wav,ai-service\data\raw\CREMA-D\AudioWAV\1050_WSI_HAP_XX.wav,1050,WSI,HAP,happy,XX,train
1050_WSI_NEU_XX.wav,ai-service\data\raw\CREMA-D\AudioWAV\1050_WSI_NEU_XX.wav,1050,WSI,NEU,neutral,XX,train
1050_WSI_SAD_XX.wav,ai-service\data\raw\CREMA-D\AudioWAV\1050_WSI_SAD_XX.wav,1050,WSI,SAD,sad,XX,train
1051_DFA_ANG_XX.wav,ai-service\data\raw\CREMA-D\AudioWAV\1051_DFA_ANG_XX.wav,1051,DFA,ANG,angry,XX,train
1051_DFA_DIS_XX.wav,ai-service\data\raw\CREMA-D\AudioWAV\1051_DFA_DIS_XX.wav,1051,DFA,DIS,disgust,XX,train
1051_DFA_FEA_XX.wav,ai-service\data\raw\CREMA-D\AudioWAV\1051_DFA_FEA_XX.wav,1051,DFA,FEA,fear,XX,train
1051_DFA_HAP_XX.wav,ai-service\data\raw\CREMA-D\AudioWAV\1051_DFA_HAP_XX.wav,1051,DFA,HAP,happy,XX,train
1051_DFA_NEU_XX.wav,ai-service\data\raw\CREMA-D\AudioWAV\1051_DFA_NEU_XX.wav,1051,DFA,NEU,neutral,XX,train
1051_DFA_SAD_XX.wav,ai-service\data\raw\CREMA-D\AudioWAV\1051_DFA_SAD_XX.wav,1051,DFA,SAD,sad,XX,train
1051_IEO_ANG_HI.wav,ai-service\data\raw\CREMA-D\AudioWAV\1051_IEO_ANG_HI.wav,1051,IEO,ANG,angry,HI,train
1051_IEO_ANG_LO.wav,ai-service\data\raw\CREMA-D\AudioWAV\1051_IEO_ANG_LO.wav,1051,IEO,ANG,angry,LO,train
1051_IEO_ANG_MD.wav,ai-service\data\raw\CREMA-D\AudioWAV\1051_IEO_ANG_MD.wav,1051,IEO,ANG,angry,MD,train
1051_IEO_DIS_HI.wav,ai-service\data\raw\CREMA-D\AudioWAV\1051_IEO_DIS_HI.wav,1051,IEO,DIS,disgust,HI,train
1051_IEO_DIS_LO.wav,ai-service\data\raw\CREMA-D\AudioWAV\1051_IEO_DIS_LO.wav,1051,IEO,DIS,disgust,LO,train
1051_IEO_DIS_MD.wav,ai-service\data\raw\CREMA-D\AudioWAV\1051_IEO_DIS_MD.wav,1051,IEO,DIS,disgust,MD,train
1051_IEO_FEA_HI.wav,ai-service\data\raw\CREMA-D\AudioWAV\1051_IEO_FEA_HI.wav,1051,IEO,FEA,fear,HI,train
1051_IEO_FEA_LO.wav,ai-service\data\raw\CREMA-D\AudioWAV\1051_IEO_FEA_LO.wav,1051,IEO,FEA,fear,LO,train
1051_IEO_FEA_MD.wav,ai-service\data\raw\CREMA-D\AudioWAV\1051_IEO_FEA_MD.wav,1051,IEO,FEA,fear,MD,train
1051_IEO_HAP_HI.wav,ai-service\data\raw\CREMA-D\AudioWAV\1051_IEO_HAP_HI.wav,1051,IEO,HAP,happy,HI,train
1051_IEO_HAP_LO.wav,ai-service\data\raw\CREMA-D\AudioWAV\1051_IEO_HAP_LO.wav,1051,IEO,HAP,happy,LO,train
1051_IEO_HAP_MD.wav,ai-service\data\raw\CREMA-D\AudioWAV\1051_IEO_HAP_MD.wav,1051,IEO,HAP,happy,MD,train
1051_IEO_NEU_XX.wav,ai-service\data\raw\CREMA-D\AudioWAV\1051_IEO_NEU_XX.wav,1051,IEO,NEU,neutral,XX,train
1051_IEO_SAD_HI.wav,ai-service\data\raw\CREMA-D\AudioWAV\1051_IEO_SAD_HI.wav,1051,IEO,SAD,sad,HI,train
1051_IEO_SAD_LO.wav,ai-service\data\raw\CREMA-D\AudioWAV\1051_IEO_SAD_LO.wav,1051,IEO,SAD,sad,LO,train
1051_IEO_SAD_MD.wav,ai-service\data\raw\CREMA-D\AudioWAV\1051_IEO_SAD_MD.wav,1051,IEO,SAD,sad,MD,train
1051_IOM_ANG_XX.wav,ai-service\data\raw\CREMA-D\AudioWAV\1051_IOM_ANG_XX.wav,1051,IOM,ANG,angry,XX,train
1051_IOM_DIS_XX.wav,ai-service\data\raw\CREMA-D\AudioWAV\1051_IOM_DIS_XX.wav,1051,IOM,DIS,disgust,XX,train
1051_IOM_FEA_XX.wav,ai-service\data\raw\CREMA-D\AudioWAV\1051_IOM_FEA_XX.wav,1051,IOM,FEA,fear,XX,train
1051_IOM_HAP_XX.wav,ai-service\data\raw\CREMA-D\AudioWAV\1051_IOM_HAP_XX.wav,1051,IOM,HAP,happy,XX,train
1051_IOM_NEU_XX.wav,ai-service\data\raw\CREMA-D\AudioWAV\1051_IOM_NEU_XX.wav,1051,IOM,NEU,neutral,XX,train
1051_IOM_SAD_XX.wav,ai-service\data\raw\CREMA-D\AudioWAV\1051_IOM_SAD_XX.wav,1051,IOM,SAD,sad,XX,train
1051_ITH_ANG_XX.wav,ai-service\data\raw\CREMA-D\AudioWAV\1051_ITH_ANG_XX.wav,1051,ITH,ANG,angry,XX,train
1051_ITH_DIS_XX.wav,ai-service\data\raw\CREMA-D\AudioWAV\1051_ITH_DIS_XX.wav,1051,ITH,DIS,disgust,XX,train
1051_ITH_FEA_XX.wav,ai-service\data\raw\CREMA-D\AudioWAV\1051_ITH_FEA_XX.wav,1051,ITH,FEA,fear,XX,train
1051_ITH_HAP_XX.wav,ai-service\data\raw\CREMA-D\AudioWAV\1051_ITH_HAP_XX.wav,1051,ITH,HAP,happy,XX,train
1051_ITH_NEU_XX.wav,ai-service\data\raw\CREMA-D\AudioWAV\1051_ITH_NEU_XX.wav,1051,ITH,NEU,neutral,XX,train
1051_ITH_SAD_XX.wav,ai-service\data\raw\CREMA-D\AudioWAV\1051_ITH_SAD_XX.wav,1051,ITH,SAD,sad,XX,train
1051_ITS_ANG_XX.wav,ai-service\data\raw\CREMA-D\AudioWAV\1051_ITS_ANG_XX.wav,1051,ITS,ANG,angry,XX,train
1051_ITS_DIS_XX.wav,ai-service\data\raw\CREMA-D\AudioWAV\1051_ITS_DIS_XX.wav,1051,ITS,DIS,disgust,XX,train
1051_ITS_FEA_XX.wav,ai-service\data\raw\CREMA-D\AudioWAV\1051_ITS_FEA_XX.wav,1051,ITS,FEA,fear,XX,train
1051_ITS_HAP_XX.wav,ai-service\data\raw\CREMA-D\AudioWAV\1051_ITS_HAP_XX.wav,1051,ITS,HAP,happy,XX,train
1051_ITS_NEU_XX.wav,ai-service\data\raw\CREMA-D\AudioWAV\1051_ITS_NEU_XX.wav,1051,ITS,NEU,neutral,XX,train
1051_ITS_SAD_XX.wav,ai-service\data\raw\CREMA-D\AudioWAV\1051_ITS_SAD_XX.wav,1051,ITS,SAD,sad,XX,train
1051_IWL_ANG_XX.wav,ai-service\data\raw\CREMA-D\AudioWAV\1051_IWL_ANG_XX.wav,1051,IWL,ANG,angry,XX,train
1051_IWL_DIS_XX.wav,ai-service\data\raw\CREMA-D\AudioWAV\1051_IWL_DIS_XX.wav,1051,IWL,DIS,disgust,XX,train
1051_IWL_FEA_XX.wav,ai-service\data\raw\CREMA-D\AudioWAV\1051_IWL_FEA_XX.wav,1051,IWL,FEA,fear,XX,train
1051_IWL_HAP_XX.wav,ai-service\data\raw\CREMA-D\AudioWAV\1051_IWL_HAP_XX.wav,1051,IWL,HAP,happy,XX,train
1051_IWL_NEU_XX.wav,ai-service\data\raw\CREMA-D\AudioWAV\1051_IWL_NEU_XX.wav,1051,IWL,NEU,neutral,XX,train
1051_IWL_SAD_XX.wav,ai-service\data\raw\CREMA-D\AudioWAV\1051_IWL_SAD_XX.wav,1051,IWL,SAD,sad,XX,train
1051_IWW_ANG_XX.wav,ai-service\data\raw\CREMA-D\AudioWAV\1051_IWW_ANG_XX.wav,1051,IWW,ANG,angry,XX,train
1051_IWW_DIS_XX.wav,ai-service\data\raw\CREMA-D\AudioWAV\1051_IWW_DIS_XX.wav,1051,IWW,DIS,disgust,XX,train
1051_IWW_FEA_XX.wav,ai-service\data\raw\CREMA-D\AudioWAV\1051_IWW_FEA_XX.wav,1051,IWW,FEA,fear,XX,train
1051_IWW_HAP_XX.wav,ai-service\data\raw\CREMA-D\AudioWAV\1051_IWW_HAP_XX.wav,1051,IWW,HAP,happy,XX,train
1051_IWW_NEU_XX.wav,ai-service\data\raw\CREMA-D\AudioWAV\1051_IWW_NEU_XX.wav,1051,IWW,NEU,neutral,XX,train
1051_IWW_SAD_XX.wav,ai-service\data\raw\CREMA-D\AudioWAV\1051_IWW_SAD_XX.wav,1051,IWW,SAD,sad,XX,train
1051_MTI_ANG_XX.wav,ai-service\data\raw\CREMA-D\AudioWAV\1051_MTI_ANG_XX.wav,1051,MTI,ANG,angry,XX,train
1051_MTI_DIS_XX.wav,ai-service\data\raw\CREMA-D\AudioWAV\1051_MTI_DIS_XX.wav,1051,MTI,DIS,disgust,XX,train
1051_MTI_FEA_XX.wav,ai-service\data\raw\CREMA-D\AudioWAV\1051_MTI_FEA_XX.wav,1051,MTI,FEA,fear,XX,train
1051_MTI_HAP_XX.wav,ai-service\data\raw\CREMA-D\AudioWAV\1051_MTI_HAP_XX.wav,1051,MTI,HAP,happy,XX,train
1051_MTI_NEU_XX.wav,ai-service\data\raw\CREMA-D\AudioWAV\1051_MTI_NEU_XX.wav,1051,MTI,NEU,neutral,XX,train
1051_MTI_SAD_XX.wav,ai-service\data\raw\CREMA-D\AudioWAV\1051_MTI_SAD_XX.wav,1051,MTI,SAD,sad,XX,train
1051_TAI_ANG_XX.wav,ai-service\data\raw\CREMA-D\AudioWAV\1051_TAI_ANG_XX.wav,1051,TAI,ANG,angry,XX,train
1051_TAI_DIS_XX.wav,ai-service\data\raw\CREMA-D\AudioWAV\1051_TAI_DIS_XX.wav,1051,TAI,DIS,disgust,XX,train
1051_TAI_FEA_XX.wav,ai-service\data\raw\CREMA-D\AudioWAV\1051_TAI_FEA_XX.wav,1051,TAI,FEA,fear,XX,train
1051_TAI_HAP_XX.wav,ai-service\data\raw\CREMA-D\AudioWAV\1051_TAI_HAP_XX.wav,1051,TAI,HAP,happy,XX,train
1051_TAI_NEU_XX.wav,ai-service\data\raw\CREMA-D\AudioWAV\1051_TAI_NEU_XX.wav,1051,TAI,NEU,neutral,XX,train
1051_TAI_SAD_XX.wav,ai-service\data\raw\CREMA-D\AudioWAV\1051_TAI_SAD_XX.wav,1051,TAI,SAD,sad,XX,train
1051_TIE_ANG_XX.wav,ai-service\data\raw\CREMA-D\AudioWAV\1051_TIE_ANG_XX.wav,1051,TIE,ANG,angry,XX,train
1051_TIE_DIS_XX.wav,ai-service\data\raw\CREMA-D\AudioWAV\1051_TIE_DIS_XX.wav,1051,TIE,DIS,disgust,XX,train
1051_TIE_FEA_XX.wav,ai-service\data\raw\CREMA-D\AudioWAV\1051_TIE_FEA_XX.wav,1051,TIE,FEA,fear,XX,train
1051_TIE_HAP_XX.wav,ai-service\data\raw\CREMA-D\AudioWAV\1051_TIE_HAP_XX.wav,1051,TIE,HAP,happy,XX,train
1051_TIE_NEU_XX.wav,ai-service\data\raw\CREMA-D\AudioWAV\1051_TIE_NEU_XX.wav,1051,TIE,NEU,neutral,XX,train
1051_TIE_SAD_XX.wav,ai-service\data\raw\CREMA-D\AudioWAV\1051_TIE_SAD_XX.wav,1051,TIE,SAD,sad,XX,train
1051_TSI_ANG_XX.wav,ai-service\data\raw\CREMA-D\AudioWAV\1051_TSI_ANG_XX.wav,1051,TSI,ANG,angry,XX,train
1051_TSI_DIS_XX.wav,ai-service\data\raw\CREMA-D\AudioWAV\1051_TSI_DIS_XX.wav,1051,TSI,DIS,disgust,XX,train
1051_TSI_FEA_XX.wav,ai-service\data\raw\CREMA-D\AudioWAV\1051_TSI_FEA_XX.wav,1051,TSI,FEA,fear,XX,train
1051_TSI_HAP_XX.wav,ai-service\data\raw\CREMA-D\AudioWAV\1051_TSI_HAP_XX.wav,1051,TSI,HAP,happy,XX,train
1051_TSI_NEU_XX.wav,ai-service\data\raw\CREMA-D\AudioWAV\1051_TSI_NEU_XX.wav,1051,TSI,NEU,neutral,XX,train
1051_TSI_SAD_XX.wav,ai-service\data\raw\CREMA-D\AudioWAV\1051_TSI_SAD_XX.wav,1051,TSI,SAD,sad,XX,train
1051_WSI_ANG_XX.wav,ai-service\data\raw\CREMA-D\AudioWAV\1051_WSI_ANG_XX.wav,1051,WSI,ANG,angry,XX,train
1051_WSI_DIS_XX.wav,ai-service\data\raw\CREMA-D\AudioWAV\1051_WSI_DIS_XX.wav,1051,WSI,DIS,disgust,XX,train
1051_WSI_FEA_XX.wav,ai-service\data\raw\CREMA-D\AudioWAV\1051_WSI_FEA_XX.wav,1051,WSI,FEA,fear,XX,train
1051_WSI_HAP_XX.wav,ai-service\data\raw\CREMA-D\AudioWAV\1051_WSI_HAP_XX.wav,1051,WSI,HAP,happy,XX,train
1051_WSI_NEU_XX.wav,ai-service\data\raw\CREMA-D\AudioWAV\1051_WSI_NEU_XX.wav,1051,WSI,NEU,neutral,XX,train
1051_WSI_SAD_XX.wav,ai-service\data\raw\CREMA-D\AudioWAV\1051_WSI_SAD_XX.wav,1051,WSI,SAD,sad,XX,train
1052_DFA_ANG_XX.wav,ai-service\data\raw\CREMA-D\AudioWAV\1052_DFA_ANG_XX.wav,1052,DFA,ANG,angry,XX,train
1052_DFA_DIS_XX.wav,ai-service\data\raw\CREMA-D\AudioWAV\1052_DFA_DIS_XX.wav,1052,DFA,DIS,disgust,XX,train
1052_DFA_FEA_XX.wav,ai-service\data\raw\CREMA-D\AudioWAV\1052_DFA_FEA_XX.wav,1052,DFA,FEA,fear,XX,train
1052_DFA_HAP_XX.wav,ai-service\data\raw\CREMA-D\AudioWAV\1052_DFA_HAP_XX.wav,1052,DFA,HAP,happy,XX,train
1052_DFA_NEU_XX.wav,ai-service\data\raw\CREMA-D\AudioWAV\1052_DFA_NEU_XX.wav,1052,DFA,NEU,neutral,XX,train
1052_DFA_SAD_XX.wav,ai-service\data\raw\CREMA-D\AudioWAV\1052_DFA_SAD_XX.wav,1052,DFA,SAD,sad,XX,train
1052_IEO_ANG_HI.wav,ai-service\data\raw\CREMA-D\AudioWAV\1052_IEO_ANG_HI.wav,1052,IEO,ANG,angry,HI,train
1052_IEO_ANG_LO.wav,ai-service\data\raw\CREMA-D\AudioWAV\1052_IEO_ANG_LO.wav,1052,IEO,ANG,angry,LO,train
1052_IEO_ANG_MD.wav,ai-service\data\raw\CREMA-D\AudioWAV\1052_IEO_ANG_MD.wav,1052,IEO,ANG,angry,MD,train
1052_IEO_DIS_HI.wav,ai-service\data\raw\CREMA-D\AudioWAV\1052_IEO_DIS_HI.wav,1052,IEO,DIS,disgust,HI,train
1052_IEO_DIS_LO.wav,ai-service\data\raw\CREMA-D\AudioWAV\1052_IEO_DIS_LO.wav,1052,IEO,DIS,disgust,LO,train
1052_IEO_DIS_MD.wav,ai-service\data\raw\CREMA-D\AudioWAV\1052_IEO_DIS_MD.wav,1052,IEO,DIS,disgust,MD,train
1052_IEO_FEA_HI.wav,ai-service\data\raw\CREMA-D\AudioWAV\1052_IEO_FEA_HI.wav,1052,IEO,FEA,fear,HI,train
1052_IEO_FEA_LO.wav,ai-service\data\raw\CREMA-D\AudioWAV\1052_IEO_FEA_LO.wav,1052,IEO,FEA,fear,LO,train
1052_IEO_FEA_MD.wav,ai-service\data\raw\CREMA-D\AudioWAV\1052_IEO_FEA_MD.wav,1052,IEO,FEA,fear,MD,train
1052_IEO_HAP_HI.wav,ai-service\data\raw\CREMA-D\AudioWAV\1052_IEO_HAP_HI.wav,1052,IEO,HAP,happy,HI,train
1052_IEO_HAP_LO.wav,ai-service\data\raw\CREMA-D\AudioWAV\1052_IEO_HAP_LO.wav,1052,IEO,HAP,happy,LO,train
1052_IEO_HAP_MD.wav,ai-service\data\raw\CREMA-D\AudioWAV\1052_IEO_HAP_MD.wav,1052,IEO,HAP,happy,MD,train
1052_IEO_NEU_XX.wav,ai-service\data\raw\CREMA-D\AudioWAV\1052_IEO_NEU_XX.wav,1052,IEO,NEU,neutral,XX,train
1052_IEO_SAD_HI.wav,ai-service\data\raw\CREMA-D\AudioWAV\1052_IEO_SAD_HI.wav,1052,IEO,SAD,sad,HI,train
1052_IEO_SAD_LO.wav,ai-service\data\raw\CREMA-D\AudioWAV\1052_IEO_SAD_LO.wav,1052,IEO,SAD,sad,LO,train
1052_IEO_SAD_MD.wav,ai-service\data\raw\CREMA-D\AudioWAV\1052_IEO_SAD_MD.wav,1052,IEO,SAD,sad,MD,train
1052_IOM_ANG_XX.wav,ai-service\data\raw\CREMA-D\AudioWAV\1052_IOM_ANG_XX.wav,1052,IOM,ANG,angry,XX,train
1052_IOM_DIS_XX.wav,ai-service\data\raw\CREMA-D\AudioWAV\1052_IOM_DIS_XX.wav,1052,IOM,DIS,disgust,XX,train
1052_IOM_FEA_XX.wav,ai-service\data\raw\CREMA-D\AudioWAV\1052_IOM_FEA_XX.wav,1052,IOM,FEA,fear,XX,train
1052_IOM_HAP_XX.wav,ai-service\data\raw\CREMA-D\AudioWAV\1052_IOM_HAP_XX.wav,1052,IOM,HAP,happy,XX,train
1052_IOM_NEU_XX.wav,ai-service\data\raw\CREMA-D\AudioWAV\1052_IOM_NEU_XX.wav,1052,IOM,NEU,neutral,XX,train
1052_IOM_SAD_XX.wav,ai-service\data\raw\CREMA-D\AudioWAV\1052_IOM_SAD_XX.wav,1052,IOM,SAD,sad,XX,train
1052_ITH_ANG_XX.wav,ai-service\data\raw\CREMA-D\AudioWAV\1052_ITH_ANG_XX.wav,1052,ITH,ANG,angry,XX,train
1052_ITH_DIS_XX.wav,ai-service\data\raw\CREMA-D\AudioWAV\1052_ITH_DIS_XX.wav,1052,ITH,DIS,disgust,XX,train
1052_ITH_FEA_XX.wav,ai-service\data\raw\CREMA-D\AudioWAV\1052_ITH_FEA_XX.wav,1052,ITH,FEA,fear,XX,train
1052_ITH_HAP_XX.wav,ai-service\data\raw\CREMA-D\AudioWAV\1052_ITH_HAP_XX.wav,1052,ITH,HAP,happy,XX,train
1052_ITH_NEU_XX.wav,ai-service\data\raw\CREMA-D\AudioWAV\1052_ITH_NEU_XX.wav,1052,ITH,NEU,neutral,XX,train
1052_ITH_SAD_XX.wav,ai-service\data\raw\CREMA-D\AudioWAV\1052_ITH_SAD_XX.wav,1052,ITH,SAD,sad,XX,train
1052_ITS_ANG_XX.wav,ai-service\data\raw\CREMA-D\AudioWAV\1052_ITS_ANG_XX.wav,1052,ITS,ANG,angry,XX,train
1052_ITS_DIS_XX.wav,ai-service\data\raw\CREMA-D\AudioWAV\1052_ITS_DIS_XX.wav,1052,ITS,DIS,disgust,XX,train
1052_ITS_FEA_XX.wav,ai-service\data\raw\CREMA-D\AudioWAV\1052_ITS_FEA_XX.wav,1052,ITS,FEA,fear,XX,train
1052_ITS_HAP_XX.wav,ai-service\data\raw\CREMA-D\AudioWAV\1052_ITS_HAP_XX.wav,1052,ITS,HAP,happy,XX,train
1052_ITS_NEU_XX.wav,ai-service\data\raw\CREMA-D\AudioWAV\1052_ITS_NEU_XX.wav,1052,ITS,NEU,neutral,XX,train
1052_ITS_SAD_XX.wav,ai-service\data\raw\CREMA-D\AudioWAV\1052_ITS_SAD_XX.wav,1052,ITS,SAD,sad,XX,train
1052_IWL_ANG_XX.wav,ai-service\data\raw\CREMA-D\AudioWAV\1052_IWL_ANG_XX.wav,1052,IWL,ANG,angry,XX,train
1052_IWL_DIS_XX.wav,ai-service\data\raw\CREMA-D\AudioWAV\1052_IWL_DIS_XX.wav,1052,IWL,DIS,disgust,XX,train
1052_IWL_FEA_XX.wav,ai-service\data\raw\CREMA-D\AudioWAV\1052_IWL_FEA_XX.wav,1052,IWL,FEA,fear,XX,train
1052_IWL_HAP_XX.wav,ai-service\data\raw\CREMA-D\AudioWAV\1052_IWL_HAP_XX.wav,1052,IWL,HAP,happy,XX,train
1052_IWL_NEU_XX.wav,ai-service\data\raw\CREMA-D\AudioWAV\1052_IWL_NEU_XX.wav,1052,IWL,NEU,neutral,XX,train
1052_IWL_SAD_XX.wav,ai-service\data\raw\CREMA-D\AudioWAV\1052_IWL_SAD_XX.wav,1052,IWL,SAD,sad,XX,train
1052_IWW_ANG_XX.wav,ai-service\data\raw\CREMA-D\AudioWAV\1052_IWW_ANG_XX.wav,1052,IWW,ANG,angry,XX,train
1052_IWW_DIS_XX.wav,ai-service\data\raw\CREMA-D\AudioWAV\1052_IWW_DIS_XX.wav,1052,IWW,DIS,disgust,XX,train
1052_IWW_FEA_XX.wav,ai-service\data\raw\CREMA-D\AudioWAV\1052_IWW_FEA_XX.wav,1052,IWW,FEA,fear,XX,train
1052_IWW_HAP_XX.wav,ai-service\data\raw\CREMA-D\AudioWAV\1052_IWW_HAP_XX.wav,1052,IWW,HAP,happy,XX,train
1052_IWW_NEU_XX.wav,ai-service\data\raw\CREMA-D\AudioWAV\1052_IWW_NEU_XX.wav,1052,IWW,NEU,neutral,XX,train
1052_IWW_SAD_XX.wav,ai-service\data\raw\CREMA-D\AudioWAV\1052_IWW_SAD_XX.wav,1052,IWW,SAD,sad,XX,train
1052_MTI_ANG_XX.wav,ai-service\data\raw\CREMA-D\AudioWAV\1052_MTI_ANG_XX.wav,1052,MTI,ANG,angry,XX,train
1052_MTI_DIS_XX.wav,ai-service\data\raw\CREMA-D\AudioWAV\1052_MTI_DIS_XX.wav,1052,MTI,DIS,disgust,XX,train
1052_MTI_FEA_XX.wav,ai-service\data\raw\CREMA-D\AudioWAV\1052_MTI_FEA_XX.wav,1052,MTI,FEA,fear,XX,train
1052_MTI_HAP_XX.wav,ai-service\data\raw\CREMA-D\AudioWAV\1052_MTI_HAP_XX.wav,1052,MTI,HAP,happy,XX,train
1052_MTI_NEU_XX.wav,ai-service\data\raw\CREMA-D\AudioWAV\1052_MTI_NEU_XX.wav,1052,MTI,NEU,neutral,XX,train
1052_MTI_SAD_XX.wav,ai-service\data\raw\CREMA-D\AudioWAV\1052_MTI_SAD_XX.wav,1052,MTI,SAD,sad,XX,train
1052_TAI_ANG_XX.wav,ai-service\data\raw\CREMA-D\AudioWAV\1052_TAI_ANG_XX.wav,1052,TAI,ANG,angry,XX,train
1052_TAI_DIS_XX.wav,ai-service\data\raw\CREMA-D\AudioWAV\1052_TAI_DIS_XX.wav,1052,TAI,DIS,disgust,XX,train
1052_TAI_FEA_XX.wav,ai-service\data\raw\CREMA-D\AudioWAV\1052_TAI_FEA_XX.wav,1052,TAI,FEA,fear,XX,train
1052_TAI_HAP_XX.wav,ai-service\data\raw\CREMA-D\AudioWAV\1052_TAI_HAP_XX.wav,1052,TAI,HAP,happy,XX,train
1052_TAI_NEU_XX.wav,ai-service\data\raw\CREMA-D\AudioWAV\1052_TAI_NEU_XX.wav,1052,TAI,NEU,neutral,XX,train
1052_TAI_SAD_XX.wav,ai-service\data\raw\CREMA-D\AudioWAV\1052_TAI_SAD_XX.wav,1052,TAI,SAD,sad,XX,train
1052_TIE_ANG_XX.wav,ai-service\data\raw\CREMA-D\AudioWAV\1052_TIE_ANG_XX.wav,1052,TIE,ANG,angry,XX,train
1052_TIE_DIS_XX.wav,ai-service\data\raw\CREMA-D\AudioWAV\1052_TIE_DIS_XX.wav,1052,TIE,DIS,disgust,XX,train
1052_TIE_FEA_XX.wav,ai-service\data\raw\CREMA-D\AudioWAV\1052_TIE_FEA_XX.wav,1052,TIE,FEA,fear,XX,train
1052_TIE_HAP_XX.wav,ai-service\data\raw\CREMA-D\AudioWAV\1052_TIE_HAP_XX.wav,1052,TIE,HAP,happy,XX,train
1052_TIE_NEU_XX.wav,ai-service\data\raw\CREMA-D\AudioWAV\1052_TIE_NEU_XX.wav,1052,TIE,NEU,neutral,XX,train
1052_TIE_SAD_XX.wav,ai-service\data\raw\CREMA-D\AudioWAV\1052_TIE_SAD_XX.wav,1052,TIE,SAD,sad,XX,train
1052_TSI_ANG_XX.wav,ai-service\data\raw\CREMA-D\AudioWAV\1052_TSI_ANG_XX.wav,1052,TSI,ANG,angry,XX,train
1052_TSI_DIS_XX.wav,ai-service\data\raw\CREMA-D\AudioWAV\1052_TSI_DIS_XX.wav,1052,TSI,DIS,disgust,XX,train
1052_TSI_FEA_XX.wav,ai-service\data\raw\CREMA-D\AudioWAV\1052_TSI_FEA_XX.wav,1052,TSI,FEA,fear,XX,train
1052_TSI_HAP_XX.wav,ai-service\data\raw\CREMA-D\AudioWAV\1052_TSI_HAP_XX.wav,1052,TSI,HAP,happy,XX,train
1052_TSI_NEU_XX.wav,ai-service\data\raw\CREMA-D\AudioWAV\1052_TSI_NEU_XX.wav,1052,TSI,NEU,neutral,XX,train
1052_TSI_SAD_XX.wav,ai-service\data\raw\CREMA-D\AudioWAV\1052_TSI_SAD_XX.wav,1052,TSI,SAD,sad,XX,train
1052_WSI_ANG_XX.wav,ai-service\data\raw\CREMA-D\AudioWAV\1052_WSI_ANG_XX.wav,1052,WSI,ANG,angry,XX,train
1052_WSI_DIS_XX.wav,ai-service\data\raw\CREMA-D\AudioWAV\1052_WSI_DIS_XX.wav,1052,WSI,DIS,disgust,XX,train
1052_WSI_FEA_XX.wav,ai-service\data\raw\CREMA-D\AudioWAV\1052_WSI_FEA_XX.wav,1052,WSI,FEA,fear,XX,train
1052_WSI_HAP_XX.wav,ai-service\data\raw\CREMA-D\AudioWAV\1052_WSI_HAP_XX.wav,1052,WSI,HAP,happy,XX,train
1052_WSI_NEU_XX.wav,ai-service\data\raw\CREMA-D\AudioWAV\1052_WSI_NEU_XX.wav,1052,WSI,NEU,neutral,XX,train
1052_WSI_SAD_XX.wav,ai-service\data\raw\CREMA-D\AudioWAV\1052_WSI_SAD_XX.wav,1052,WSI,SAD,sad,XX,train
1053_DFA_ANG_XX.wav,ai-service\data\raw\CREMA-D\AudioWAV\1053_DFA_ANG_XX.wav,1053,DFA,ANG,angry,XX,train
1053_DFA_DIS_XX.wav,ai-service\data\raw\CREMA-D\AudioWAV\1053_DFA_DIS_XX.wav,1053,DFA,DIS,disgust,XX,train
1053_DFA_FEA_XX.wav,ai-service\data\raw\CREMA-D\AudioWAV\1053_DFA_FEA_XX.wav,1053,DFA,FEA,fear,XX,train
1053_DFA_HAP_XX.wav,ai-service\data\raw\CREMA-D\AudioWAV\1053_DFA_HAP_XX.wav,1053,DFA,HAP,happy,XX,train
1053_DFA_NEU_XX.wav,ai-service\data\raw\CREMA-D\AudioWAV\1053_DFA_NEU_XX.wav,1053,DFA,NEU,neutral,XX,train
1053_DFA_SAD_XX.wav,ai-service\data\raw\CREMA-D\AudioWAV\1053_DFA_SAD_XX.wav,1053,DFA,SAD,sad,XX,train
1053_IEO_ANG_HI.wav,ai-service\data\raw\CREMA-D\AudioWAV\1053_IEO_ANG_HI.wav,1053,IEO,ANG,angry,HI,train
1053_IEO_ANG_LO.wav,ai-service\data\raw\CREMA-D\AudioWAV\1053_IEO_ANG_LO.wav,1053,IEO,ANG,angry,LO,train
1053_IEO_ANG_MD.wav,ai-service\data\raw\CREMA-D\AudioWAV\1053_IEO_ANG_MD.wav,1053,IEO,ANG,angry,MD,train
1053_IEO_DIS_HI.wav,ai-service\data\raw\CREMA-D\AudioWAV\1053_IEO_DIS_HI.wav,1053,IEO,DIS,disgust,HI,train
1053_IEO_DIS_LO.wav,ai-service\data\raw\CREMA-D\AudioWAV\1053_IEO_DIS_LO.wav,1053,IEO,DIS,disgust,LO,train
1053_IEO_DIS_MD.wav,ai-service\data\raw\CREMA-D\AudioWAV\1053_IEO_DIS_MD.wav,1053,IEO,DIS,disgust,MD,train
1053_IEO_FEA_HI.wav,ai-service\data\raw\CREMA-D\AudioWAV\1053_IEO_FEA_HI.wav,1053,IEO,FEA,fear,HI,train
1053_IEO_FEA_LO.wav,ai-service\data\raw\CREMA-D\AudioWAV\1053_IEO_FEA_LO.wav,1053,IEO,FEA,fear,LO,train
1053_IEO_FEA_MD.wav,ai-service\data\raw\CREMA-D\AudioWAV\1053_IEO_FEA_MD.wav,1053,IEO,FEA,fear,MD,train
1053_IEO_HAP_HI.wav,ai-service\data\raw\CREMA-D\AudioWAV\1053_IEO_HAP_HI.wav,1053,IEO,HAP,happy,HI,train
1053_IEO_HAP_LO.wav,ai-service\data\raw\CREMA-D\AudioWAV\1053_IEO_HAP_LO.wav,1053,IEO,HAP,happy,LO,train
1053_IEO_HAP_MD.wav,ai-service\data\raw\CREMA-D\AudioWAV\1053_IEO_HAP_MD.wav,1053,IEO,HAP,happy,MD,train
1053_IEO_NEU_XX.wav,ai-service\data\raw\CREMA-D\AudioWAV\1053_IEO_NEU_XX.wav,1053,IEO,NEU,neutral,XX,train
1053_IEO_SAD_HI.wav,ai-service\data\raw\CREMA-D\AudioWAV\1053_IEO_SAD_HI.wav,1053,IEO,SAD,sad,HI,train
1053_IEO_SAD_LO.wav,ai-service\data\raw\CREMA-D\AudioWAV\1053_IEO_SAD_LO.wav,1053,IEO,SAD,sad,LO,train
1053_IEO_SAD_MD.wav,ai-service\data\raw\CREMA-D\AudioWAV\1053_IEO_SAD_MD.wav,1053,IEO,SAD,sad,MD,train
1053_IOM_ANG_XX.wav,ai-service\data\raw\CREMA-D\AudioWAV\1053_IOM_ANG_XX.wav,1053,IOM,ANG,angry,XX,train
1053_IOM_DIS_XX.wav,ai-service\data\raw\CREMA-D\AudioWAV\1053_IOM_DIS_XX.wav,1053,IOM,DIS,disgust,XX,train
1053_IOM_FEA_XX.wav,ai-service\data\raw\CREMA-D\AudioWAV\1053_IOM_FEA_XX.wav,1053,IOM,FEA,fear,XX,train
1053_IOM_HAP_XX.wav,ai-service\data\raw\CREMA-D\AudioWAV\1053_IOM_HAP_XX.wav,1053,IOM,HAP,happy,XX,train
1053_IOM_NEU_XX.wav,ai-service\data\raw\CREMA-D\AudioWAV\1053_IOM_NEU_XX.wav,1053,IOM,NEU,neutral,XX,train
1053_IOM_SAD_XX.wav,ai-service\data\raw\CREMA-D\AudioWAV\1053_IOM_SAD_XX.wav,1053,IOM,SAD,sad,XX,train
1053_ITH_ANG_XX.wav,ai-service\data\raw\CREMA-D\AudioWAV\1053_ITH_ANG_XX.wav,1053,ITH,ANG,angry,XX,train
1053_ITH_DIS_XX.wav,ai-service\data\raw\CREMA-D\AudioWAV\1053_ITH_DIS_XX.wav,1053,ITH,DIS,disgust,XX,train
1053_ITH_FEA_XX.wav,ai-service\data\raw\CREMA-D\AudioWAV\1053_ITH_FEA_XX.wav,1053,ITH,FEA,fear,XX,train
1053_ITH_HAP_XX.wav,ai-service\data\raw\CREMA-D\AudioWAV\1053_ITH_HAP_XX.wav,1053,ITH,HAP,happy,XX,train
1053_ITH_NEU_XX.wav,ai-service\data\raw\CREMA-D\AudioWAV\1053_ITH_NEU_XX.wav,1053,ITH,NEU,neutral,XX,train
1053_ITH_SAD_XX.wav,ai-service\data\raw\CREMA-D\AudioWAV\1053_ITH_SAD_XX.wav,1053,ITH,SAD,sad,XX,train
1053_ITS_ANG_XX.wav,ai-service\data\raw\CREMA-D\AudioWAV\1053_ITS_ANG_XX.wav,1053,ITS,ANG,angry,XX,train
1053_ITS_DIS_XX.wav,ai-service\data\raw\CREMA-D\AudioWAV\1053_ITS_DIS_XX.wav,1053,ITS,DIS,disgust,XX,train
1053_ITS_FEA_XX.wav,ai-service\data\raw\CREMA-D\AudioWAV\1053_ITS_FEA_XX.wav,1053,ITS,FEA,fear,XX,train
1053_ITS_HAP_XX.wav,ai-service\data\raw\CREMA-D\AudioWAV\1053_ITS_HAP_XX.wav,1053,ITS,HAP,happy,XX,train
1053_ITS_NEU_XX.wav,ai-service\data\raw\CREMA-D\AudioWAV\1053_ITS_NEU_XX.wav,1053,ITS,NEU,neutral,XX,train
1053_ITS_SAD_XX.wav,ai-service\data\raw\CREMA-D\AudioWAV\1053_ITS_SAD_XX.wav,1053,ITS,SAD,sad,XX,train
1053_IWL_ANG_XX.wav,ai-service\data\raw\CREMA-D\AudioWAV\1053_IWL_ANG_XX.wav,1053,IWL,ANG,angry,XX,train
1053_IWL_DIS_XX.wav,ai-service\data\raw\CREMA-D\AudioWAV\1053_IWL_DIS_XX.wav,1053,IWL,DIS,disgust,XX,train
1053_IWL_FEA_XX.wav,ai-service\data\raw\CREMA-D\AudioWAV\1053_IWL_FEA_XX.wav,1053,IWL,FEA,fear,XX,train
1053_IWL_HAP_XX.wav,ai-service\data\raw\CREMA-D\AudioWAV\1053_IWL_HAP_XX.wav,1053,IWL,HAP,happy,XX,train
1053_IWL_NEU_XX.wav,ai-service\data\raw\CREMA-D\AudioWAV\1053_IWL_NEU_XX.wav,1053,IWL,NEU,neutral,XX,train
1053_IWL_SAD_XX.wav,ai-service\data\raw\CREMA-D\AudioWAV\1053_IWL_SAD_XX.wav,1053,IWL,SAD,sad,XX,train
1053_IWW_ANG_XX.wav,ai-service\data\raw\CREMA-D\AudioWAV\1053_IWW_ANG_XX.wav,1053,IWW,ANG,angry,XX,train
1053_IWW_DIS_XX.wav,ai-service\data\raw\CREMA-D\AudioWAV\1053_IWW_DIS_XX.wav,1053,IWW,DIS,disgust,XX,train
1053_IWW_FEA_XX.wav,ai-service\data\raw\CREMA-D\AudioWAV\1053_IWW_FEA_XX.wav,1053,IWW,FEA,fear,XX,train
1053_IWW_HAP_XX.wav,ai-service\data\raw\CREMA-D\AudioWAV\1053_IWW_HAP_XX.wav,1053,IWW,HAP,happy,XX,train
1053_IWW_NEU_XX.wav,ai-service\data\raw\CREMA-D\AudioWAV\1053_IWW_NEU_XX.wav,1053,IWW,NEU,neutral,XX,train
1053_IWW_SAD_XX.wav,ai-service\data\raw\CREMA-D\AudioWAV\1053_IWW_SAD_XX.wav,1053,IWW,SAD,sad,XX,train
1053_MTI_ANG_XX.wav,ai-service\data\raw\CREMA-D\AudioWAV\1053_MTI_ANG_XX.wav,1053,MTI,ANG,angry,XX,train
1053_MTI_DIS_XX.wav,ai-service\data\raw\CREMA-D\AudioWAV\1053_MTI_DIS_XX.wav,1053,MTI,DIS,disgust,XX,train
1053_MTI_FEA_XX.wav,ai-service\data\raw\CREMA-D\AudioWAV\1053_MTI_FEA_XX.wav,1053,MTI,FEA,fear,XX,train
1053_MTI_HAP_XX.wav,ai-service\data\raw\CREMA-D\AudioWAV\1053_MTI_HAP_XX.wav,1053,MTI,HAP,happy,XX,train
1053_MTI_NEU_XX.wav,ai-service\data\raw\CREMA-D\AudioWAV\1053_MTI_NEU_XX.wav,1053,MTI,NEU,neutral,XX,train
1053_MTI_SAD_XX.wav,ai-service\data\raw\CREMA-D\AudioWAV\1053_MTI_SAD_XX.wav,1053,MTI,SAD,sad,XX,train
1053_TAI_ANG_XX.wav,ai-service\data\raw\CREMA-D\AudioWAV\1053_TAI_ANG_XX.wav,1053,TAI,ANG,angry,XX,train
1053_TAI_DIS_XX.wav,ai-service\data\raw\CREMA-D\AudioWAV\1053_TAI_DIS_XX.wav,1053,TAI,DIS,disgust,XX,train
1053_TAI_FEA_XX.wav,ai-service\data\raw\CREMA-D\AudioWAV\1053_TAI_FEA_XX.wav,1053,TAI,FEA,fear,XX,train
1053_TAI_HAP_XX.wav,ai-service\data\raw\CREMA-D\AudioWAV\1053_TAI_HAP_XX.wav,1053,TAI,HAP,happy,XX,train
1053_TAI_NEU_XX.wav,ai-service\data\raw\CREMA-D\AudioWAV\1053_TAI_NEU_XX.wav,1053,TAI,NEU,neutral,XX,train
1053_TAI_SAD_XX.wav,ai-service\data\raw\CREMA-D\AudioWAV\1053_TAI_SAD_XX.wav,1053,TAI,SAD,sad,XX,train
1053_TIE_ANG_XX.wav,ai-service\data\raw\CREMA-D\AudioWAV\1053_TIE_ANG_XX.wav,1053,TIE,ANG,angry,XX,train
1053_TIE_DIS_XX.wav,ai-service\data\raw\CREMA-D\AudioWAV\1053_TIE_DIS_XX.wav,1053,TIE,DIS,disgust,XX,train
1053_TIE_FEA_XX.wav,ai-service\data\raw\CREMA-D\AudioWAV\1053_TIE_FEA_XX.wav,1053,TIE,FEA,fear,XX,train
1053_TIE_HAP_XX.wav,ai-service\data\raw\CREMA-D\AudioWAV\1053_TIE_HAP_XX.wav,1053,TIE,HAP,happy,XX,train
1053_TIE_NEU_XX.wav,ai-service\data\raw\CREMA-D\AudioWAV\1053_TIE_NEU_XX.wav,1053,TIE,NEU,neutral,XX,train
1053_TIE_SAD_XX.wav,ai-service\data\raw\CREMA-D\AudioWAV\1053_TIE_SAD_XX.wav,1053,TIE,SAD,sad,XX,train
1053_TSI_ANG_XX.wav,ai-service\data\raw\CREMA-D\AudioWAV\1053_TSI_ANG_XX.wav,1053,TSI,ANG,angry,XX,train
1053_TSI_DIS_XX.wav,ai-service\data\raw\CREMA-D\AudioWAV\1053_TSI_DIS_XX.wav,1053,TSI,DIS,disgust,XX,train
1053_TSI_FEA_XX.wav,ai-service\data\raw\CREMA-D\AudioWAV\1053_TSI_FEA_XX.wav,1053,TSI,FEA,fear,XX,train
1053_TSI_HAP_XX.wav,ai-service\data\raw\CREMA-D\AudioWAV\1053_TSI_HAP_XX.wav,1053,TSI,HAP,happy,XX,train
1053_TSI_NEU_XX.wav,ai-service\data\raw\CREMA-D\AudioWAV\1053_TSI_NEU_XX.wav,1053,TSI,NEU,neutral,XX,train
1053_TSI_SAD_XX.wav,ai-service\data\raw\CREMA-D\AudioWAV\1053_TSI_SAD_XX.wav,1053,TSI,SAD,sad,XX,train
1053_WSI_ANG_XX.wav,ai-service\data\raw\CREMA-D\AudioWAV\1053_WSI_ANG_XX.wav,1053,WSI,ANG,angry,XX,train
1053_WSI_DIS_XX.wav,ai-service\data\raw\CREMA-D\AudioWAV\1053_WSI_DIS_XX.wav,1053,WSI,DIS,disgust,XX,train
1053_WSI_FEA_XX.wav,ai-service\data\raw\CREMA-D\AudioWAV\1053_WSI_FEA_XX.wav,1053,WSI,FEA,fear,XX,train
1053_WSI_HAP_XX.wav,ai-service\data\raw\CREMA-D\AudioWAV\1053_WSI_HAP_XX.wav,1053,WSI,HAP,happy,XX,train
1053_WSI_NEU_XX.wav,ai-service\data\raw\CREMA-D\AudioWAV\1053_WSI_NEU_XX.wav,1053,WSI,NEU,neutral,XX,train
1053_WSI_SAD_XX.wav,ai-service\data\raw\CREMA-D\AudioWAV\1053_WSI_SAD_XX.wav,1053,WSI,SAD,sad,XX,train
1056_DFA_ANG_XX.wav,ai-service\data\raw\CREMA-D\AudioWAV\1056_DFA_ANG_XX.wav,1056,DFA,ANG,angry,XX,train
1056_DFA_DIS_XX.wav,ai-service\data\raw\CREMA-D\AudioWAV\1056_DFA_DIS_XX.wav,1056,DFA,DIS,disgust,XX,train
1056_DFA_FEA_XX.wav,ai-service\data\raw\CREMA-D\AudioWAV\1056_DFA_FEA_XX.wav,1056,DFA,FEA,fear,XX,train
1056_DFA_HAP_XX.wav,ai-service\data\raw\CREMA-D\AudioWAV\1056_DFA_HAP_XX.wav,1056,DFA,HAP,happy,XX,train
1056_DFA_NEU_XX.wav,ai-service\data\raw\CREMA-D\AudioWAV\1056_DFA_NEU_XX.wav,1056,DFA,NEU,neutral,XX,train
1056_DFA_SAD_XX.wav,ai-service\data\raw\CREMA-D\AudioWAV\1056_DFA_SAD_XX.wav,1056,DFA,SAD,sad,XX,train
1056_IEO_ANG_HI.wav,ai-service\data\raw\CREMA-D\AudioWAV\1056_IEO_ANG_HI.wav,1056,IEO,ANG,angry,HI,train
1056_IEO_ANG_LO.wav,ai-service\data\raw\CREMA-D\AudioWAV\1056_IEO_ANG_LO.wav,1056,IEO,ANG,angry,LO,train
1056_IEO_ANG_MD.wav,ai-service\data\raw\CREMA-D\AudioWAV\1056_IEO_ANG_MD.wav,1056,IEO,ANG,angry,MD,train
1056_IEO_DIS_HI.wav,ai-service\data\raw\CREMA-D\AudioWAV\1056_IEO_DIS_HI.wav,1056,IEO,DIS,disgust,HI,train
1056_IEO_DIS_LO.wav,ai-service\data\raw\CREMA-D\AudioWAV\1056_IEO_DIS_LO.wav,1056,IEO,DIS,disgust,LO,train
1056_IEO_DIS_MD.wav,ai-service\data\raw\CREMA-D\AudioWAV\1056_IEO_DIS_MD.wav,1056,IEO,DIS,disgust,MD,train
1056_IEO_FEA_HI.wav,ai-service\data\raw\CREMA-D\AudioWAV\1056_IEO_FEA_HI.wav,1056,IEO,FEA,fear,HI,train
1056_IEO_FEA_LO.wav,ai-service\data\raw\CREMA-D\AudioWAV\1056_IEO_FEA_LO.wav,1056,IEO,FEA,fear,LO,train
1056_IEO_FEA_MD.wav,ai-service\data\raw\CREMA-D\AudioWAV\1056_IEO_FEA_MD.wav,1056,IEO,FEA,fear,MD,train
1056_IEO_HAP_HI.wav,ai-service\data\raw\CREMA-D\AudioWAV\1056_IEO_HAP_HI.wav,1056,IEO,HAP,happy,HI,train
1056_IEO_HAP_LO.wav,ai-service\data\raw\CREMA-D\AudioWAV\1056_IEO_HAP_LO.wav,1056,IEO,HAP,happy,LO,train
1056_IEO_HAP_MD.wav,ai-service\data\raw\CREMA-D\AudioWAV\1056_IEO_HAP_MD.wav,1056,IEO,HAP,happy,MD,train
1056_IEO_NEU_XX.wav,ai-service\data\raw\CREMA-D\AudioWAV\1056_IEO_NEU_XX.wav,1056,IEO,NEU,neutral,XX,train
1056_IEO_SAD_HI.wav,ai-service\data\raw\CREMA-D\AudioWAV\1056_IEO_SAD_HI.wav,1056,IEO,SAD,sad,HI,train
1056_IEO_SAD_LO.wav,ai-service\data\raw\CREMA-D\AudioWAV\1056_IEO_SAD_LO.wav,1056,IEO,SAD,sad,LO,train
1056_IEO_SAD_MD.wav,ai-service\data\raw\CREMA-D\AudioWAV\1056_IEO_SAD_MD.wav,1056,IEO,SAD,sad,MD,train
1056_IOM_ANG_XX.wav,ai-service\data\raw\CREMA-D\AudioWAV\1056_IOM_ANG_XX.wav,1056,IOM,ANG,angry,XX,train
1056_IOM_DIS_XX.wav,ai-service\data\raw\CREMA-D\AudioWAV\1056_IOM_DIS_XX.wav,1056,IOM,DIS,disgust,XX,train
1056_IOM_FEA_XX.wav,ai-service\data\raw\CREMA-D\AudioWAV\1056_IOM_FEA_XX.wav,1056,IOM,FEA,fear,XX,train
1056_IOM_HAP_XX.wav,ai-service\data\raw\CREMA-D\AudioWAV\1056_IOM_HAP_XX.wav,1056,IOM,HAP,happy,XX,train
1056_IOM_NEU_XX.wav,ai-service\data\raw\CREMA-D\AudioWAV\1056_IOM_NEU_XX.wav,1056,IOM,NEU,neutral,XX,train
1056_IOM_SAD_XX.wav,ai-service\data\raw\CREMA-D\AudioWAV\1056_IOM_SAD_XX.wav,1056,IOM,SAD,sad,XX,train
1056_ITH_ANG_XX.wav,ai-service\data\raw\CREMA-D\AudioWAV\1056_ITH_ANG_XX.wav,1056,ITH,ANG,angry,XX,train
1056_ITH_DIS_XX.wav,ai-service\data\raw\CREMA-D\AudioWAV\1056_ITH_DIS_XX.wav,1056,ITH,DIS,disgust,XX,train
1056_ITH_FEA_XX.wav,ai-service\data\raw\CREMA-D\AudioWAV\1056_ITH_FEA_XX.wav,1056,ITH,FEA,fear,XX,train
1056_ITH_HAP_XX.wav,ai-service\data\raw\CREMA-D\AudioWAV\1056_ITH_HAP_XX.wav,1056,ITH,HAP,happy,XX,train
1056_ITH_NEU_XX.wav,ai-service\data\raw\CREMA-D\AudioWAV\1056_ITH_NEU_XX.wav,1056,ITH,NEU,neutral,XX,train
1056_ITH_SAD_XX.wav,ai-service\data\raw\CREMA-D\AudioWAV\1056_ITH_SAD_XX.wav,1056,ITH,SAD,sad,XX,train
1056_ITS_ANG_XX.wav,ai-service\data\raw\CREMA-D\AudioWAV\1056_ITS_ANG_XX.wav,1056,ITS,ANG,angry,XX,train
1056_ITS_DIS_XX.wav,ai-service\data\raw\CREMA-D\AudioWAV\1056_ITS_DIS_XX.wav,1056,ITS,DIS,disgust,XX,train
1056_ITS_FEA_XX.wav,ai-service\data\raw\CREMA-D\AudioWAV\1056_ITS_FEA_XX.wav,1056,ITS,FEA,fear,XX,train
1056_ITS_HAP_XX.wav,ai-service\data\raw\CREMA-D\AudioWAV\1056_ITS_HAP_XX.wav,1056,ITS,HAP,happy,XX,train
1056_ITS_NEU_XX.wav,ai-service\data\raw\CREMA-D\AudioWAV\1056_ITS_NEU_XX.wav,1056,ITS,NEU,neutral,XX,train
1056_ITS_SAD_XX.wav,ai-service\data\raw\CREMA-D\AudioWAV\1056_ITS_SAD_XX.wav,1056,ITS,SAD,sad,XX,train
1056_IWL_ANG_XX.wav,ai-service\data\raw\CREMA-D\AudioWAV\1056_IWL_ANG_XX.wav,1056,IWL,ANG,angry,XX,train
1056_IWL_DIS_XX.wav,ai-service\data\raw\CREMA-D\AudioWAV\1056_IWL_DIS_XX.wav,1056,IWL,DIS,disgust,XX,train
1056_IWL_FEA_XX.wav,ai-service\data\raw\CREMA-D\AudioWAV\1056_IWL_FEA_XX.wav,1056,IWL,FEA,fear,XX,train
1056_IWL_HAP_XX.wav,ai-service\data\raw\CREMA-D\AudioWAV\1056_IWL_HAP_XX.wav,1056,IWL,HAP,happy,XX,train
1056_IWL_NEU_XX.wav,ai-service\data\raw\CREMA-D\AudioWAV\1056_IWL_NEU_XX.wav,1056,IWL,NEU,neutral,XX,train
1056_IWL_SAD_XX.wav,ai-service\data\raw\CREMA-D\AudioWAV\1056_IWL_SAD_XX.wav,1056,IWL,SAD,sad,XX,train
1056_IWW_ANG_XX.wav,ai-service\data\raw\CREMA-D\AudioWAV\1056_IWW_ANG_XX.wav,1056,IWW,ANG,angry,XX,train
1056_IWW_DIS_XX.wav,ai-service\data\raw\CREMA-D\AudioWAV\1056_IWW_DIS_XX.wav,1056,IWW,DIS,disgust,XX,train
1056_IWW_FEA_XX.wav,ai-service\data\raw\CREMA-D\AudioWAV\1056_IWW_FEA_XX.wav,1056,IWW,FEA,fear,XX,train
1056_IWW_HAP_XX.wav,ai-service\data\raw\CREMA-D\AudioWAV\1056_IWW_HAP_XX.wav,1056,IWW,HAP,happy,XX,train
1056_IWW_NEU_XX.wav,ai-service\data\raw\CREMA-D\AudioWAV\1056_IWW_NEU_XX.wav,1056,IWW,NEU,neutral,XX,train
1056_IWW_SAD_XX.wav,ai-service\data\raw\CREMA-D\AudioWAV\1056_IWW_SAD_XX.wav,1056,IWW,SAD,sad,XX,train
1056_MTI_ANG_XX.wav,ai-service\data\raw\CREMA-D\AudioWAV\1056_MTI_ANG_XX.wav,1056,MTI,ANG,angry,XX,train
1056_MTI_DIS_XX.wav,ai-service\data\raw\CREMA-D\AudioWAV\1056_MTI_DIS_XX.wav,1056,MTI,DIS,disgust,XX,train
1056_MTI_FEA_XX.wav,ai-service\data\raw\CREMA-D\AudioWAV\1056_MTI_FEA_XX.wav,1056,MTI,FEA,fear,XX,train
1056_MTI_HAP_XX.wav,ai-service\data\raw\CREMA-D\AudioWAV\1056_MTI_HAP_XX.wav,1056,MTI,HAP,happy,XX,train
1056_MTI_NEU_XX.wav,ai-service\data\raw\CREMA-D\AudioWAV\1056_MTI_NEU_XX.wav,1056,MTI,NEU,neutral,XX,train
1056_MTI_SAD_XX.wav,ai-service\data\raw\CREMA-D\AudioWAV\1056_MTI_SAD_XX.wav,1056,MTI,SAD,sad,XX,train
1056_TAI_ANG_XX.wav,ai-service\data\raw\CREMA-D\AudioWAV\1056_TAI_ANG_XX.wav,1056,TAI,ANG,angry,XX,train
1056_TAI_DIS_XX.wav,ai-service\data\raw\CREMA-D\AudioWAV\1056_TAI_DIS_XX.wav,1056,TAI,DIS,disgust,XX,train
1056_TAI_FEA_XX.wav,ai-service\data\raw\CREMA-D\AudioWAV\1056_TAI_FEA_XX.wav,1056,TAI,FEA,fear,XX,train
1056_TAI_HAP_XX.wav,ai-service\data\raw\CREMA-D\AudioWAV\1056_TAI_HAP_XX.wav,1056,TAI,HAP,happy,XX,train
1056_TAI_NEU_XX.wav,ai-service\data\raw\CREMA-D\AudioWAV\1056_TAI_NEU_XX.wav,1056,TAI,NEU,neutral,XX,train
1056_TAI_SAD_XX.wav,ai-service\data\raw\CREMA-D\AudioWAV\1056_TAI_SAD_XX.wav,1056,TAI,SAD,sad,XX,train
1056_TIE_ANG_XX.wav,ai-service\data\raw\CREMA-D\AudioWAV\1056_TIE_ANG_XX.wav,1056,TIE,ANG,angry,XX,train
1056_TIE_DIS_XX.wav,ai-service\data\raw\CREMA-D\AudioWAV\1056_TIE_DIS_XX.wav,1056,TIE,DIS,disgust,XX,train
1056_TIE_FEA_XX.wav,ai-service\data\raw\CREMA-D\AudioWAV\1056_TIE_FEA_XX.wav,1056,TIE,FEA,fear,XX,train
1056_TIE_HAP_XX.wav,ai-service\data\raw\CREMA-D\AudioWAV\1056_TIE_HAP_XX.wav,1056,TIE,HAP,happy,XX,train
1056_TIE_NEU_XX.wav,ai-service\data\raw\CREMA-D\AudioWAV\1056_TIE_NEU_XX.wav,1056,TIE,NEU,neutral,XX,train
1056_TIE_SAD_XX.wav,ai-service\data\raw\CREMA-D\AudioWAV\1056_TIE_SAD_XX.wav,1056,TIE,SAD,sad,XX,train
1056_TSI_ANG_XX.wav,ai-service\data\raw\CREMA-D\AudioWAV\1056_TSI_ANG_XX.wav,1056,TSI,ANG,angry,XX,train
1056_TSI_DIS_XX.wav,ai-service\data\raw\CREMA-D\AudioWAV\1056_TSI_DIS_XX.wav,1056,TSI,DIS,disgust,XX,train
1056_TSI_FEA_XX.wav,ai-service\data\raw\CREMA-D\AudioWAV\1056_TSI_FEA_XX.wav,1056,TSI,FEA,fear,XX,train
1056_TSI_HAP_XX.wav,ai-service\data\raw\CREMA-D\AudioWAV\1056_TSI_HAP_XX.wav,1056,TSI,HAP,happy,XX,train
1056_TSI_NEU_XX.wav,ai-service\data\raw\CREMA-D\AudioWAV\1056_TSI_NEU_XX.wav,1056,TSI,NEU,neutral,XX,train
1056_TSI_SAD_XX.wav,ai-service\data\raw\CREMA-D\AudioWAV\1056_TSI_SAD_XX.wav,1056,TSI,SAD,sad,XX,train
1056_WSI_ANG_XX.wav,ai-service\data\raw\CREMA-D\AudioWAV\1056_WSI_ANG_XX.wav,1056,WSI,ANG,angry,XX,train
1056_WSI_DIS_XX.wav,ai-service\data\raw\CREMA-D\AudioWAV\1056_WSI_DIS_XX.wav,1056,WSI,DIS,disgust,XX,train
1056_WSI_FEA_XX.wav,ai-service\data\raw\CREMA-D\AudioWAV\1056_WSI_FEA_XX.wav,1056,WSI,FEA,fear,XX,train
1056_WSI_HAP_XX.wav,ai-service\data\raw\CREMA-D\AudioWAV\1056_WSI_HAP_XX.wav,1056,WSI,HAP,happy,XX,train
1056_WSI_NEU_XX.wav,ai-service\data\raw\CREMA-D\AudioWAV\1056_WSI_NEU_XX.wav,1056,WSI,NEU,neutral,XX,train
1056_WSI_SAD_XX.wav,ai-service\data\raw\CREMA-D\AudioWAV\1056_WSI_SAD_XX.wav,1056,WSI,SAD,sad,XX,train
1057_DFA_ANG_XX.wav,ai-service\data\raw\CREMA-D\AudioWAV\1057_DFA_ANG_XX.wav,1057,DFA,ANG,angry,XX,train
1057_DFA_DIS_XX.wav,ai-service\data\raw\CREMA-D\AudioWAV\1057_DFA_DIS_XX.wav,1057,DFA,DIS,disgust,XX,train
1057_DFA_FEA_XX.wav,ai-service\data\raw\CREMA-D\AudioWAV\1057_DFA_FEA_XX.wav,1057,DFA,FEA,fear,XX,train
1057_DFA_HAP_XX.wav,ai-service\data\raw\CREMA-D\AudioWAV\1057_DFA_HAP_XX.wav,1057,DFA,HAP,happy,XX,train
1057_DFA_NEU_XX.wav,ai-service\data\raw\CREMA-D\AudioWAV\1057_DFA_NEU_XX.wav,1057,DFA,NEU,neutral,XX,train
1057_DFA_SAD_XX.wav,ai-service\data\raw\CREMA-D\AudioWAV\1057_DFA_SAD_XX.wav,1057,DFA,SAD,sad,XX,train
1057_IEO_ANG_HI.wav,ai-service\data\raw\CREMA-D\AudioWAV\1057_IEO_ANG_HI.wav,1057,IEO,ANG,angry,HI,train
1057_IEO_ANG_LO.wav,ai-service\data\raw\CREMA-D\AudioWAV\1057_IEO_ANG_LO.wav,1057,IEO,ANG,angry,LO,train
1057_IEO_ANG_MD.wav,ai-service\data\raw\CREMA-D\AudioWAV\1057_IEO_ANG_MD.wav,1057,IEO,ANG,angry,MD,train
1057_IEO_DIS_HI.wav,ai-service\data\raw\CREMA-D\AudioWAV\1057_IEO_DIS_HI.wav,1057,IEO,DIS,disgust,HI,train
1057_IEO_DIS_LO.wav,ai-service\data\raw\CREMA-D\AudioWAV\1057_IEO_DIS_LO.wav,1057,IEO,DIS,disgust,LO,train
1057_IEO_DIS_MD.wav,ai-service\data\raw\CREMA-D\AudioWAV\1057_IEO_DIS_MD.wav,1057,IEO,DIS,disgust,MD,train
1057_IEO_FEA_HI.wav,ai-service\data\raw\CREMA-D\AudioWAV\1057_IEO_FEA_HI.wav,1057,IEO,FEA,fear,HI,train
1057_IEO_FEA_LO.wav,ai-service\data\raw\CREMA-D\AudioWAV\1057_IEO_FEA_LO.wav,1057,IEO,FEA,fear,LO,train
1057_IEO_FEA_MD.wav,ai-service\data\raw\CREMA-D\AudioWAV\1057_IEO_FEA_MD.wav,1057,IEO,FEA,fear,MD,train
1057_IEO_HAP_HI.wav,ai-service\data\raw\CREMA-D\AudioWAV\1057_IEO_HAP_HI.wav,1057,IEO,HAP,happy,HI,train
1057_IEO_HAP_LO.wav,ai-service\data\raw\CREMA-D\AudioWAV\1057_IEO_HAP_LO.wav,1057,IEO,HAP,happy,LO,train
1057_IEO_HAP_MD.wav,ai-service\data\raw\CREMA-D\AudioWAV\1057_IEO_HAP_MD.wav,1057,IEO,HAP,happy,MD,train
1057_IEO_NEU_XX.wav,ai-service\data\raw\CREMA-D\AudioWAV\1057_IEO_NEU_XX.wav,1057,IEO,NEU,neutral,XX,train
1057_IEO_SAD_HI.wav,ai-service\data\raw\CREMA-D\AudioWAV\1057_IEO_SAD_HI.wav,1057,IEO,SAD,sad,HI,train
1057_IEO_SAD_LO.wav,ai-service\data\raw\CREMA-D\AudioWAV\1057_IEO_SAD_LO.wav,1057,IEO,SAD,sad,LO,train
1057_IEO_SAD_MD.wav,ai-service\data\raw\CREMA-D\AudioWAV\1057_IEO_SAD_MD.wav,1057,IEO,SAD,sad,MD,train
1057_IOM_ANG_XX.wav,ai-service\data\raw\CREMA-D\AudioWAV\1057_IOM_ANG_XX.wav,1057,IOM,ANG,angry,XX,train
1057_IOM_DIS_XX.wav,ai-service\data\raw\CREMA-D\AudioWAV\1057_IOM_DIS_XX.wav,1057,IOM,DIS,disgust,XX,train
1057_IOM_FEA_XX.wav,ai-service\data\raw\CREMA-D\AudioWAV\1057_IOM_FEA_XX.wav,1057,IOM,FEA,fear,XX,train
1057_IOM_HAP_XX.wav,ai-service\data\raw\CREMA-D\AudioWAV\1057_IOM_HAP_XX.wav,1057,IOM,HAP,happy,XX,train
1057_IOM_NEU_XX.wav,ai-service\data\raw\CREMA-D\AudioWAV\1057_IOM_NEU_XX.wav,1057,IOM,NEU,neutral,XX,train
1057_IOM_SAD_XX.wav,ai-service\data\raw\CREMA-D\AudioWAV\1057_IOM_SAD_XX.wav,1057,IOM,SAD,sad,XX,train
1057_ITH_ANG_XX.wav,ai-service\data\raw\CREMA-D\AudioWAV\1057_ITH_ANG_XX.wav,1057,ITH,ANG,angry,XX,train
1057_ITH_DIS_XX.wav,ai-service\data\raw\CREMA-D\AudioWAV\1057_ITH_DIS_XX.wav,1057,ITH,DIS,disgust,XX,train
1057_ITH_FEA_XX.wav,ai-service\data\raw\CREMA-D\AudioWAV\1057_ITH_FEA_XX.wav,1057,ITH,FEA,fear,XX,train
1057_ITH_HAP_XX.wav,ai-service\data\raw\CREMA-D\AudioWAV\1057_ITH_HAP_XX.wav,1057,ITH,HAP,happy,XX,train
1057_ITH_NEU_XX.wav,ai-service\data\raw\CREMA-D\AudioWAV\1057_ITH_NEU_XX.wav,1057,ITH,NEU,neutral,XX,train
1057_ITH_SAD_XX.wav,ai-service\data\raw\CREMA-D\AudioWAV\1057_ITH_SAD_XX.wav,1057,ITH,SAD,sad,XX,train
1057_ITS_ANG_XX.wav,ai-service\data\raw\CREMA-D\AudioWAV\1057_ITS_ANG_XX.wav,1057,ITS,ANG,angry,XX,train
1057_ITS_DIS_XX.wav,ai-service\data\raw\CREMA-D\AudioWAV\1057_ITS_DIS_XX.wav,1057,ITS,DIS,disgust,XX,train
1057_ITS_FEA_XX.wav,ai-service\data\raw\CREMA-D\AudioWAV\1057_ITS_FEA_XX.wav,1057,ITS,FEA,fear,XX,train
1057_ITS_HAP_XX.wav,ai-service\data\raw\CREMA-D\AudioWAV\1057_ITS_HAP_XX.wav,1057,ITS,HAP,happy,XX,train
1057_ITS_NEU_XX.wav,ai-service\data\raw\CREMA-D\AudioWAV\1057_ITS_NEU_XX.wav,1057,ITS,NEU,neutral,XX,train
1057_ITS_SAD_XX.wav,ai-service\data\raw\CREMA-D\AudioWAV\1057_ITS_SAD_XX.wav,1057,ITS,SAD,sad,XX,train
1057_IWL_ANG_XX.wav,ai-service\data\raw\CREMA-D\AudioWAV\1057_IWL_ANG_XX.wav,1057,IWL,ANG,angry,XX,train
1057_IWL_DIS_XX.wav,ai-service\data\raw\CREMA-D\AudioWAV\1057_IWL_DIS_XX.wav,1057,IWL,DIS,disgust,XX,train
1057_IWL_FEA_XX.wav,ai-service\data\raw\CREMA-D\AudioWAV\1057_IWL_FEA_XX.wav,1057,IWL,FEA,fear,XX,train
1057_IWL_HAP_XX.wav,ai-service\data\raw\CREMA-D\AudioWAV\1057_IWL_HAP_XX.wav,1057,IWL,HAP,happy,XX,train
1057_IWL_NEU_XX.wav,ai-service\data\raw\CREMA-D\AudioWAV\1057_IWL_NEU_XX.wav,1057,IWL,NEU,neutral,XX,train
1057_IWL_SAD_XX.wav,ai-service\data\raw\CREMA-D\AudioWAV\1057_IWL_SAD_XX.wav,1057,IWL,SAD,sad,XX,train
1057_IWW_ANG_XX.wav,ai-service\data\raw\CREMA-D\AudioWAV\1057_IWW_ANG_XX.wav,1057,IWW,ANG,angry,XX,train
1057_IWW_DIS_XX.wav,ai-service\data\raw\CREMA-D\AudioWAV\1057_IWW_DIS_XX.wav,1057,IWW,DIS,disgust,XX,train
1057_IWW_FEA_XX.wav,ai-service\data\raw\CREMA-D\AudioWAV\1057_IWW_FEA_XX.wav,1057,IWW,FEA,fear,XX,train
1057_IWW_HAP_XX.wav,ai-service\data\raw\CREMA-D\AudioWAV\1057_IWW_HAP_XX.wav,1057,IWW,HAP,happy,XX,train
1057_IWW_NEU_XX.wav,ai-service\data\raw\CREMA-D\AudioWAV\1057_IWW_NEU_XX.wav,1057,IWW,NEU,neutral,XX,train
1057_IWW_SAD_XX.wav,ai-service\data\raw\CREMA-D\AudioWAV\1057_IWW_SAD_XX.wav,1057,IWW,SAD,sad,XX,train
1057_MTI_ANG_XX.wav,ai-service\data\raw\CREMA-D\AudioWAV\1057_MTI_ANG_XX.wav,1057,MTI,ANG,angry,XX,train
1057_MTI_DIS_XX.wav,ai-service\data\raw\CREMA-D\AudioWAV\1057_MTI_DIS_XX.wav,1057,MTI,DIS,disgust,XX,train
1057_MTI_FEA_XX.wav,ai-service\data\raw\CREMA-D\AudioWAV\1057_MTI_FEA_XX.wav,1057,MTI,FEA,fear,XX,train
1057_MTI_HAP_XX.wav,ai-service\data\raw\CREMA-D\AudioWAV\1057_MTI_HAP_XX.wav,1057,MTI,HAP,happy,XX,train
1057_MTI_NEU_XX.wav,ai-service\data\raw\CREMA-D\AudioWAV\1057_MTI_NEU_XX.wav,1057,MTI,NEU,neutral,XX,train
1057_MTI_SAD_XX.wav,ai-service\data\raw\CREMA-D\AudioWAV\1057_MTI_SAD_XX.wav,1057,MTI,SAD,sad,XX,train
1057_TAI_ANG_XX.wav,ai-service\data\raw\CREMA-D\AudioWAV\1057_TAI_ANG_XX.wav,1057,TAI,ANG,angry,XX,train
1057_TAI_DIS_XX.wav,ai-service\data\raw\CREMA-D\AudioWAV\1057_TAI_DIS_XX.wav,1057,TAI,DIS,disgust,XX,train
1057_TAI_FEA_XX.wav,ai-service\data\raw\CREMA-D\AudioWAV\1057_TAI_FEA_XX.wav,1057,TAI,FEA,fear,XX,train
1057_TAI_HAP_XX.wav,ai-service\data\raw\CREMA-D\AudioWAV\1057_TAI_HAP_XX.wav,1057,TAI,HAP,happy,XX,train
1057_TAI_NEU_XX.wav,ai-service\data\raw\CREMA-D\AudioWAV\1057_TAI_NEU_XX.wav,1057,TAI,NEU,neutral,XX,train
1057_TAI_SAD_XX.wav,ai-service\data\raw\CREMA-D\AudioWAV\1057_TAI_SAD_XX.wav,1057,TAI,SAD,sad,XX,train
1057_TIE_ANG_XX.wav,ai-service\data\raw\CREMA-D\AudioWAV\1057_TIE_ANG_XX.wav,1057,TIE,ANG,angry,XX,train
1057_TIE_DIS_XX.wav,ai-service\data\raw\CREMA-D\AudioWAV\1057_TIE_DIS_XX.wav,1057,TIE,DIS,disgust,XX,train
1057_TIE_FEA_XX.wav,ai-service\data\raw\CREMA-D\AudioWAV\1057_TIE_FEA_XX.wav,1057,TIE,FEA,fear,XX,train
1057_TIE_HAP_XX.wav,ai-service\data\raw\CREMA-D\AudioWAV\1057_TIE_HAP_XX.wav,1057,TIE,HAP,happy,XX,train
1057_TIE_NEU_XX.wav,ai-service\data\raw\CREMA-D\AudioWAV\1057_TIE_NEU_XX.wav,1057,TIE,NEU,neutral,XX,train
1057_TIE_SAD_XX.wav,ai-service\data\raw\CREMA-D\AudioWAV\1057_TIE_SAD_XX.wav,1057,TIE,SAD,sad,XX,train
1057_TSI_ANG_XX.wav,ai-service\data\raw\CREMA-D\AudioWAV\1057_TSI_ANG_XX.wav,1057,TSI,ANG,angry,XX,train
1057_TSI_DIS_XX.wav,ai-service\data\raw\CREMA-D\AudioWAV\1057_TSI_DIS_XX.wav,1057,TSI,DIS,disgust,XX,train
1057_TSI_FEA_XX.wav,ai-service\data\raw\CREMA-D\AudioWAV\1057_TSI_FEA_XX.wav,1057,TSI,FEA,fear,XX,train
1057_TSI_HAP_XX.wav,ai-service\data\raw\CREMA-D\AudioWAV\1057_TSI_HAP_XX.wav,1057,TSI,HAP,happy,XX,train
1057_TSI_NEU_XX.wav,ai-service\data\raw\CREMA-D\AudioWAV\1057_TSI_NEU_XX.wav,1057,TSI,NEU,neutral,XX,train
1057_TSI_SAD_XX.wav,ai-service\data\raw\CREMA-D\AudioWAV\1057_TSI_SAD_XX.wav,1057,TSI,SAD,sad,XX,train
1057_WSI_ANG_XX.wav,ai-service\data\raw\CREMA-D\AudioWAV\1057_WSI_ANG_XX.wav,1057,WSI,ANG,angry,XX,train
1057_WSI_DIS_XX.wav,ai-service\data\raw\CREMA-D\AudioWAV\1057_WSI_DIS_XX.wav,1057,WSI,DIS,disgust,XX,train
1057_WSI_FEA_XX.wav,ai-service\data\raw\CREMA-D\AudioWAV\1057_WSI_FEA_XX.wav,1057,WSI,FEA,fear,XX,train
1057_WSI_HAP_XX.wav,ai-service\data\raw\CREMA-D\AudioWAV\1057_WSI_HAP_XX.wav,1057,WSI,HAP,happy,XX,train
1057_WSI_NEU_XX.wav,ai-service\data\raw\CREMA-D\AudioWAV\1057_WSI_NEU_XX.wav,1057,WSI,NEU,neutral,XX,train
1057_WSI_SAD_XX.wav,ai-service\data\raw\CREMA-D\AudioWAV\1057_WSI_SAD_XX.wav,1057,WSI,SAD,sad,XX,train
1059_DFA_ANG_XX.wav,ai-service\data\raw\CREMA-D\AudioWAV\1059_DFA_ANG_XX.wav,1059,DFA,ANG,angry,XX,train
1059_DFA_DIS_XX.wav,ai-service\data\raw\CREMA-D\AudioWAV\1059_DFA_DIS_XX.wav,1059,DFA,DIS,disgust,XX,train
1059_DFA_FEA_XX.wav,ai-service\data\raw\CREMA-D\AudioWAV\1059_DFA_FEA_XX.wav,1059,DFA,FEA,fear,XX,train
1059_DFA_HAP_XX.wav,ai-service\data\raw\CREMA-D\AudioWAV\1059_DFA_HAP_XX.wav,1059,DFA,HAP,happy,XX,train
1059_DFA_NEU_XX.wav,ai-service\data\raw\CREMA-D\AudioWAV\1059_DFA_NEU_XX.wav,1059,DFA,NEU,neutral,XX,train
1059_DFA_SAD_XX.wav,ai-service\data\raw\CREMA-D\AudioWAV\1059_DFA_SAD_XX.wav,1059,DFA,SAD,sad,XX,train
1059_IEO_ANG_HI.wav,ai-service\data\raw\CREMA-D\AudioWAV\1059_IEO_ANG_HI.wav,1059,IEO,ANG,angry,HI,train
1059_IEO_ANG_LO.wav,ai-service\data\raw\CREMA-D\AudioWAV\1059_IEO_ANG_LO.wav,1059,IEO,ANG,angry,LO,train
1059_IEO_ANG_MD.wav,ai-service\data\raw\CREMA-D\AudioWAV\1059_IEO_ANG_MD.wav,1059,IEO,ANG,angry,MD,train
1059_IEO_DIS_HI.wav,ai-service\data\raw\CREMA-D\AudioWAV\1059_IEO_DIS_HI.wav,1059,IEO,DIS,disgust,HI,train
1059_IEO_DIS_LO.wav,ai-service\data\raw\CREMA-D\AudioWAV\1059_IEO_DIS_LO.wav,1059,IEO,DIS,disgust,LO,train
1059_IEO_DIS_MD.wav,ai-service\data\raw\CREMA-D\AudioWAV\1059_IEO_DIS_MD.wav,1059,IEO,DIS,disgust,MD,train
1059_IEO_FEA_HI.wav,ai-service\data\raw\CREMA-D\AudioWAV\1059_IEO_FEA_HI.wav,1059,IEO,FEA,fear,HI,train
1059_IEO_FEA_LO.wav,ai-service\data\raw\CREMA-D\AudioWAV\1059_IEO_FEA_LO.wav,1059,IEO,FEA,fear,LO,train
1059_IEO_FEA_MD.wav,ai-service\data\raw\CREMA-D\AudioWAV\1059_IEO_FEA_MD.wav,1059,IEO,FEA,fear,MD,train
1059_IEO_HAP_HI.wav,ai-service\data\raw\CREMA-D\AudioWAV\1059_IEO_HAP_HI.wav,1059,IEO,HAP,happy,HI,train
1059_IEO_HAP_LO.wav,ai-service\data\raw\CREMA-D\AudioWAV\1059_IEO_HAP_LO.wav,1059,IEO,HAP,happy,LO,train
1059_IEO_HAP_MD.wav,ai-service\data\raw\CREMA-D\AudioWAV\1059_IEO_HAP_MD.wav,1059,IEO,HAP,happy,MD,train
1059_IEO_NEU_XX.wav,ai-service\data\raw\CREMA-D\AudioWAV\1059_IEO_NEU_XX.wav,1059,IEO,NEU,neutral,XX,train
1059_IEO_SAD_HI.wav,ai-service\data\raw\CREMA-D\AudioWAV\1059_IEO_SAD_HI.wav,1059,IEO,SAD,sad,HI,train
1059_IEO_SAD_LO.wav,ai-service\data\raw\CREMA-D\AudioWAV\1059_IEO_SAD_LO.wav,1059,IEO,SAD,sad,LO,train
1059_IEO_SAD_MD.wav,ai-service\data\raw\CREMA-D\AudioWAV\1059_IEO_SAD_MD.wav,1059,IEO,SAD,sad,MD,train
1059_IOM_ANG_XX.wav,ai-service\data\raw\CREMA-D\AudioWAV\1059_IOM_ANG_XX.wav,1059,IOM,ANG,angry,XX,train
1059_IOM_DIS_XX.wav,ai-service\data\raw\CREMA-D\AudioWAV\1059_IOM_DIS_XX.wav,1059,IOM,DIS,disgust,XX,train
1059_IOM_FEA_XX.wav,ai-service\data\raw\CREMA-D\AudioWAV\1059_IOM_FEA_XX.wav,1059,IOM,FEA,fear,XX,train
1059_IOM_HAP_XX.wav,ai-service\data\raw\CREMA-D\AudioWAV\1059_IOM_HAP_XX.wav,1059,IOM,HAP,happy,XX,train
1059_IOM_NEU_XX.wav,ai-service\data\raw\CREMA-D\AudioWAV\1059_IOM_NEU_XX.wav,1059,IOM,NEU,neutral,XX,train
1059_IOM_SAD_XX.wav,ai-service\data\raw\CREMA-D\AudioWAV\1059_IOM_SAD_XX.wav,1059,IOM,SAD,sad,XX,train
1059_ITH_ANG_XX.wav,ai-service\data\raw\CREMA-D\AudioWAV\1059_ITH_ANG_XX.wav,1059,ITH,ANG,angry,XX,train
1059_ITH_DIS_XX.wav,ai-service\data\raw\CREMA-D\AudioWAV\1059_ITH_DIS_XX.wav,1059,ITH,DIS,disgust,XX,train
1059_ITH_FEA_XX.wav,ai-service\data\raw\CREMA-D\AudioWAV\1059_ITH_FEA_XX.wav,1059,ITH,FEA,fear,XX,train
1059_ITH_HAP_XX.wav,ai-service\data\raw\CREMA-D\AudioWAV\1059_ITH_HAP_XX.wav,1059,ITH,HAP,happy,XX,train
1059_ITH_NEU_XX.wav,ai-service\data\raw\CREMA-D\AudioWAV\1059_ITH_NEU_XX.wav,1059,ITH,NEU,neutral,XX,train
1059_ITH_SAD_XX.wav,ai-service\data\raw\CREMA-D\AudioWAV\1059_ITH_SAD_XX.wav,1059,ITH,SAD,sad,XX,train
1059_ITS_ANG_XX.wav,ai-service\data\raw\CREMA-D\AudioWAV\1059_ITS_ANG_XX.wav,1059,ITS,ANG,angry,XX,train
1059_ITS_DIS_XX.wav,ai-service\data\raw\CREMA-D\AudioWAV\1059_ITS_DIS_XX.wav,1059,ITS,DIS,disgust,XX,train
1059_ITS_FEA_XX.wav,ai-service\data\raw\CREMA-D\AudioWAV\1059_ITS_FEA_XX.wav,1059,ITS,FEA,fear,XX,train
1059_ITS_HAP_XX.wav,ai-service\data\raw\CREMA-D\AudioWAV\1059_ITS_HAP_XX.wav,1059,ITS,HAP,happy,XX,train
1059_ITS_NEU_XX.wav,ai-service\data\raw\CREMA-D\AudioWAV\1059_ITS_NEU_XX.wav,1059,ITS,NEU,neutral,XX,train
1059_ITS_SAD_XX.wav,ai-service\data\raw\CREMA-D\AudioWAV\1059_ITS_SAD_XX.wav,1059,ITS,SAD,sad,XX,train
1059_IWL_ANG_XX.wav,ai-service\data\raw\CREMA-D\AudioWAV\1059_IWL_ANG_XX.wav,1059,IWL,ANG,angry,XX,train
1059_IWL_DIS_XX.wav,ai-service\data\raw\CREMA-D\AudioWAV\1059_IWL_DIS_XX.wav,1059,IWL,DIS,disgust,XX,train
1059_IWL_FEA_XX.wav,ai-service\data\raw\CREMA-D\AudioWAV\1059_IWL_FEA_XX.wav,1059,IWL,FEA,fear,XX,train
1059_IWL_HAP_XX.wav,ai-service\data\raw\CREMA-D\AudioWAV\1059_IWL_HAP_XX.wav,1059,IWL,HAP,happy,XX,train
1059_IWL_NEU_XX.wav,ai-service\data\raw\CREMA-D\AudioWAV\1059_IWL_NEU_XX.wav,1059,IWL,NEU,neutral,XX,train
1059_IWL_SAD_XX.wav,ai-service\data\raw\CREMA-D\AudioWAV\1059_IWL_SAD_XX.wav,1059,IWL,SAD,sad,XX,train
1059_IWW_ANG_XX.wav,ai-service\data\raw\CREMA-D\AudioWAV\1059_IWW_ANG_XX.wav,1059,IWW,ANG,angry,XX,train
1059_IWW_DIS_XX.wav,ai-service\data\raw\CREMA-D\AudioWAV\1059_IWW_DIS_XX.wav,1059,IWW,DIS,disgust,XX,train
1059_IWW_FEA_XX.wav,ai-service\data\raw\CREMA-D\AudioWAV\1059_IWW_FEA_XX.wav,1059,IWW,FEA,fear,XX,train
1059_IWW_HAP_XX.wav,ai-service\data\raw\CREMA-D\AudioWAV\1059_IWW_HAP_XX.wav,1059,IWW,HAP,happy,XX,train
1059_IWW_NEU_XX.wav,ai-service\data\raw\CREMA-D\AudioWAV\1059_IWW_NEU_XX.wav,1059,IWW,NEU,neutral,XX,train
1059_IWW_SAD_XX.wav,ai-service\data\raw\CREMA-D\AudioWAV\1059_IWW_SAD_XX.wav,1059,IWW,SAD,sad,XX,train
1059_MTI_ANG_XX.wav,ai-service\data\raw\CREMA-D\AudioWAV\1059_MTI_ANG_XX.wav,1059,MTI,ANG,angry,XX,train
1059_MTI_DIS_XX.wav,ai-service\data\raw\CREMA-D\AudioWAV\1059_MTI_DIS_XX.wav,1059,MTI,DIS,disgust,XX,train
1059_MTI_FEA_XX.wav,ai-service\data\raw\CREMA-D\AudioWAV\1059_MTI_FEA_XX.wav,1059,MTI,FEA,fear,XX,train
1059_MTI_HAP_XX.wav,ai-service\data\raw\CREMA-D\AudioWAV\1059_MTI_HAP_XX.wav,1059,MTI,HAP,happy,XX,train
1059_MTI_NEU_XX.wav,ai-service\data\raw\CREMA-D\AudioWAV\1059_MTI_NEU_XX.wav,1059,MTI,NEU,neutral,XX,train
1059_MTI_SAD_XX.wav,ai-service\data\raw\CREMA-D\AudioWAV\1059_MTI_SAD_XX.wav,1059,MTI,SAD,sad,XX,train
1059_TAI_ANG_XX.wav,ai-service\data\raw\CREMA-D\AudioWAV\1059_TAI_ANG_XX.wav,1059,TAI,ANG,angry,XX,train
1059_TAI_DIS_XX.wav,ai-service\data\raw\CREMA-D\AudioWAV\1059_TAI_DIS_XX.wav,1059,TAI,DIS,disgust,XX,train
1059_TAI_FEA_XX.wav,ai-service\data\raw\CREMA-D\AudioWAV\1059_TAI_FEA_XX.wav,1059,TAI,FEA,fear,XX,train
1059_TAI_HAP_XX.wav,ai-service\data\raw\CREMA-D\AudioWAV\1059_TAI_HAP_XX.wav,1059,TAI,HAP,happy,XX,train
1059_TAI_NEU_XX.wav,ai-service\data\raw\CREMA-D\AudioWAV\1059_TAI_NEU_XX.wav,1059,TAI,NEU,neutral,XX,train
1059_TAI_SAD_XX.wav,ai-service\data\raw\CREMA-D\AudioWAV\1059_TAI_SAD_XX.wav,1059,TAI,SAD,sad,XX,train
1059_TIE_ANG_XX.wav,ai-service\data\raw\CREMA-D\AudioWAV\1059_TIE_ANG_XX.wav,1059,TIE,ANG,angry,XX,train
1059_TIE_DIS_XX.wav,ai-service\data\raw\CREMA-D\AudioWAV\1059_TIE_DIS_XX.wav,1059,TIE,DIS,disgust,XX,train
1059_TIE_FEA_XX.wav,ai-service\data\raw\CREMA-D\AudioWAV\1059_TIE_FEA_XX.wav,1059,TIE,FEA,fear,XX,train
1059_TIE_HAP_XX.wav,ai-service\data\raw\CREMA-D\AudioWAV\1059_TIE_HAP_XX.wav,1059,TIE,HAP,happy,XX,train
1059_TIE_NEU_XX.wav,ai-service\data\raw\CREMA-D\AudioWAV\1059_TIE_NEU_XX.wav,1059,TIE,NEU,neutral,XX,train
1059_TIE_SAD_XX.wav,ai-service\data\raw\CREMA-D\AudioWAV\1059_TIE_SAD_XX.wav,1059,TIE,SAD,sad,XX,train
1059_TSI_ANG_XX.wav,ai-service\data\raw\CREMA-D\AudioWAV\1059_TSI_ANG_XX.wav,1059,TSI,ANG,angry,XX,train
1059_TSI_DIS_XX.wav,ai-service\data\raw\CREMA-D\AudioWAV\1059_TSI_DIS_XX.wav,1059,TSI,DIS,disgust,XX,train
1059_TSI_FEA_XX.wav,ai-service\data\raw\CREMA-D\AudioWAV\1059_TSI_FEA_XX.wav,1059,TSI,FEA,fear,XX,train
1059_TSI_HAP_XX.wav,ai-service\data\raw\CREMA-D\AudioWAV\1059_TSI_HAP_XX.wav,1059,TSI,HAP,happy,XX,train
1059_TSI_NEU_XX.wav,ai-service\data\raw\CREMA-D\AudioWAV\1059_TSI_NEU_XX.wav,1059,TSI,NEU,neutral,XX,train
1059_TSI_SAD_XX.wav,ai-service\data\raw\CREMA-D\AudioWAV\1059_TSI_SAD_XX.wav,1059,TSI,SAD,sad,XX,train
1059_WSI_ANG_XX.wav,ai-service\data\raw\CREMA-D\AudioWAV\1059_WSI_ANG_XX.wav,1059,WSI,ANG,angry,XX,train
1059_WSI_DIS_XX.wav,ai-service\data\raw\CREMA-D\AudioWAV\1059_WSI_DIS_XX.wav,1059,WSI,DIS,disgust,XX,train
1059_WSI_FEA_XX.wav,ai-service\data\raw\CREMA-D\AudioWAV\1059_WSI_FEA_XX.wav,1059,WSI,FEA,fear,XX,train
1059_WSI_HAP_XX.wav,ai-service\data\raw\CREMA-D\AudioWAV\1059_WSI_HAP_XX.wav,1059,WSI,HAP,happy,XX,train
1059_WSI_NEU_XX.wav,ai-service\data\raw\CREMA-D\AudioWAV\1059_WSI_NEU_XX.wav,1059,WSI,NEU,neutral,XX,train
1059_WSI_SAD_XX.wav,ai-service\data\raw\CREMA-D\AudioWAV\1059_WSI_SAD_XX.wav,1059,WSI,SAD,sad,XX,train
1060_DFA_ANG_XX.wav,ai-service\data\raw\CREMA-D\AudioWAV\1060_DFA_ANG_XX.wav,1060,DFA,ANG,angry,XX,train
1060_DFA_DIS_XX.wav,ai-service\data\raw\CREMA-D\AudioWAV\1060_DFA_DIS_XX.wav,1060,DFA,DIS,disgust,XX,train
1060_DFA_FEA_XX.wav,ai-service\data\raw\CREMA-D\AudioWAV\1060_DFA_FEA_XX.wav,1060,DFA,FEA,fear,XX,train
1060_DFA_HAP_XX.wav,ai-service\data\raw\CREMA-D\AudioWAV\1060_DFA_HAP_XX.wav,1060,DFA,HAP,happy,XX,train
1060_DFA_NEU_XX.wav,ai-service\data\raw\CREMA-D\AudioWAV\1060_DFA_NEU_XX.wav,1060,DFA,NEU,neutral,XX,train
1060_DFA_SAD_XX.wav,ai-service\data\raw\CREMA-D\AudioWAV\1060_DFA_SAD_XX.wav,1060,DFA,SAD,sad,XX,train
1060_IEO_ANG_HI.wav,ai-service\data\raw\CREMA-D\AudioWAV\1060_IEO_ANG_HI.wav,1060,IEO,ANG,angry,HI,train
1060_IEO_ANG_LO.wav,ai-service\data\raw\CREMA-D\AudioWAV\1060_IEO_ANG_LO.wav,1060,IEO,ANG,angry,LO,train
1060_IEO_ANG_MD.wav,ai-service\data\raw\CREMA-D\AudioWAV\1060_IEO_ANG_MD.wav,1060,IEO,ANG,angry,MD,train
1060_IEO_DIS_HI.wav,ai-service\data\raw\CREMA-D\AudioWAV\1060_IEO_DIS_HI.wav,1060,IEO,DIS,disgust,HI,train
1060_IEO_DIS_LO.wav,ai-service\data\raw\CREMA-D\AudioWAV\1060_IEO_DIS_LO.wav,1060,IEO,DIS,disgust,LO,train
1060_IEO_DIS_MD.wav,ai-service\data\raw\CREMA-D\AudioWAV\1060_IEO_DIS_MD.wav,1060,IEO,DIS,disgust,MD,train
1060_IEO_FEA_HI.wav,ai-service\data\raw\CREMA-D\AudioWAV\1060_IEO_FEA_HI.wav,1060,IEO,FEA,fear,HI,train
1060_IEO_FEA_LO.wav,ai-service\data\raw\CREMA-D\AudioWAV\1060_IEO_FEA_LO.wav,1060,IEO,FEA,fear,LO,train
1060_IEO_FEA_MD.wav,ai-service\data\raw\CREMA-D\AudioWAV\1060_IEO_FEA_MD.wav,1060,IEO,FEA,fear,MD,train
1060_IEO_HAP_HI.wav,ai-service\data\raw\CREMA-D\AudioWAV\1060_IEO_HAP_HI.wav,1060,IEO,HAP,happy,HI,train
1060_IEO_HAP_LO.wav,ai-service\data\raw\CREMA-D\AudioWAV\1060_IEO_HAP_LO.wav,1060,IEO,HAP,happy,LO,train
1060_IEO_HAP_MD.wav,ai-service\data\raw\CREMA-D\AudioWAV\1060_IEO_HAP_MD.wav,1060,IEO,HAP,happy,MD,train
1060_IEO_NEU_XX.wav,ai-service\data\raw\CREMA-D\AudioWAV\1060_IEO_NEU_XX.wav,1060,IEO,NEU,neutral,XX,train
1060_IEO_SAD_HI.wav,ai-service\data\raw\CREMA-D\AudioWAV\1060_IEO_SAD_HI.wav,1060,IEO,SAD,sad,HI,train
1060_IEO_SAD_LO.wav,ai-service\data\raw\CREMA-D\AudioWAV\1060_IEO_SAD_LO.wav,1060,IEO,SAD,sad,LO,train
1060_IEO_SAD_MD.wav,ai-service\data\raw\CREMA-D\AudioWAV\1060_IEO_SAD_MD.wav,1060,IEO,SAD,sad,MD,train
1060_IOM_ANG_XX.wav,ai-service\data\raw\CREMA-D\AudioWAV\1060_IOM_ANG_XX.wav,1060,IOM,ANG,angry,XX,train
1060_IOM_DIS_XX.wav,ai-service\data\raw\CREMA-D\AudioWAV\1060_IOM_DIS_XX.wav,1060,IOM,DIS,disgust,XX,train
1060_IOM_FEA_XX.wav,ai-service\data\raw\CREMA-D\AudioWAV\1060_IOM_FEA_XX.wav,1060,IOM,FEA,fear,XX,train
1060_IOM_HAP_XX.wav,ai-service\data\raw\CREMA-D\AudioWAV\1060_IOM_HAP_XX.wav,1060,IOM,HAP,happy,XX,train
1060_IOM_NEU_XX.wav,ai-service\data\raw\CREMA-D\AudioWAV\1060_IOM_NEU_XX.wav,1060,IOM,NEU,neutral,XX,train
1060_IOM_SAD_XX.wav,ai-service\data\raw\CREMA-D\AudioWAV\1060_IOM_SAD_XX.wav,1060,IOM,SAD,sad,XX,train
1060_ITH_ANG_XX.wav,ai-service\data\raw\CREMA-D\AudioWAV\1060_ITH_ANG_XX.wav,1060,ITH,ANG,angry,XX,train
1060_ITH_DIS_XX.wav,ai-service\data\raw\CREMA-D\AudioWAV\1060_ITH_DIS_XX.wav,1060,ITH,DIS,disgust,XX,train
1060_ITH_FEA_XX.wav,ai-service\data\raw\CREMA-D\AudioWAV\1060_ITH_FEA_XX.wav,1060,ITH,FEA,fear,XX,train
1060_ITH_HAP_XX.wav,ai-service\data\raw\CREMA-D\AudioWAV\1060_ITH_HAP_XX.wav,1060,ITH,HAP,happy,XX,train
1060_ITH_NEU_XX.wav,ai-service\data\raw\CREMA-D\AudioWAV\1060_ITH_NEU_XX.wav,1060,ITH,NEU,neutral,XX,train
1060_ITH_SAD_XX.wav,ai-service\data\raw\CREMA-D\AudioWAV\1060_ITH_SAD_XX.wav,1060,ITH,SAD,sad,XX,train
1060_ITS_ANG_XX.wav,ai-service\data\raw\CREMA-D\AudioWAV\1060_ITS_ANG_XX.wav,1060,ITS,ANG,angry,XX,train
1060_ITS_DIS_XX.wav,ai-service\data\raw\CREMA-D\AudioWAV\1060_ITS_DIS_XX.wav,1060,ITS,DIS,disgust,XX,train
1060_ITS_FEA_XX.wav,ai-service\data\raw\CREMA-D\AudioWAV\1060_ITS_FEA_XX.wav,1060,ITS,FEA,fear,XX,train
1060_ITS_HAP_XX.wav,ai-service\data\raw\CREMA-D\AudioWAV\1060_ITS_HAP_XX.wav,1060,ITS,HAP,happy,XX,train
1060_ITS_NEU_XX.wav,ai-service\data\raw\CREMA-D\AudioWAV\1060_ITS_NEU_XX.wav,1060,ITS,NEU,neutral,XX,train
1060_ITS_SAD_XX.wav,ai-service\data\raw\CREMA-D\AudioWAV\1060_ITS_SAD_XX.wav,1060,ITS,SAD,sad,XX,train
1060_IWL_ANG_XX.wav,ai-service\data\raw\CREMA-D\AudioWAV\1060_IWL_ANG_XX.wav,1060,IWL,ANG,angry,XX,train
1060_IWL_DIS_XX.wav,ai-service\data\raw\CREMA-D\AudioWAV\1060_IWL_DIS_XX.wav,1060,IWL,DIS,disgust,XX,train
1060_IWL_FEA_XX.wav,ai-service\data\raw\CREMA-D\AudioWAV\1060_IWL_FEA_XX.wav,1060,IWL,FEA,fear,XX,train
1060_IWL_HAP_XX.wav,ai-service\data\raw\CREMA-D\AudioWAV\1060_IWL_HAP_XX.wav,1060,IWL,HAP,happy,XX,train
1060_IWL_NEU_XX.wav,ai-service\data\raw\CREMA-D\AudioWAV\1060_IWL_NEU_XX.wav,1060,IWL,NEU,neutral,XX,train
1060_IWL_SAD_XX.wav,ai-service\data\raw\CREMA-D\AudioWAV\1060_IWL_SAD_XX.wav,1060,IWL,SAD,sad,XX,train
1060_IWW_ANG_XX.wav,ai-service\data\raw\CREMA-D\AudioWAV\1060_IWW_ANG_XX.wav,1060,IWW,ANG,angry,XX,train
1060_IWW_DIS_XX.wav,ai-service\data\raw\CREMA-D\AudioWAV\1060_IWW_DIS_XX.wav,1060,IWW,DIS,disgust,XX,train
1060_IWW_FEA_XX.wav,ai-service\data\raw\CREMA-D\AudioWAV\1060_IWW_FEA_XX.wav,1060,IWW,FEA,fear,XX,train
1060_IWW_HAP_XX.wav,ai-service\data\raw\CREMA-D\AudioWAV\1060_IWW_HAP_XX.wav,1060,IWW,HAP,happy,XX,train
1060_IWW_NEU_XX.wav,ai-service\data\raw\CREMA-D\AudioWAV\1060_IWW_NEU_XX.wav,1060,IWW,NEU,neutral,XX,train
1060_IWW_SAD_XX.wav,ai-service\data\raw\CREMA-D\AudioWAV\1060_IWW_SAD_XX.wav,1060,IWW,SAD,sad,XX,train
1060_MTI_ANG_XX.wav,ai-service\data\raw\CREMA-D\AudioWAV\1060_MTI_ANG_XX.wav,1060,MTI,ANG,angry,XX,train
1060_MTI_DIS_XX.wav,ai-service\data\raw\CREMA-D\AudioWAV\1060_MTI_DIS_XX.wav,1060,MTI,DIS,disgust,XX,train
1060_MTI_FEA_XX.wav,ai-service\data\raw\CREMA-D\AudioWAV\1060_MTI_FEA_XX.wav,1060,MTI,FEA,fear,XX,train
1060_MTI_HAP_XX.wav,ai-service\data\raw\CREMA-D\AudioWAV\1060_MTI_HAP_XX.wav,1060,MTI,HAP,happy,XX,train
1060_MTI_NEU_XX.wav,ai-service\data\raw\CREMA-D\AudioWAV\1060_MTI_NEU_XX.wav,1060,MTI,NEU,neutral,XX,train
1060_MTI_SAD_XX.wav,ai-service\data\raw\CREMA-D\AudioWAV\1060_MTI_SAD_XX.wav,1060,MTI,SAD,sad,XX,train
1060_TAI_ANG_XX.wav,ai-service\data\raw\CREMA-D\AudioWAV\1060_TAI_ANG_XX.wav,1060,TAI,ANG,angry,XX,train
1060_TAI_DIS_XX.wav,ai-service\data\raw\CREMA-D\AudioWAV\1060_TAI_DIS_XX.wav,1060,TAI,DIS,disgust,XX,train
1060_TAI_FEA_XX.wav,ai-service\data\raw\CREMA-D\AudioWAV\1060_TAI_FEA_XX.wav,1060,TAI,FEA,fear,XX,train
1060_TAI_HAP_XX.wav,ai-service\data\raw\CREMA-D\AudioWAV\1060_TAI_HAP_XX.wav,1060,TAI,HAP,happy,XX,train
1060_TAI_NEU_XX.wav,ai-service\data\raw\CREMA-D\AudioWAV\1060_TAI_NEU_XX.wav,1060,TAI,NEU,neutral,XX,train
1060_TAI_SAD_XX.wav,ai-service\data\raw\CREMA-D\AudioWAV\1060_TAI_SAD_XX.wav,1060,TAI,SAD,sad,XX,train
1060_TIE_ANG_XX.wav,ai-service\data\raw\CREMA-D\AudioWAV\1060_TIE_ANG_XX.wav,1060,TIE,ANG,angry,XX,train
1060_TIE_DIS_XX.wav,ai-service\data\raw\CREMA-D\AudioWAV\1060_TIE_DIS_XX.wav,1060,TIE,DIS,disgust,XX,train
1060_TIE_FEA_XX.wav,ai-service\data\raw\CREMA-D\AudioWAV\1060_TIE_FEA_XX.wav,1060,TIE,FEA,fear,XX,train
1060_TIE_HAP_XX.wav,ai-service\data\raw\CREMA-D\AudioWAV\1060_TIE_HAP_XX.wav,1060,TIE,HAP,happy,XX,train
1060_TIE_NEU_XX.wav,ai-service\data\raw\CREMA-D\AudioWAV\1060_TIE_NEU_XX.wav,1060,TIE,NEU,neutral,XX,train
1060_TIE_SAD_XX.wav,ai-service\data\raw\CREMA-D\AudioWAV\1060_TIE_SAD_XX.wav,1060,TIE,SAD,sad,XX,train
1060_TSI_ANG_XX.wav,ai-service\data\raw\CREMA-D\AudioWAV\1060_TSI_ANG_XX.wav,1060,TSI,ANG,angry,XX,train
1060_TSI_DIS_XX.wav,ai-service\data\raw\CREMA-D\AudioWAV\1060_TSI_DIS_XX.wav,1060,TSI,DIS,disgust,XX,train
1060_TSI_FEA_XX.wav,ai-service\data\raw\CREMA-D\AudioWAV\1060_TSI_FEA_XX.wav,1060,TSI,FEA,fear,XX,train
1060_TSI_HAP_XX.wav,ai-service\data\raw\CREMA-D\AudioWAV\1060_TSI_HAP_XX.wav,1060,TSI,HAP,happy,XX,train
1060_TSI_NEU_XX.wav,ai-service\data\raw\CREMA-D\AudioWAV\1060_TSI_NEU_XX.wav,1060,TSI,NEU,neutral,XX,train
1060_TSI_SAD_XX.wav,ai-service\data\raw\CREMA-D\AudioWAV\1060_TSI_SAD_XX.wav,1060,TSI,SAD,sad,XX,train
1060_WSI_ANG_XX.wav,ai-service\data\raw\CREMA-D\AudioWAV\1060_WSI_ANG_XX.wav,1060,WSI,ANG,angry,XX,train
1060_WSI_DIS_XX.wav,ai-service\data\raw\CREMA-D\AudioWAV\1060_WSI_DIS_XX.wav,1060,WSI,DIS,disgust,XX,train
1060_WSI_FEA_XX.wav,ai-service\data\raw\CREMA-D\AudioWAV\1060_WSI_FEA_XX.wav,1060,WSI,FEA,fear,XX,train
1060_WSI_HAP_XX.wav,ai-service\data\raw\CREMA-D\AudioWAV\1060_WSI_HAP_XX.wav,1060,WSI,HAP,happy,XX,train
1060_WSI_NEU_XX.wav,ai-service\data\raw\CREMA-D\AudioWAV\1060_WSI_NEU_XX.wav,1060,WSI,NEU,neutral,XX,train
1060_WSI_SAD_XX.wav,ai-service\data\raw\CREMA-D\AudioWAV\1060_WSI_SAD_XX.wav,1060,WSI,SAD,sad,XX,train
1061_DFA_ANG_XX.wav,ai-service\data\raw\CREMA-D\AudioWAV\1061_DFA_ANG_XX.wav,1061,DFA,ANG,angry,XX,train
1061_DFA_DIS_XX.wav,ai-service\data\raw\CREMA-D\AudioWAV\1061_DFA_DIS_XX.wav,1061,DFA,DIS,disgust,XX,train
1061_DFA_FEA_XX.wav,ai-service\data\raw\CREMA-D\AudioWAV\1061_DFA_FEA_XX.wav,1061,DFA,FEA,fear,XX,train
1061_DFA_HAP_XX.wav,ai-service\data\raw\CREMA-D\AudioWAV\1061_DFA_HAP_XX.wav,1061,DFA,HAP,happy,XX,train
1061_DFA_NEU_XX.wav,ai-service\data\raw\CREMA-D\AudioWAV\1061_DFA_NEU_XX.wav,1061,DFA,NEU,neutral,XX,train
1061_DFA_SAD_XX.wav,ai-service\data\raw\CREMA-D\AudioWAV\1061_DFA_SAD_XX.wav,1061,DFA,SAD,sad,XX,train
1061_IEO_ANG_HI.wav,ai-service\data\raw\CREMA-D\AudioWAV\1061_IEO_ANG_HI.wav,1061,IEO,ANG,angry,HI,train
1061_IEO_ANG_LO.wav,ai-service\data\raw\CREMA-D\AudioWAV\1061_IEO_ANG_LO.wav,1061,IEO,ANG,angry,LO,train
1061_IEO_ANG_MD.wav,ai-service\data\raw\CREMA-D\AudioWAV\1061_IEO_ANG_MD.wav,1061,IEO,ANG,angry,MD,train
1061_IEO_DIS_HI.wav,ai-service\data\raw\CREMA-D\AudioWAV\1061_IEO_DIS_HI.wav,1061,IEO,DIS,disgust,HI,train
1061_IEO_DIS_LO.wav,ai-service\data\raw\CREMA-D\AudioWAV\1061_IEO_DIS_LO.wav,1061,IEO,DIS,disgust,LO,train
1061_IEO_DIS_MD.wav,ai-service\data\raw\CREMA-D\AudioWAV\1061_IEO_DIS_MD.wav,1061,IEO,DIS,disgust,MD,train
1061_IEO_FEA_HI.wav,ai-service\data\raw\CREMA-D\AudioWAV\1061_IEO_FEA_HI.wav,1061,IEO,FEA,fear,HI,train
1061_IEO_FEA_LO.wav,ai-service\data\raw\CREMA-D\AudioWAV\1061_IEO_FEA_LO.wav,1061,IEO,FEA,fear,LO,train
1061_IEO_FEA_MD.wav,ai-service\data\raw\CREMA-D\AudioWAV\1061_IEO_FEA_MD.wav,1061,IEO,FEA,fear,MD,train
1061_IEO_HAP_HI.wav,ai-service\data\raw\CREMA-D\AudioWAV\1061_IEO_HAP_HI.wav,1061,IEO,HAP,happy,HI,train
1061_IEO_HAP_LO.wav,ai-service\data\raw\CREMA-D\AudioWAV\1061_IEO_HAP_LO.wav,1061,IEO,HAP,happy,LO,train
1061_IEO_HAP_MD.wav,ai-service\data\raw\CREMA-D\AudioWAV\1061_IEO_HAP_MD.wav,1061,IEO,HAP,happy,MD,train
1061_IEO_NEU_XX.wav,ai-service\data\raw\CREMA-D\AudioWAV\1061_IEO_NEU_XX.wav,1061,IEO,NEU,neutral,XX,train
1061_IEO_SAD_HI.wav,ai-service\data\raw\CREMA-D\AudioWAV\1061_IEO_SAD_HI.wav,1061,IEO,SAD,sad,HI,train
1061_IEO_SAD_LO.wav,ai-service\data\raw\CREMA-D\AudioWAV\1061_IEO_SAD_LO.wav,1061,IEO,SAD,sad,LO,train
1061_IEO_SAD_MD.wav,ai-service\data\raw\CREMA-D\AudioWAV\1061_IEO_SAD_MD.wav,1061,IEO,SAD,sad,MD,train
1061_IOM_ANG_XX.wav,ai-service\data\raw\CREMA-D\AudioWAV\1061_IOM_ANG_XX.wav,1061,IOM,ANG,angry,XX,train
1061_IOM_DIS_XX.wav,ai-service\data\raw\CREMA-D\AudioWAV\1061_IOM_DIS_XX.wav,1061,IOM,DIS,disgust,XX,train
1061_IOM_FEA_XX.wav,ai-service\data\raw\CREMA-D\AudioWAV\1061_IOM_FEA_XX.wav,1061,IOM,FEA,fear,XX,train
1061_IOM_HAP_XX.wav,ai-service\data\raw\CREMA-D\AudioWAV\1061_IOM_HAP_XX.wav,1061,IOM,HAP,happy,XX,train
1061_IOM_NEU_XX.wav,ai-service\data\raw\CREMA-D\AudioWAV\1061_IOM_NEU_XX.wav,1061,IOM,NEU,neutral,XX,train
1061_IOM_SAD_XX.wav,ai-service\data\raw\CREMA-D\AudioWAV\1061_IOM_SAD_XX.wav,1061,IOM,SAD,sad,XX,train
1061_ITH_ANG_XX.wav,ai-service\data\raw\CREMA-D\AudioWAV\1061_ITH_ANG_XX.wav,1061,ITH,ANG,angry,XX,train
1061_ITH_DIS_XX.wav,ai-service\data\raw\CREMA-D\AudioWAV\1061_ITH_DIS_XX.wav,1061,ITH,DIS,disgust,XX,train
1061_ITH_FEA_XX.wav,ai-service\data\raw\CREMA-D\AudioWAV\1061_ITH_FEA_XX.wav,1061,ITH,FEA,fear,XX,train
1061_ITH_HAP_XX.wav,ai-service\data\raw\CREMA-D\AudioWAV\1061_ITH_HAP_XX.wav,1061,ITH,HAP,happy,XX,train
1061_ITH_NEU_XX.wav,ai-service\data\raw\CREMA-D\AudioWAV\1061_ITH_NEU_XX.wav,1061,ITH,NEU,neutral,XX,train
1061_ITH_SAD_XX.wav,ai-service\data\raw\CREMA-D\AudioWAV\1061_ITH_SAD_XX.wav,1061,ITH,SAD,sad,XX,train
1061_ITS_ANG_XX.wav,ai-service\data\raw\CREMA-D\AudioWAV\1061_ITS_ANG_XX.wav,1061,ITS,ANG,angry,XX,train
1061_ITS_DIS_XX.wav,ai-service\data\raw\CREMA-D\AudioWAV\1061_ITS_DIS_XX.wav,1061,ITS,DIS,disgust,XX,train
1061_ITS_FEA_XX.wav,ai-service\data\raw\CREMA-D\AudioWAV\1061_ITS_FEA_XX.wav,1061,ITS,FEA,fear,XX,train
1061_ITS_HAP_XX.wav,ai-service\data\raw\CREMA-D\AudioWAV\1061_ITS_HAP_XX.wav,1061,ITS,HAP,happy,XX,train
1061_ITS_NEU_XX.wav,ai-service\data\raw\CREMA-D\AudioWAV\1061_ITS_NEU_XX.wav,1061,ITS,NEU,neutral,XX,train
1061_ITS_SAD_XX.wav,ai-service\data\raw\CREMA-D\AudioWAV\1061_ITS_SAD_XX.wav,1061,ITS,SAD,sad,XX,train
1061_IWL_ANG_XX.wav,ai-service\data\raw\CREMA-D\AudioWAV\1061_IWL_ANG_XX.wav,1061,IWL,ANG,angry,XX,train
1061_IWL_DIS_XX.wav,ai-service\data\raw\CREMA-D\AudioWAV\1061_IWL_DIS_XX.wav,1061,IWL,DIS,disgust,XX,train
1061_IWL_FEA_XX.wav,ai-service\data\raw\CREMA-D\AudioWAV\1061_IWL_FEA_XX.wav,1061,IWL,FEA,fear,XX,train
1061_IWL_HAP_XX.wav,ai-service\data\raw\CREMA-D\AudioWAV\1061_IWL_HAP_XX.wav,1061,IWL,HAP,happy,XX,train
1061_IWL_NEU_XX.wav,ai-service\data\raw\CREMA-D\AudioWAV\1061_IWL_NEU_XX.wav,1061,IWL,NEU,neutral,XX,train
1061_IWL_SAD_XX.wav,ai-service\data\raw\CREMA-D\AudioWAV\1061_IWL_SAD_XX.wav,1061,IWL,SAD,sad,XX,train
1061_IWW_ANG_XX.wav,ai-service\data\raw\CREMA-D\AudioWAV\1061_IWW_ANG_XX.wav,1061,IWW,ANG,angry,XX,train
1061_IWW_DIS_XX.wav,ai-service\data\raw\CREMA-D\AudioWAV\1061_IWW_DIS_XX.wav,1061,IWW,DIS,disgust,XX,train
1061_IWW_FEA_XX.wav,ai-service\data\raw\CREMA-D\AudioWAV\1061_IWW_FEA_XX.wav,1061,IWW,FEA,fear,XX,train
1061_IWW_HAP_XX.wav,ai-service\data\raw\CREMA-D\AudioWAV\1061_IWW_HAP_XX.wav,1061,IWW,HAP,happy,XX,train
1061_IWW_NEU_XX.wav,ai-service\data\raw\CREMA-D\AudioWAV\1061_IWW_NEU_XX.wav,1061,IWW,NEU,neutral,XX,train
1061_IWW_SAD_XX.wav,ai-service\data\raw\CREMA-D\AudioWAV\1061_IWW_SAD_XX.wav,1061,IWW,SAD,sad,XX,train
1061_MTI_ANG_XX.wav,ai-service\data\raw\CREMA-D\AudioWAV\1061_MTI_ANG_XX.wav,1061,MTI,ANG,angry,XX,train
1061_MTI_DIS_XX.wav,ai-service\data\raw\CREMA-D\AudioWAV\1061_MTI_DIS_XX.wav,1061,MTI,DIS,disgust,XX,train
1061_MTI_FEA_XX.wav,ai-service\data\raw\CREMA-D\AudioWAV\1061_MTI_FEA_XX.wav,1061,MTI,FEA,fear,XX,train
1061_MTI_HAP_XX.wav,ai-service\data\raw\CREMA-D\AudioWAV\1061_MTI_HAP_XX.wav,1061,MTI,HAP,happy,XX,train
1061_MTI_NEU_XX.wav,ai-service\data\raw\CREMA-D\AudioWAV\1061_MTI_NEU_XX.wav,1061,MTI,NEU,neutral,XX,train
1061_MTI_SAD_XX.wav,ai-service\data\raw\CREMA-D\AudioWAV\1061_MTI_SAD_XX.wav,1061,MTI,SAD,sad,XX,train
1061_TAI_ANG_XX.wav,ai-service\data\raw\CREMA-D\AudioWAV\1061_TAI_ANG_XX.wav,1061,TAI,ANG,angry,XX,train
1061_TAI_DIS_XX.wav,ai-service\data\raw\CREMA-D\AudioWAV\1061_TAI_DIS_XX.wav,1061,TAI,DIS,disgust,XX,train
1061_TAI_FEA_XX.wav,ai-service\data\raw\CREMA-D\AudioWAV\1061_TAI_FEA_XX.wav,1061,TAI,FEA,fear,XX,train
1061_TAI_HAP_XX.wav,ai-service\data\raw\CREMA-D\AudioWAV\1061_TAI_HAP_XX.wav,1061,TAI,HAP,happy,XX,train
1061_TAI_NEU_XX.wav,ai-service\data\raw\CREMA-D\AudioWAV\1061_TAI_NEU_XX.wav,1061,TAI,NEU,neutral,XX,train
1061_TAI_SAD_XX.wav,ai-service\data\raw\CREMA-D\AudioWAV\1061_TAI_SAD_XX.wav,1061,TAI,SAD,sad,XX,train
1061_TIE_ANG_XX.wav,ai-service\data\raw\CREMA-D\AudioWAV\1061_TIE_ANG_XX.wav,1061,TIE,ANG,angry,XX,train
1061_TIE_DIS_XX.wav,ai-service\data\raw\CREMA-D\AudioWAV\1061_TIE_DIS_XX.wav,1061,TIE,DIS,disgust,XX,train
1061_TIE_FEA_XX.wav,ai-service\data\raw\CREMA-D\AudioWAV\1061_TIE_FEA_XX.wav,1061,TIE,FEA,fear,XX,train
1061_TIE_HAP_XX.wav,ai-service\data\raw\CREMA-D\AudioWAV\1061_TIE_HAP_XX.wav,1061,TIE,HAP,happy,XX,train
1061_TIE_NEU_XX.wav,ai-service\data\raw\CREMA-D\AudioWAV\1061_TIE_NEU_XX.wav,1061,TIE,NEU,neutral,XX,train
1061_TIE_SAD_XX.wav,ai-service\data\raw\CREMA-D\AudioWAV\1061_TIE_SAD_XX.wav,1061,TIE,SAD,sad,XX,train
1061_TSI_ANG_XX.wav,ai-service\data\raw\CREMA-D\AudioWAV\1061_TSI_ANG_XX.wav,1061,TSI,ANG,angry,XX,train
1061_TSI_DIS_XX.wav,ai-service\data\raw\CREMA-D\AudioWAV\1061_TSI_DIS_XX.wav,1061,TSI,DIS,disgust,XX,train
1061_TSI_FEA_XX.wav,ai-service\data\raw\CREMA-D\AudioWAV\1061_TSI_FEA_XX.wav,1061,TSI,FEA,fear,XX,train
1061_TSI_HAP_XX.wav,ai-service\data\raw\CREMA-D\AudioWAV\1061_TSI_HAP_XX.wav,1061,TSI,HAP,happy,XX,train
1061_TSI_NEU_XX.wav,ai-service\data\raw\CREMA-D\AudioWAV\1061_TSI_NEU_XX.wav,1061,TSI,NEU,neutral,XX,train
1061_TSI_SAD_XX.wav,ai-service\data\raw\CREMA-D\AudioWAV\1061_TSI_SAD_XX.wav,1061,TSI,SAD,sad,XX,train
1061_WSI_ANG_XX.wav,ai-service\data\raw\CREMA-D\AudioWAV\1061_WSI_ANG_XX.wav,1061,WSI,ANG,angry,XX,train
1061_WSI_DIS_XX.wav,ai-service\data\raw\CREMA-D\AudioWAV\1061_WSI_DIS_XX.wav,1061,WSI,DIS,disgust,XX,train
1061_WSI_FEA_XX.wav,ai-service\data\raw\CREMA-D\AudioWAV\1061_WSI_FEA_XX.wav,1061,WSI,FEA,fear,XX,train
1061_WSI_HAP_XX.wav,ai-service\data\raw\CREMA-D\AudioWAV\1061_WSI_HAP_XX.wav,1061,WSI,HAP,happy,XX,train
1061_WSI_NEU_XX.wav,ai-service\data\raw\CREMA-D\AudioWAV\1061_WSI_NEU_XX.wav,1061,WSI,NEU,neutral,XX,train
1061_WSI_SAD_XX.wav,ai-service\data\raw\CREMA-D\AudioWAV\1061_WSI_SAD_XX.wav,1061,WSI,SAD,sad,XX,train
1062_DFA_ANG_XX.wav,ai-service\data\raw\CREMA-D\AudioWAV\1062_DFA_ANG_XX.wav,1062,DFA,ANG,angry,XX,train
1062_DFA_DIS_XX.wav,ai-service\data\raw\CREMA-D\AudioWAV\1062_DFA_DIS_XX.wav,1062,DFA,DIS,disgust,XX,train
1062_DFA_FEA_XX.wav,ai-service\data\raw\CREMA-D\AudioWAV\1062_DFA_FEA_XX.wav,1062,DFA,FEA,fear,XX,train
1062_DFA_HAP_XX.wav,ai-service\data\raw\CREMA-D\AudioWAV\1062_DFA_HAP_XX.wav,1062,DFA,HAP,happy,XX,train
1062_DFA_NEU_XX.wav,ai-service\data\raw\CREMA-D\AudioWAV\1062_DFA_NEU_XX.wav,1062,DFA,NEU,neutral,XX,train
1062_DFA_SAD_XX.wav,ai-service\data\raw\CREMA-D\AudioWAV\1062_DFA_SAD_XX.wav,1062,DFA,SAD,sad,XX,train
1062_IEO_ANG_HI.wav,ai-service\data\raw\CREMA-D\AudioWAV\1062_IEO_ANG_HI.wav,1062,IEO,ANG,angry,HI,train
1062_IEO_ANG_LO.wav,ai-service\data\raw\CREMA-D\AudioWAV\1062_IEO_ANG_LO.wav,1062,IEO,ANG,angry,LO,train
1062_IEO_ANG_MD.wav,ai-service\data\raw\CREMA-D\AudioWAV\1062_IEO_ANG_MD.wav,1062,IEO,ANG,angry,MD,train
1062_IEO_DIS_HI.wav,ai-service\data\raw\CREMA-D\AudioWAV\1062_IEO_DIS_HI.wav,1062,IEO,DIS,disgust,HI,train
1062_IEO_DIS_LO.wav,ai-service\data\raw\CREMA-D\AudioWAV\1062_IEO_DIS_LO.wav,1062,IEO,DIS,disgust,LO,train
1062_IEO_DIS_MD.wav,ai-service\data\raw\CREMA-D\AudioWAV\1062_IEO_DIS_MD.wav,1062,IEO,DIS,disgust,MD,train
1062_IEO_FEA_HI.wav,ai-service\data\raw\CREMA-D\AudioWAV\1062_IEO_FEA_HI.wav,1062,IEO,FEA,fear,HI,train
1062_IEO_FEA_LO.wav,ai-service\data\raw\CREMA-D\AudioWAV\1062_IEO_FEA_LO.wav,1062,IEO,FEA,fear,LO,train
1062_IEO_FEA_MD.wav,ai-service\data\raw\CREMA-D\AudioWAV\1062_IEO_FEA_MD.wav,1062,IEO,FEA,fear,MD,train
1062_IEO_HAP_HI.wav,ai-service\data\raw\CREMA-D\AudioWAV\1062_IEO_HAP_HI.wav,1062,IEO,HAP,happy,HI,train
1062_IEO_HAP_LO.wav,ai-service\data\raw\CREMA-D\AudioWAV\1062_IEO_HAP_LO.wav,1062,IEO,HAP,happy,LO,train
1062_IEO_HAP_MD.wav,ai-service\data\raw\CREMA-D\AudioWAV\1062_IEO_HAP_MD.wav,1062,IEO,HAP,happy,MD,train
1062_IEO_NEU_XX.wav,ai-service\data\raw\CREMA-D\AudioWAV\1062_IEO_NEU_XX.wav,1062,IEO,NEU,neutral,XX,train
1062_IEO_SAD_HI.wav,ai-service\data\raw\CREMA-D\AudioWAV\1062_IEO_SAD_HI.wav,1062,IEO,SAD,sad,HI,train
1062_IEO_SAD_LO.wav,ai-service\data\raw\CREMA-D\AudioWAV\1062_IEO_SAD_LO.wav,1062,IEO,SAD,sad,LO,train
1062_IEO_SAD_MD.wav,ai-service\data\raw\CREMA-D\AudioWAV\1062_IEO_SAD_MD.wav,1062,IEO,SAD,sad,MD,train
1062_IOM_ANG_XX.wav,ai-service\data\raw\CREMA-D\AudioWAV\1062_IOM_ANG_XX.wav,1062,IOM,ANG,angry,XX,train
1062_IOM_DIS_XX.wav,ai-service\data\raw\CREMA-D\AudioWAV\1062_IOM_DIS_XX.wav,1062,IOM,DIS,disgust,XX,train
1062_IOM_FEA_XX.wav,ai-service\data\raw\CREMA-D\AudioWAV\1062_IOM_FEA_XX.wav,1062,IOM,FEA,fear,XX,train
1062_IOM_HAP_XX.wav,ai-service\data\raw\CREMA-D\AudioWAV\1062_IOM_HAP_XX.wav,1062,IOM,HAP,happy,XX,train
1062_IOM_NEU_XX.wav,ai-service\data\raw\CREMA-D\AudioWAV\1062_IOM_NEU_XX.wav,1062,IOM,NEU,neutral,XX,train
1062_IOM_SAD_XX.wav,ai-service\data\raw\CREMA-D\AudioWAV\1062_IOM_SAD_XX.wav,1062,IOM,SAD,sad,XX,train
1062_ITH_ANG_XX.wav,ai-service\data\raw\CREMA-D\AudioWAV\1062_ITH_ANG_XX.wav,1062,ITH,ANG,angry,XX,train
1062_ITH_DIS_XX.wav,ai-service\data\raw\CREMA-D\AudioWAV\1062_ITH_DIS_XX.wav,1062,ITH,DIS,disgust,XX,train
1062_ITH_FEA_XX.wav,ai-service\data\raw\CREMA-D\AudioWAV\1062_ITH_FEA_XX.wav,1062,ITH,FEA,fear,XX,train
1062_ITH_HAP_XX.wav,ai-service\data\raw\CREMA-D\AudioWAV\1062_ITH_HAP_XX.wav,1062,ITH,HAP,happy,XX,train
1062_ITH_NEU_XX.wav,ai-service\data\raw\CREMA-D\AudioWAV\1062_ITH_NEU_XX.wav,1062,ITH,NEU,neutral,XX,train
1062_ITH_SAD_XX.wav,ai-service\data\raw\CREMA-D\AudioWAV\1062_ITH_SAD_XX.wav,1062,ITH,SAD,sad,XX,train
1062_ITS_ANG_XX.wav,ai-service\data\raw\CREMA-D\AudioWAV\1062_ITS_ANG_XX.wav,1062,ITS,ANG,angry,XX,train
1062_ITS_DIS_XX.wav,ai-service\data\raw\CREMA-D\AudioWAV\1062_ITS_DIS_XX.wav,1062,ITS,DIS,disgust,XX,train
1062_ITS_FEA_XX.wav,ai-service\data\raw\CREMA-D\AudioWAV\1062_ITS_FEA_XX.wav,1062,ITS,FEA,fear,XX,train
1062_ITS_HAP_XX.wav,ai-service\data\raw\CREMA-D\AudioWAV\1062_ITS_HAP_XX.wav,1062,ITS,HAP,happy,XX,train
1062_ITS_NEU_XX.wav,ai-service\data\raw\CREMA-D\AudioWAV\1062_ITS_NEU_XX.wav,1062,ITS,NEU,neutral,XX,train
1062_ITS_SAD_XX.wav,ai-service\data\raw\CREMA-D\AudioWAV\1062_ITS_SAD_XX.wav,1062,ITS,SAD,sad,XX,train
1062_IWL_ANG_XX.wav,ai-service\data\raw\CREMA-D\AudioWAV\1062_IWL_ANG_XX.wav,1062,IWL,ANG,angry,XX,train
1062_IWL_DIS_XX.wav,ai-service\data\raw\CREMA-D\AudioWAV\1062_IWL_DIS_XX.wav,1062,IWL,DIS,disgust,XX,train
1062_IWL_FEA_XX.wav,ai-service\data\raw\CREMA-D\AudioWAV\1062_IWL_FEA_XX.wav,1062,IWL,FEA,fear,XX,train
1062_IWL_HAP_XX.wav,ai-service\data\raw\CREMA-D\AudioWAV\1062_IWL_HAP_XX.wav,1062,IWL,HAP,happy,XX,train
1062_IWL_NEU_XX.wav,ai-service\data\raw\CREMA-D\AudioWAV\1062_IWL_NEU_XX.wav,1062,IWL,NEU,neutral,XX,train
1062_IWL_SAD_XX.wav,ai-service\data\raw\CREMA-D\AudioWAV\1062_IWL_SAD_XX.wav,1062,IWL,SAD,sad,XX,train
1062_IWW_ANG_XX.wav,ai-service\data\raw\CREMA-D\AudioWAV\1062_IWW_ANG_XX.wav,1062,IWW,ANG,angry,XX,train
1062_IWW_DIS_XX.wav,ai-service\data\raw\CREMA-D\AudioWAV\1062_IWW_DIS_XX.wav,1062,IWW,DIS,disgust,XX,train
1062_IWW_FEA_XX.wav,ai-service\data\raw\CREMA-D\AudioWAV\1062_IWW_FEA_XX.wav,1062,IWW,FEA,fear,XX,train
1062_IWW_HAP_XX.wav,ai-service\data\raw\CREMA-D\AudioWAV\1062_IWW_HAP_XX.wav,1062,IWW,HAP,happy,XX,train
1062_IWW_NEU_XX.wav,ai-service\data\raw\CREMA-D\AudioWAV\1062_IWW_NEU_XX.wav,1062,IWW,NEU,neutral,XX,train
1062_IWW_SAD_XX.wav,ai-service\data\raw\CREMA-D\AudioWAV\1062_IWW_SAD_XX.wav,1062,IWW,SAD,sad,XX,train
1062_MTI_ANG_XX.wav,ai-service\data\raw\CREMA-D\AudioWAV\1062_MTI_ANG_XX.wav,1062,MTI,ANG,angry,XX,train
1062_MTI_DIS_XX.wav,ai-service\data\raw\CREMA-D\AudioWAV\1062_MTI_DIS_XX.wav,1062,MTI,DIS,disgust,XX,train
1062_MTI_FEA_XX.wav,ai-service\data\raw\CREMA-D\AudioWAV\1062_MTI_FEA_XX.wav,1062,MTI,FEA,fear,XX,train
1062_MTI_HAP_XX.wav,ai-service\data\raw\CREMA-D\AudioWAV\1062_MTI_HAP_XX.wav,1062,MTI,HAP,happy,XX,train
1062_MTI_NEU_XX.wav,ai-service\data\raw\CREMA-D\AudioWAV\1062_MTI_NEU_XX.wav,1062,MTI,NEU,neutral,XX,train
1062_MTI_SAD_XX.wav,ai-service\data\raw\CREMA-D\AudioWAV\1062_MTI_SAD_XX.wav,1062,MTI,SAD,sad,XX,train
1062_TAI_ANG_XX.wav,ai-service\data\raw\CREMA-D\AudioWAV\1062_TAI_ANG_XX.wav,1062,TAI,ANG,angry,XX,train
1062_TAI_DIS_XX.wav,ai-service\data\raw\CREMA-D\AudioWAV\1062_TAI_DIS_XX.wav,1062,TAI,DIS,disgust,XX,train
1062_TAI_FEA_XX.wav,ai-service\data\raw\CREMA-D\AudioWAV\1062_TAI_FEA_XX.wav,1062,TAI,FEA,fear,XX,train
1062_TAI_HAP_XX.wav,ai-service\data\raw\CREMA-D\AudioWAV\1062_TAI_HAP_XX.wav,1062,TAI,HAP,happy,XX,train
1062_TAI_NEU_XX.wav,ai-service\data\raw\CREMA-D\AudioWAV\1062_TAI_NEU_XX.wav,1062,TAI,NEU,neutral,XX,train
1062_TAI_SAD_XX.wav,ai-service\data\raw\CREMA-D\AudioWAV\1062_TAI_SAD_XX.wav,1062,TAI,SAD,sad,XX,train
1062_TIE_ANG_XX.wav,ai-service\data\raw\CREMA-D\AudioWAV\1062_TIE_ANG_XX.wav,1062,TIE,ANG,angry,XX,train
1062_TIE_DIS_XX.wav,ai-service\data\raw\CREMA-D\AudioWAV\1062_TIE_DIS_XX.wav,1062,TIE,DIS,disgust,XX,train
1062_TIE_FEA_XX.wav,ai-service\data\raw\CREMA-D\AudioWAV\1062_TIE_FEA_XX.wav,1062,TIE,FEA,fear,XX,train
1062_TIE_HAP_XX.wav,ai-service\data\raw\CREMA-D\AudioWAV\1062_TIE_HAP_XX.wav,1062,TIE,HAP,happy,XX,train
1062_TIE_NEU_XX.wav,ai-service\data\raw\CREMA-D\AudioWAV\1062_TIE_NEU_XX.wav,1062,TIE,NEU,neutral,XX,train
1062_TIE_SAD_XX.wav,ai-service\data\raw\CREMA-D\AudioWAV\1062_TIE_SAD_XX.wav,1062,TIE,SAD,sad,XX,train
1062_TSI_ANG_XX.wav,ai-service\data\raw\CREMA-D\AudioWAV\1062_TSI_ANG_XX.wav,1062,TSI,ANG,angry,XX,train
1062_TSI_DIS_XX.wav,ai-service\data\raw\CREMA-D\AudioWAV\1062_TSI_DIS_XX.wav,1062,TSI,DIS,disgust,XX,train
1062_TSI_FEA_XX.wav,ai-service\data\raw\CREMA-D\AudioWAV\1062_TSI_FEA_XX.wav,1062,TSI,FEA,fear,XX,train
1062_TSI_HAP_XX.wav,ai-service\data\raw\CREMA-D\AudioWAV\1062_TSI_HAP_XX.wav,1062,TSI,HAP,happy,XX,train
1062_TSI_NEU_XX.wav,ai-service\data\raw\CREMA-D\AudioWAV\1062_TSI_NEU_XX.wav,1062,TSI,NEU,neutral,XX,train
1062_TSI_SAD_XX.wav,ai-service\data\raw\CREMA-D\AudioWAV\1062_TSI_SAD_XX.wav,1062,TSI,SAD,sad,XX,train
1062_WSI_ANG_XX.wav,ai-service\data\raw\CREMA-D\AudioWAV\1062_WSI_ANG_XX.wav,1062,WSI,ANG,angry,XX,train
1062_WSI_DIS_XX.wav,ai-service\data\raw\CREMA-D\AudioWAV\1062_WSI_DIS_XX.wav,1062,WSI,DIS,disgust,XX,train
1062_WSI_FEA_XX.wav,ai-service\data\raw\CREMA-D\AudioWAV\1062_WSI_FEA_XX.wav,1062,WSI,FEA,fear,XX,train
1062_WSI_HAP_XX.wav,ai-service\data\raw\CREMA-D\AudioWAV\1062_WSI_HAP_XX.wav,1062,WSI,HAP,happy,XX,train
1062_WSI_NEU_XX.wav,ai-service\data\raw\CREMA-D\AudioWAV\1062_WSI_NEU_XX.wav,1062,WSI,NEU,neutral,XX,train
1062_WSI_SAD_XX.wav,ai-service\data\raw\CREMA-D\AudioWAV\1062_WSI_SAD_XX.wav,1062,WSI,SAD,sad,XX,train
1063_DFA_ANG_XX.wav,ai-service\data\raw\CREMA-D\AudioWAV\1063_DFA_ANG_XX.wav,1063,DFA,ANG,angry,XX,train
1063_DFA_DIS_XX.wav,ai-service\data\raw\CREMA-D\AudioWAV\1063_DFA_DIS_XX.wav,1063,DFA,DIS,disgust,XX,train
1063_DFA_FEA_XX.wav,ai-service\data\raw\CREMA-D\AudioWAV\1063_DFA_FEA_XX.wav,1063,DFA,FEA,fear,XX,train
1063_DFA_HAP_XX.wav,ai-service\data\raw\CREMA-D\AudioWAV\1063_DFA_HAP_XX.wav,1063,DFA,HAP,happy,XX,train
1063_DFA_NEU_XX.wav,ai-service\data\raw\CREMA-D\AudioWAV\1063_DFA_NEU_XX.wav,1063,DFA,NEU,neutral,XX,train
1063_DFA_SAD_XX.wav,ai-service\data\raw\CREMA-D\AudioWAV\1063_DFA_SAD_XX.wav,1063,DFA,SAD,sad,XX,train
1063_IEO_ANG_HI.wav,ai-service\data\raw\CREMA-D\AudioWAV\1063_IEO_ANG_HI.wav,1063,IEO,ANG,angry,HI,train
1063_IEO_ANG_LO.wav,ai-service\data\raw\CREMA-D\AudioWAV\1063_IEO_ANG_LO.wav,1063,IEO,ANG,angry,LO,train
1063_IEO_ANG_MD.wav,ai-service\data\raw\CREMA-D\AudioWAV\1063_IEO_ANG_MD.wav,1063,IEO,ANG,angry,MD,train
1063_IEO_DIS_HI.wav,ai-service\data\raw\CREMA-D\AudioWAV\1063_IEO_DIS_HI.wav,1063,IEO,DIS,disgust,HI,train
1063_IEO_DIS_LO.wav,ai-service\data\raw\CREMA-D\AudioWAV\1063_IEO_DIS_LO.wav,1063,IEO,DIS,disgust,LO,train
1063_IEO_DIS_MD.wav,ai-service\data\raw\CREMA-D\AudioWAV\1063_IEO_DIS_MD.wav,1063,IEO,DIS,disgust,MD,train
1063_IEO_FEA_HI.wav,ai-service\data\raw\CREMA-D\AudioWAV\1063_IEO_FEA_HI.wav,1063,IEO,FEA,fear,HI,train
1063_IEO_FEA_LO.wav,ai-service\data\raw\CREMA-D\AudioWAV\1063_IEO_FEA_LO.wav,1063,IEO,FEA,fear,LO,train
1063_IEO_FEA_MD.wav,ai-service\data\raw\CREMA-D\AudioWAV\1063_IEO_FEA_MD.wav,1063,IEO,FEA,fear,MD,train
1063_IEO_HAP_HI.wav,ai-service\data\raw\CREMA-D\AudioWAV\1063_IEO_HAP_HI.wav,1063,IEO,HAP,happy,HI,train
1063_IEO_HAP_LO.wav,ai-service\data\raw\CREMA-D\AudioWAV\1063_IEO_HAP_LO.wav,1063,IEO,HAP,happy,LO,train
1063_IEO_HAP_MD.wav,ai-service\data\raw\CREMA-D\AudioWAV\1063_IEO_HAP_MD.wav,1063,IEO,HAP,happy,MD,train
1063_IEO_NEU_XX.wav,ai-service\data\raw\CREMA-D\AudioWAV\1063_IEO_NEU_XX.wav,1063,IEO,NEU,neutral,XX,train
1063_IEO_SAD_HI.wav,ai-service\data\raw\CREMA-D\AudioWAV\1063_IEO_SAD_HI.wav,1063,IEO,SAD,sad,HI,train
1063_IEO_SAD_LO.wav,ai-service\data\raw\CREMA-D\AudioWAV\1063_IEO_SAD_LO.wav,1063,IEO,SAD,sad,LO,train
1063_IEO_SAD_MD.wav,ai-service\data\raw\CREMA-D\AudioWAV\1063_IEO_SAD_MD.wav,1063,IEO,SAD,sad,MD,train
1063_IOM_ANG_XX.wav,ai-service\data\raw\CREMA-D\AudioWAV\1063_IOM_ANG_XX.wav,1063,IOM,ANG,angry,XX,train
1063_IOM_DIS_XX.wav,ai-service\data\raw\CREMA-D\AudioWAV\1063_IOM_DIS_XX.wav,1063,IOM,DIS,disgust,XX,train
1063_IOM_FEA_XX.wav,ai-service\data\raw\CREMA-D\AudioWAV\1063_IOM_FEA_XX.wav,1063,IOM,FEA,fear,XX,train
1063_IOM_HAP_XX.wav,ai-service\data\raw\CREMA-D\AudioWAV\1063_IOM_HAP_XX.wav,1063,IOM,HAP,happy,XX,train
1063_IOM_NEU_XX.wav,ai-service\data\raw\CREMA-D\AudioWAV\1063_IOM_NEU_XX.wav,1063,IOM,NEU,neutral,XX,train
1063_IOM_SAD_XX.wav,ai-service\data\raw\CREMA-D\AudioWAV\1063_IOM_SAD_XX.wav,1063,IOM,SAD,sad,XX,train
1063_ITH_ANG_XX.wav,ai-service\data\raw\CREMA-D\AudioWAV\1063_ITH_ANG_XX.wav,1063,ITH,ANG,angry,XX,train
1063_ITH_DIS_XX.wav,ai-service\data\raw\CREMA-D\AudioWAV\1063_ITH_DIS_XX.wav,1063,ITH,DIS,disgust,XX,train
1063_ITH_FEA_XX.wav,ai-service\data\raw\CREMA-D\AudioWAV\1063_ITH_FEA_XX.wav,1063,ITH,FEA,fear,XX,train
1063_ITH_HAP_XX.wav,ai-service\data\raw\CREMA-D\AudioWAV\1063_ITH_HAP_XX.wav,1063,ITH,HAP,happy,XX,train
1063_ITH_NEU_XX.wav,ai-service\data\raw\CREMA-D\AudioWAV\1063_ITH_NEU_XX.wav,1063,ITH,NEU,neutral,XX,train
1063_ITH_SAD_XX.wav,ai-service\data\raw\CREMA-D\AudioWAV\1063_ITH_SAD_XX.wav,1063,ITH,SAD,sad,XX,train
1063_ITS_ANG_XX.wav,ai-service\data\raw\CREMA-D\AudioWAV\1063_ITS_ANG_XX.wav,1063,ITS,ANG,angry,XX,train
1063_ITS_DIS_XX.wav,ai-service\data\raw\CREMA-D\AudioWAV\1063_ITS_DIS_XX.wav,1063,ITS,DIS,disgust,XX,train
1063_ITS_FEA_XX.wav,ai-service\data\raw\CREMA-D\AudioWAV\1063_ITS_FEA_XX.wav,1063,ITS,FEA,fear,XX,train
1063_ITS_HAP_XX.wav,ai-service\data\raw\CREMA-D\AudioWAV\1063_ITS_HAP_XX.wav,1063,ITS,HAP,happy,XX,train
1063_ITS_NEU_XX.wav,ai-service\data\raw\CREMA-D\AudioWAV\1063_ITS_NEU_XX.wav,1063,ITS,NEU,neutral,XX,train
1063_ITS_SAD_XX.wav,ai-service\data\raw\CREMA-D\AudioWAV\1063_ITS_SAD_XX.wav,1063,ITS,SAD,sad,XX,train
1063_IWL_ANG_XX.wav,ai-service\data\raw\CREMA-D\AudioWAV\1063_IWL_ANG_XX.wav,1063,IWL,ANG,angry,XX,train
1063_IWL_DIS_XX.wav,ai-service\data\raw\CREMA-D\AudioWAV\1063_IWL_DIS_XX.wav,1063,IWL,DIS,disgust,XX,train
1063_IWL_FEA_XX.wav,ai-service\data\raw\CREMA-D\AudioWAV\1063_IWL_FEA_XX.wav,1063,IWL,FEA,fear,XX,train
1063_IWL_HAP_XX.wav,ai-service\data\raw\CREMA-D\AudioWAV\1063_IWL_HAP_XX.wav,1063,IWL,HAP,happy,XX,train
1063_IWL_NEU_XX.wav,ai-service\data\raw\CREMA-D\AudioWAV\1063_IWL_NEU_XX.wav,1063,IWL,NEU,neutral,XX,train
1063_IWL_SAD_XX.wav,ai-service\data\raw\CREMA-D\AudioWAV\1063_IWL_SAD_XX.wav,1063,IWL,SAD,sad,XX,train
1063_IWW_ANG_XX.wav,ai-service\data\raw\CREMA-D\AudioWAV\1063_IWW_ANG_XX.wav,1063,IWW,ANG,angry,XX,train
1063_IWW_DIS_XX.wav,ai-service\data\raw\CREMA-D\AudioWAV\1063_IWW_DIS_XX.wav,1063,IWW,DIS,disgust,XX,train
1063_IWW_FEA_XX.wav,ai-service\data\raw\CREMA-D\AudioWAV\1063_IWW_FEA_XX.wav,1063,IWW,FEA,fear,XX,train
1063_IWW_HAP_XX.wav,ai-service\data\raw\CREMA-D\AudioWAV\1063_IWW_HAP_XX.wav,1063,IWW,HAP,happy,XX,train
1063_IWW_NEU_XX.wav,ai-service\data\raw\CREMA-D\AudioWAV\1063_IWW_NEU_XX.wav,1063,IWW,NEU,neutral,XX,train
1063_IWW_SAD_XX.wav,ai-service\data\raw\CREMA-D\AudioWAV\1063_IWW_SAD_XX.wav,1063,IWW,SAD,sad,XX,train
1063_MTI_ANG_XX.wav,ai-service\data\raw\CREMA-D\AudioWAV\1063_MTI_ANG_XX.wav,1063,MTI,ANG,angry,XX,train
1063_MTI_DIS_XX.wav,ai-service\data\raw\CREMA-D\AudioWAV\1063_MTI_DIS_XX.wav,1063,MTI,DIS,disgust,XX,train
1063_MTI_FEA_XX.wav,ai-service\data\raw\CREMA-D\AudioWAV\1063_MTI_FEA_XX.wav,1063,MTI,FEA,fear,XX,train
1063_MTI_HAP_XX.wav,ai-service\data\raw\CREMA-D\AudioWAV\1063_MTI_HAP_XX.wav,1063,MTI,HAP,happy,XX,train
1063_MTI_NEU_XX.wav,ai-service\data\raw\CREMA-D\AudioWAV\1063_MTI_NEU_XX.wav,1063,MTI,NEU,neutral,XX,train
1063_MTI_SAD_XX.wav,ai-service\data\raw\CREMA-D\AudioWAV\1063_MTI_SAD_XX.wav,1063,MTI,SAD,sad,XX,train
1063_TAI_ANG_XX.wav,ai-service\data\raw\CREMA-D\AudioWAV\1063_TAI_ANG_XX.wav,1063,TAI,ANG,angry,XX,train
1063_TAI_DIS_XX.wav,ai-service\data\raw\CREMA-D\AudioWAV\1063_TAI_DIS_XX.wav,1063,TAI,DIS,disgust,XX,train
1063_TAI_FEA_XX.wav,ai-service\data\raw\CREMA-D\AudioWAV\1063_TAI_FEA_XX.wav,1063,TAI,FEA,fear,XX,train
1063_TAI_HAP_XX.wav,ai-service\data\raw\CREMA-D\AudioWAV\1063_TAI_HAP_XX.wav,1063,TAI,HAP,happy,XX,train
1063_TAI_NEU_XX.wav,ai-service\data\raw\CREMA-D\AudioWAV\1063_TAI_NEU_XX.wav,1063,TAI,NEU,neutral,XX,train
1063_TAI_SAD_XX.wav,ai-service\data\raw\CREMA-D\AudioWAV\1063_TAI_SAD_XX.wav,1063,TAI,SAD,sad,XX,train
1063_TIE_ANG_XX.wav,ai-service\data\raw\CREMA-D\AudioWAV\1063_TIE_ANG_XX.wav,1063,TIE,ANG,angry,XX,train
1063_TIE_DIS_XX.wav,ai-service\data\raw\CREMA-D\AudioWAV\1063_TIE_DIS_XX.wav,1063,TIE,DIS,disgust,XX,train
1063_TIE_FEA_XX.wav,ai-service\data\raw\CREMA-D\AudioWAV\1063_TIE_FEA_XX.wav,1063,TIE,FEA,fear,XX,train
1063_TIE_HAP_XX.wav,ai-service\data\raw\CREMA-D\AudioWAV\1063_TIE_HAP_XX.wav,1063,TIE,HAP,happy,XX,train
1063_TIE_NEU_XX.wav,ai-service\data\raw\CREMA-D\AudioWAV\1063_TIE_NEU_XX.wav,1063,TIE,NEU,neutral,XX,train
1063_TIE_SAD_XX.wav,ai-service\data\raw\CREMA-D\AudioWAV\1063_TIE_SAD_XX.wav,1063,TIE,SAD,sad,XX,train
1063_TSI_ANG_XX.wav,ai-service\data\raw\CREMA-D\AudioWAV\1063_TSI_ANG_XX.wav,1063,TSI,ANG,angry,XX,train
1063_TSI_DIS_XX.wav,ai-service\data\raw\CREMA-D\AudioWAV\1063_TSI_DIS_XX.wav,1063,TSI,DIS,disgust,XX,train
1063_TSI_FEA_XX.wav,ai-service\data\raw\CREMA-D\AudioWAV\1063_TSI_FEA_XX.wav,1063,TSI,FEA,fear,XX,train
1063_TSI_HAP_XX.wav,ai-service\data\raw\CREMA-D\AudioWAV\1063_TSI_HAP_XX.wav,1063,TSI,HAP,happy,XX,train
1063_TSI_NEU_XX.wav,ai-service\data\raw\CREMA-D\AudioWAV\1063_TSI_NEU_XX.wav,1063,TSI,NEU,neutral,XX,train
1063_TSI_SAD_XX.wav,ai-service\data\raw\CREMA-D\AudioWAV\1063_TSI_SAD_XX.wav,1063,TSI,SAD,sad,XX,train
1063_WSI_ANG_XX.wav,ai-service\data\raw\CREMA-D\AudioWAV\1063_WSI_ANG_XX.wav,1063,WSI,ANG,angry,XX,train
1063_WSI_DIS_XX.wav,ai-service\data\raw\CREMA-D\AudioWAV\1063_WSI_DIS_XX.wav,1063,WSI,DIS,disgust,XX,train
1063_WSI_FEA_XX.wav,ai-service\data\raw\CREMA-D\AudioWAV\1063_WSI_FEA_XX.wav,1063,WSI,FEA,fear,XX,train
1063_WSI_HAP_XX.wav,ai-service\data\raw\CREMA-D\AudioWAV\1063_WSI_HAP_XX.wav,1063,WSI,HAP,happy,XX,train
1063_WSI_NEU_XX.wav,ai-service\data\raw\CREMA-D\AudioWAV\1063_WSI_NEU_XX.wav,1063,WSI,NEU,neutral,XX,train
1063_WSI_SAD_XX.wav,ai-service\data\raw\CREMA-D\AudioWAV\1063_WSI_SAD_XX.wav,1063,WSI,SAD,sad,XX,train
1064_DFA_ANG_XX.wav,ai-service\data\raw\CREMA-D\AudioWAV\1064_DFA_ANG_XX.wav,1064,DFA,ANG,angry,XX,train
1064_DFA_DIS_XX.wav,ai-service\data\raw\CREMA-D\AudioWAV\1064_DFA_DIS_XX.wav,1064,DFA,DIS,disgust,XX,train
1064_DFA_FEA_XX.wav,ai-service\data\raw\CREMA-D\AudioWAV\1064_DFA_FEA_XX.wav,1064,DFA,FEA,fear,XX,train
1064_DFA_HAP_XX.wav,ai-service\data\raw\CREMA-D\AudioWAV\1064_DFA_HAP_XX.wav,1064,DFA,HAP,happy,XX,train
1064_DFA_NEU_XX.wav,ai-service\data\raw\CREMA-D\AudioWAV\1064_DFA_NEU_XX.wav,1064,DFA,NEU,neutral,XX,train
1064_DFA_SAD_XX.wav,ai-service\data\raw\CREMA-D\AudioWAV\1064_DFA_SAD_XX.wav,1064,DFA,SAD,sad,XX,train
1064_IEO_ANG_HI.wav,ai-service\data\raw\CREMA-D\AudioWAV\1064_IEO_ANG_HI.wav,1064,IEO,ANG,angry,HI,train
1064_IEO_ANG_LO.wav,ai-service\data\raw\CREMA-D\AudioWAV\1064_IEO_ANG_LO.wav,1064,IEO,ANG,angry,LO,train
1064_IEO_ANG_MD.wav,ai-service\data\raw\CREMA-D\AudioWAV\1064_IEO_ANG_MD.wav,1064,IEO,ANG,angry,MD,train
1064_IEO_DIS_HI.wav,ai-service\data\raw\CREMA-D\AudioWAV\1064_IEO_DIS_HI.wav,1064,IEO,DIS,disgust,HI,train
1064_IEO_DIS_LO.wav,ai-service\data\raw\CREMA-D\AudioWAV\1064_IEO_DIS_LO.wav,1064,IEO,DIS,disgust,LO,train
1064_IEO_DIS_MD.wav,ai-service\data\raw\CREMA-D\AudioWAV\1064_IEO_DIS_MD.wav,1064,IEO,DIS,disgust,MD,train
1064_IEO_FEA_HI.wav,ai-service\data\raw\CREMA-D\AudioWAV\1064_IEO_FEA_HI.wav,1064,IEO,FEA,fear,HI,train
1064_IEO_FEA_LO.wav,ai-service\data\raw\CREMA-D\AudioWAV\1064_IEO_FEA_LO.wav,1064,IEO,FEA,fear,LO,train
1064_IEO_FEA_MD.wav,ai-service\data\raw\CREMA-D\AudioWAV\1064_IEO_FEA_MD.wav,1064,IEO,FEA,fear,MD,train
1064_IEO_HAP_HI.wav,ai-service\data\raw\CREMA-D\AudioWAV\1064_IEO_HAP_HI.wav,1064,IEO,HAP,happy,HI,train
1064_IEO_HAP_LO.wav,ai-service\data\raw\CREMA-D\AudioWAV\1064_IEO_HAP_LO.wav,1064,IEO,HAP,happy,LO,train
1064_IEO_HAP_MD.wav,ai-service\data\raw\CREMA-D\AudioWAV\1064_IEO_HAP_MD.wav,1064,IEO,HAP,happy,MD,train
1064_IEO_NEU_XX.wav,ai-service\data\raw\CREMA-D\AudioWAV\1064_IEO_NEU_XX.wav,1064,IEO,NEU,neutral,XX,train
1064_IEO_SAD_HI.wav,ai-service\data\raw\CREMA-D\AudioWAV\1064_IEO_SAD_HI.wav,1064,IEO,SAD,sad,HI,train
1064_IEO_SAD_LO.wav,ai-service\data\raw\CREMA-D\AudioWAV\1064_IEO_SAD_LO.wav,1064,IEO,SAD,sad,LO,train
1064_IEO_SAD_MD.wav,ai-service\data\raw\CREMA-D\AudioWAV\1064_IEO_SAD_MD.wav,1064,IEO,SAD,sad,MD,train
1064_IOM_ANG_XX.wav,ai-service\data\raw\CREMA-D\AudioWAV\1064_IOM_ANG_XX.wav,1064,IOM,ANG,angry,XX,train
1064_IOM_DIS_XX.wav,ai-service\data\raw\CREMA-D\AudioWAV\1064_IOM_DIS_XX.wav,1064,IOM,DIS,disgust,XX,train
1064_IOM_FEA_XX.wav,ai-service\data\raw\CREMA-D\AudioWAV\1064_IOM_FEA_XX.wav,1064,IOM,FEA,fear,XX,train
1064_IOM_HAP_XX.wav,ai-service\data\raw\CREMA-D\AudioWAV\1064_IOM_HAP_XX.wav,1064,IOM,HAP,happy,XX,train
1064_IOM_NEU_XX.wav,ai-service\data\raw\CREMA-D\AudioWAV\1064_IOM_NEU_XX.wav,1064,IOM,NEU,neutral,XX,train
1064_IOM_SAD_XX.wav,ai-service\data\raw\CREMA-D\AudioWAV\1064_IOM_SAD_XX.wav,1064,IOM,SAD,sad,XX,train
1064_ITH_ANG_XX.wav,ai-service\data\raw\CREMA-D\AudioWAV\1064_ITH_ANG_XX.wav,1064,ITH,ANG,angry,XX,train
1064_ITH_DIS_XX.wav,ai-service\data\raw\CREMA-D\AudioWAV\1064_ITH_DIS_XX.wav,1064,ITH,DIS,disgust,XX,train
1064_ITH_FEA_XX.wav,ai-service\data\raw\CREMA-D\AudioWAV\1064_ITH_FEA_XX.wav,1064,ITH,FEA,fear,XX,train
1064_ITH_HAP_XX.wav,ai-service\data\raw\CREMA-D\AudioWAV\1064_ITH_HAP_XX.wav,1064,ITH,HAP,happy,XX,train
1064_ITH_NEU_XX.wav,ai-service\data\raw\CREMA-D\AudioWAV\1064_ITH_NEU_XX.wav,1064,ITH,NEU,neutral,XX,train
1064_ITH_SAD_XX.wav,ai-service\data\raw\CREMA-D\AudioWAV\1064_ITH_SAD_XX.wav,1064,ITH,SAD,sad,XX,train
1064_ITS_ANG_XX.wav,ai-service\data\raw\CREMA-D\AudioWAV\1064_ITS_ANG_XX.wav,1064,ITS,ANG,angry,XX,train
1064_ITS_DIS_XX.wav,ai-service\data\raw\CREMA-D\AudioWAV\1064_ITS_DIS_XX.wav,1064,ITS,DIS,disgust,XX,train
1064_ITS_FEA_XX.wav,ai-service\data\raw\CREMA-D\AudioWAV\1064_ITS_FEA_XX.wav,1064,ITS,FEA,fear,XX,train
1064_ITS_HAP_XX.wav,ai-service\data\raw\CREMA-D\AudioWAV\1064_ITS_HAP_XX.wav,1064,ITS,HAP,happy,XX,train
1064_ITS_NEU_XX.wav,ai-service\data\raw\CREMA-D\AudioWAV\1064_ITS_NEU_XX.wav,1064,ITS,NEU,neutral,XX,train
1064_ITS_SAD_XX.wav,ai-service\data\raw\CREMA-D\AudioWAV\1064_ITS_SAD_XX.wav,1064,ITS,SAD,sad,XX,train
1064_IWL_ANG_XX.wav,ai-service\data\raw\CREMA-D\AudioWAV\1064_IWL_ANG_XX.wav,1064,IWL,ANG,angry,XX,train
1064_IWL_DIS_XX.wav,ai-service\data\raw\CREMA-D\AudioWAV\1064_IWL_DIS_XX.wav,1064,IWL,DIS,disgust,XX,train
1064_IWL_FEA_XX.wav,ai-service\data\raw\CREMA-D\AudioWAV\1064_IWL_FEA_XX.wav,1064,IWL,FEA,fear,XX,train
1064_IWL_HAP_XX.wav,ai-service\data\raw\CREMA-D\AudioWAV\1064_IWL_HAP_XX.wav,1064,IWL,HAP,happy,XX,train
1064_IWL_NEU_XX.wav,ai-service\data\raw\CREMA-D\AudioWAV\1064_IWL_NEU_XX.wav,1064,IWL,NEU,neutral,XX,train
1064_IWL_SAD_XX.wav,ai-service\data\raw\CREMA-D\AudioWAV\1064_IWL_SAD_XX.wav,1064,IWL,SAD,sad,XX,train
1064_IWW_ANG_XX.wav,ai-service\data\raw\CREMA-D\AudioWAV\1064_IWW_ANG_XX.wav,1064,IWW,ANG,angry,XX,train
1064_IWW_DIS_XX.wav,ai-service\data\raw\CREMA-D\AudioWAV\1064_IWW_DIS_XX.wav,1064,IWW,DIS,disgust,XX,train
1064_IWW_FEA_XX.wav,ai-service\data\raw\CREMA-D\AudioWAV\1064_IWW_FEA_XX.wav,1064,IWW,FEA,fear,XX,train
1064_IWW_HAP_XX.wav,ai-service\data\raw\CREMA-D\AudioWAV\1064_IWW_HAP_XX.wav,1064,IWW,HAP,happy,XX,train
1064_IWW_NEU_XX.wav,ai-service\data\raw\CREMA-D\AudioWAV\1064_IWW_NEU_XX.wav,1064,IWW,NEU,neutral,XX,train
1064_IWW_SAD_XX.wav,ai-service\data\raw\CREMA-D\AudioWAV\1064_IWW_SAD_XX.wav,1064,IWW,SAD,sad,XX,train
1064_MTI_ANG_XX.wav,ai-service\data\raw\CREMA-D\AudioWAV\1064_MTI_ANG_XX.wav,1064,MTI,ANG,angry,XX,train
1064_MTI_DIS_XX.wav,ai-service\data\raw\CREMA-D\AudioWAV\1064_MTI_DIS_XX.wav,1064,MTI,DIS,disgust,XX,train
1064_MTI_FEA_XX.wav,ai-service\data\raw\CREMA-D\AudioWAV\1064_MTI_FEA_XX.wav,1064,MTI,FEA,fear,XX,train
1064_MTI_HAP_XX.wav,ai-service\data\raw\CREMA-D\AudioWAV\1064_MTI_HAP_XX.wav,1064,MTI,HAP,happy,XX,train
1064_MTI_NEU_XX.wav,ai-service\data\raw\CREMA-D\AudioWAV\1064_MTI_NEU_XX.wav,1064,MTI,NEU,neutral,XX,train
1064_MTI_SAD_XX.wav,ai-service\data\raw\CREMA-D\AudioWAV\1064_MTI_SAD_XX.wav,1064,MTI,SAD,sad,XX,train
1064_TAI_ANG_XX.wav,ai-service\data\raw\CREMA-D\AudioWAV\1064_TAI_ANG_XX.wav,1064,TAI,ANG,angry,XX,train
1064_TAI_DIS_XX.wav,ai-service\data\raw\CREMA-D\AudioWAV\1064_TAI_DIS_XX.wav,1064,TAI,DIS,disgust,XX,train
1064_TAI_FEA_XX.wav,ai-service\data\raw\CREMA-D\AudioWAV\1064_TAI_FEA_XX.wav,1064,TAI,FEA,fear,XX,train
1064_TAI_HAP_XX.wav,ai-service\data\raw\CREMA-D\AudioWAV\1064_TAI_HAP_XX.wav,1064,TAI,HAP,happy,XX,train
1064_TAI_NEU_XX.wav,ai-service\data\raw\CREMA-D\AudioWAV\1064_TAI_NEU_XX.wav,1064,TAI,NEU,neutral,XX,train
1064_TAI_SAD_XX.wav,ai-service\data\raw\CREMA-D\AudioWAV\1064_TAI_SAD_XX.wav,1064,TAI,SAD,sad,XX,train
1064_TIE_ANG_XX.wav,ai-service\data\raw\CREMA-D\AudioWAV\1064_TIE_ANG_XX.wav,1064,TIE,ANG,angry,XX,train
1064_TIE_DIS_XX.wav,ai-service\data\raw\CREMA-D\AudioWAV\1064_TIE_DIS_XX.wav,1064,TIE,DIS,disgust,XX,train
1064_TIE_FEA_XX.wav,ai-service\data\raw\CREMA-D\AudioWAV\1064_TIE_FEA_XX.wav,1064,TIE,FEA,fear,XX,train
1064_TIE_HAP_XX.wav,ai-service\data\raw\CREMA-D\AudioWAV\1064_TIE_HAP_XX.wav,1064,TIE,HAP,happy,XX,train
1064_TIE_NEU_XX.wav,ai-service\data\raw\CREMA-D\AudioWAV\1064_TIE_NEU_XX.wav,1064,TIE,NEU,neutral,XX,train
1064_TIE_SAD_XX.wav,ai-service\data\raw\CREMA-D\AudioWAV\1064_TIE_SAD_XX.wav,1064,TIE,SAD,sad,XX,train
1064_TSI_ANG_XX.wav,ai-service\data\raw\CREMA-D\AudioWAV\1064_TSI_ANG_XX.wav,1064,TSI,ANG,angry,XX,train
1064_TSI_DIS_XX.wav,ai-service\data\raw\CREMA-D\AudioWAV\1064_TSI_DIS_XX.wav,1064,TSI,DIS,disgust,XX,train
1064_TSI_FEA_XX.wav,ai-service\data\raw\CREMA-D\AudioWAV\1064_TSI_FEA_XX.wav,1064,TSI,FEA,fear,XX,train
1064_TSI_HAP_XX.wav,ai-service\data\raw\CREMA-D\AudioWAV\1064_TSI_HAP_XX.wav,1064,TSI,HAP,happy,XX,train
1064_TSI_NEU_XX.wav,ai-service\data\raw\CREMA-D\AudioWAV\1064_TSI_NEU_XX.wav,1064,TSI,NEU,neutral,XX,train
1064_TSI_SAD_XX.wav,ai-service\data\raw\CREMA-D\AudioWAV\1064_TSI_SAD_XX.wav,1064,TSI,SAD,sad,XX,train
1064_WSI_ANG_XX.wav,ai-service\data\raw\CREMA-D\AudioWAV\1064_WSI_ANG_XX.wav,1064,WSI,ANG,angry,XX,train
1064_WSI_DIS_XX.wav,ai-service\data\raw\CREMA-D\AudioWAV\1064_WSI_DIS_XX.wav,1064,WSI,DIS,disgust,XX,train
1064_WSI_FEA_XX.wav,ai-service\data\raw\CREMA-D\AudioWAV\1064_WSI_FEA_XX.wav,1064,WSI,FEA,fear,XX,train
1064_WSI_HAP_XX.wav,ai-service\data\raw\CREMA-D\AudioWAV\1064_WSI_HAP_XX.wav,1064,WSI,HAP,happy,XX,train
1064_WSI_NEU_XX.wav,ai-service\data\raw\CREMA-D\AudioWAV\1064_WSI_NEU_XX.wav,1064,WSI,NEU,neutral,XX,train
1064_WSI_SAD_XX.wav,ai-service\data\raw\CREMA-D\AudioWAV\1064_WSI_SAD_XX.wav,1064,WSI,SAD,sad,XX,train
1066_DFA_ANG_XX.wav,ai-service\data\raw\CREMA-D\AudioWAV\1066_DFA_ANG_XX.wav,1066,DFA,ANG,angry,XX,train
1066_DFA_DIS_XX.wav,ai-service\data\raw\CREMA-D\AudioWAV\1066_DFA_DIS_XX.wav,1066,DFA,DIS,disgust,XX,train
1066_DFA_FEA_XX.wav,ai-service\data\raw\CREMA-D\AudioWAV\1066_DFA_FEA_XX.wav,1066,DFA,FEA,fear,XX,train
1066_DFA_HAP_XX.wav,ai-service\data\raw\CREMA-D\AudioWAV\1066_DFA_HAP_XX.wav,1066,DFA,HAP,happy,XX,train
1066_DFA_NEU_XX.wav,ai-service\data\raw\CREMA-D\AudioWAV\1066_DFA_NEU_XX.wav,1066,DFA,NEU,neutral,XX,train
1066_DFA_SAD_XX.wav,ai-service\data\raw\CREMA-D\AudioWAV\1066_DFA_SAD_XX.wav,1066,DFA,SAD,sad,XX,train
1066_IEO_ANG_HI.wav,ai-service\data\raw\CREMA-D\AudioWAV\1066_IEO_ANG_HI.wav,1066,IEO,ANG,angry,HI,train
1066_IEO_ANG_LO.wav,ai-service\data\raw\CREMA-D\AudioWAV\1066_IEO_ANG_LO.wav,1066,IEO,ANG,angry,LO,train
1066_IEO_ANG_MD.wav,ai-service\data\raw\CREMA-D\AudioWAV\1066_IEO_ANG_MD.wav,1066,IEO,ANG,angry,MD,train
1066_IEO_DIS_HI.wav,ai-service\data\raw\CREMA-D\AudioWAV\1066_IEO_DIS_HI.wav,1066,IEO,DIS,disgust,HI,train
1066_IEO_DIS_LO.wav,ai-service\data\raw\CREMA-D\AudioWAV\1066_IEO_DIS_LO.wav,1066,IEO,DIS,disgust,LO,train
1066_IEO_DIS_MD.wav,ai-service\data\raw\CREMA-D\AudioWAV\1066_IEO_DIS_MD.wav,1066,IEO,DIS,disgust,MD,train
1066_IEO_FEA_HI.wav,ai-service\data\raw\CREMA-D\AudioWAV\1066_IEO_FEA_HI.wav,1066,IEO,FEA,fear,HI,train
1066_IEO_FEA_LO.wav,ai-service\data\raw\CREMA-D\AudioWAV\1066_IEO_FEA_LO.wav,1066,IEO,FEA,fear,LO,train
1066_IEO_FEA_MD.wav,ai-service\data\raw\CREMA-D\AudioWAV\1066_IEO_FEA_MD.wav,1066,IEO,FEA,fear,MD,train
1066_IEO_HAP_HI.wav,ai-service\data\raw\CREMA-D\AudioWAV\1066_IEO_HAP_HI.wav,1066,IEO,HAP,happy,HI,train
1066_IEO_HAP_LO.wav,ai-service\data\raw\CREMA-D\AudioWAV\1066_IEO_HAP_LO.wav,1066,IEO,HAP,happy,LO,train
1066_IEO_HAP_MD.wav,ai-service\data\raw\CREMA-D\AudioWAV\1066_IEO_HAP_MD.wav,1066,IEO,HAP,happy,MD,train
1066_IEO_NEU_XX.wav,ai-service\data\raw\CREMA-D\AudioWAV\1066_IEO_NEU_XX.wav,1066,IEO,NEU,neutral,XX,train
1066_IEO_SAD_HI.wav,ai-service\data\raw\CREMA-D\AudioWAV\1066_IEO_SAD_HI.wav,1066,IEO,SAD,sad,HI,train
1066_IEO_SAD_LO.wav,ai-service\data\raw\CREMA-D\AudioWAV\1066_IEO_SAD_LO.wav,1066,IEO,SAD,sad,LO,train
1066_IEO_SAD_MD.wav,ai-service\data\raw\CREMA-D\AudioWAV\1066_IEO_SAD_MD.wav,1066,IEO,SAD,sad,MD,train
1066_IOM_ANG_XX.wav,ai-service\data\raw\CREMA-D\AudioWAV\1066_IOM_ANG_XX.wav,1066,IOM,ANG,angry,XX,train
1066_IOM_DIS_XX.wav,ai-service\data\raw\CREMA-D\AudioWAV\1066_IOM_DIS_XX.wav,1066,IOM,DIS,disgust,XX,train
1066_IOM_FEA_XX.wav,ai-service\data\raw\CREMA-D\AudioWAV\1066_IOM_FEA_XX.wav,1066,IOM,FEA,fear,XX,train
1066_IOM_HAP_XX.wav,ai-service\data\raw\CREMA-D\AudioWAV\1066_IOM_HAP_XX.wav,1066,IOM,HAP,happy,XX,train
1066_IOM_NEU_XX.wav,ai-service\data\raw\CREMA-D\AudioWAV\1066_IOM_NEU_XX.wav,1066,IOM,NEU,neutral,XX,train
1066_IOM_SAD_XX.wav,ai-service\data\raw\CREMA-D\AudioWAV\1066_IOM_SAD_XX.wav,1066,IOM,SAD,sad,XX,train
1066_ITH_ANG_XX.wav,ai-service\data\raw\CREMA-D\AudioWAV\1066_ITH_ANG_XX.wav,1066,ITH,ANG,angry,XX,train
1066_ITH_DIS_XX.wav,ai-service\data\raw\CREMA-D\AudioWAV\1066_ITH_DIS_XX.wav,1066,ITH,DIS,disgust,XX,train
1066_ITH_FEA_XX.wav,ai-service\data\raw\CREMA-D\AudioWAV\1066_ITH_FEA_XX.wav,1066,ITH,FEA,fear,XX,train
1066_ITH_HAP_XX.wav,ai-service\data\raw\CREMA-D\AudioWAV\1066_ITH_HAP_XX.wav,1066,ITH,HAP,happy,XX,train
1066_ITH_NEU_XX.wav,ai-service\data\raw\CREMA-D\AudioWAV\1066_ITH_NEU_XX.wav,1066,ITH,NEU,neutral,XX,train
1066_ITH_SAD_XX.wav,ai-service\data\raw\CREMA-D\AudioWAV\1066_ITH_SAD_XX.wav,1066,ITH,SAD,sad,XX,train
1066_ITS_ANG_XX.wav,ai-service\data\raw\CREMA-D\AudioWAV\1066_ITS_ANG_XX.wav,1066,ITS,ANG,angry,XX,train
1066_ITS_DIS_XX.wav,ai-service\data\raw\CREMA-D\AudioWAV\1066_ITS_DIS_XX.wav,1066,ITS,DIS,disgust,XX,train
1066_ITS_FEA_XX.wav,ai-service\data\raw\CREMA-D\AudioWAV\1066_ITS_FEA_XX.wav,1066,ITS,FEA,fear,XX,train
1066_ITS_HAP_XX.wav,ai-service\data\raw\CREMA-D\AudioWAV\1066_ITS_HAP_XX.wav,1066,ITS,HAP,happy,XX,train
1066_ITS_NEU_XX.wav,ai-service\data\raw\CREMA-D\AudioWAV\1066_ITS_NEU_XX.wav,1066,ITS,NEU,neutral,XX,train
1066_ITS_SAD_XX.wav,ai-service\data\raw\CREMA-D\AudioWAV\1066_ITS_SAD_XX.wav,1066,ITS,SAD,sad,XX,train
1066_IWL_ANG_XX.wav,ai-service\data\raw\CREMA-D\AudioWAV\1066_IWL_ANG_XX.wav,1066,IWL,ANG,angry,XX,train
1066_IWL_DIS_XX.wav,ai-service\data\raw\CREMA-D\AudioWAV\1066_IWL_DIS_XX.wav,1066,IWL,DIS,disgust,XX,train
1066_IWL_FEA_XX.wav,ai-service\data\raw\CREMA-D\AudioWAV\1066_IWL_FEA_XX.wav,1066,IWL,FEA,fear,XX,train
1066_IWL_HAP_XX.wav,ai-service\data\raw\CREMA-D\AudioWAV\1066_IWL_HAP_XX.wav,1066,IWL,HAP,happy,XX,train
1066_IWL_NEU_XX.wav,ai-service\data\raw\CREMA-D\AudioWAV\1066_IWL_NEU_XX.wav,1066,IWL,NEU,neutral,XX,train
1066_IWL_SAD_XX.wav,ai-service\data\raw\CREMA-D\AudioWAV\1066_IWL_SAD_XX.wav,1066,IWL,SAD,sad,XX,train
1066_IWW_ANG_XX.wav,ai-service\data\raw\CREMA-D\AudioWAV\1066_IWW_ANG_XX.wav,1066,IWW,ANG,angry,XX,train
1066_IWW_DIS_XX.wav,ai-service\data\raw\CREMA-D\AudioWAV\1066_IWW_DIS_XX.wav,1066,IWW,DIS,disgust,XX,train
1066_IWW_FEA_XX.wav,ai-service\data\raw\CREMA-D\AudioWAV\1066_IWW_FEA_XX.wav,1066,IWW,FEA,fear,XX,train
1066_IWW_HAP_XX.wav,ai-service\data\raw\CREMA-D\AudioWAV\1066_IWW_HAP_XX.wav,1066,IWW,HAP,happy,XX,train
1066_IWW_NEU_XX.wav,ai-service\data\raw\CREMA-D\AudioWAV\1066_IWW_NEU_XX.wav,1066,IWW,NEU,neutral,XX,train
1066_IWW_SAD_XX.wav,ai-service\data\raw\CREMA-D\AudioWAV\1066_IWW_SAD_XX.wav,1066,IWW,SAD,sad,XX,train
1066_MTI_ANG_XX.wav,ai-service\data\raw\CREMA-D\AudioWAV\1066_MTI_ANG_XX.wav,1066,MTI,ANG,angry,XX,train
1066_MTI_DIS_XX.wav,ai-service\data\raw\CREMA-D\AudioWAV\1066_MTI_DIS_XX.wav,1066,MTI,DIS,disgust,XX,train
1066_MTI_FEA_XX.wav,ai-service\data\raw\CREMA-D\AudioWAV\1066_MTI_FEA_XX.wav,1066,MTI,FEA,fear,XX,train
1066_MTI_HAP_XX.wav,ai-service\data\raw\CREMA-D\AudioWAV\1066_MTI_HAP_XX.wav,1066,MTI,HAP,happy,XX,train
1066_MTI_NEU_XX.wav,ai-service\data\raw\CREMA-D\AudioWAV\1066_MTI_NEU_XX.wav,1066,MTI,NEU,neutral,XX,train
1066_MTI_SAD_XX.wav,ai-service\data\raw\CREMA-D\AudioWAV\1066_MTI_SAD_XX.wav,1066,MTI,SAD,sad,XX,train
1066_TAI_ANG_XX.wav,ai-service\data\raw\CREMA-D\AudioWAV\1066_TAI_ANG_XX.wav,1066,TAI,ANG,angry,XX,train
1066_TAI_DIS_XX.wav,ai-service\data\raw\CREMA-D\AudioWAV\1066_TAI_DIS_XX.wav,1066,TAI,DIS,disgust,XX,train
1066_TAI_FEA_XX.wav,ai-service\data\raw\CREMA-D\AudioWAV\1066_TAI_FEA_XX.wav,1066,TAI,FEA,fear,XX,train
1066_TAI_HAP_XX.wav,ai-service\data\raw\CREMA-D\AudioWAV\1066_TAI_HAP_XX.wav,1066,TAI,HAP,happy,XX,train
1066_TAI_NEU_XX.wav,ai-service\data\raw\CREMA-D\AudioWAV\1066_TAI_NEU_XX.wav,1066,TAI,NEU,neutral,XX,train
1066_TAI_SAD_XX.wav,ai-service\data\raw\CREMA-D\AudioWAV\1066_TAI_SAD_XX.wav,1066,TAI,SAD,sad,XX,train
1066_TIE_ANG_XX.wav,ai-service\data\raw\CREMA-D\AudioWAV\1066_TIE_ANG_XX.wav,1066,TIE,ANG,angry,XX,train
1066_TIE_DIS_XX.wav,ai-service\data\raw\CREMA-D\AudioWAV\1066_TIE_DIS_XX.wav,1066,TIE,DIS,disgust,XX,train
1066_TIE_FEA_XX.wav,ai-service\data\raw\CREMA-D\AudioWAV\1066_TIE_FEA_XX.wav,1066,TIE,FEA,fear,XX,train
1066_TIE_HAP_XX.wav,ai-service\data\raw\CREMA-D\AudioWAV\1066_TIE_HAP_XX.wav,1066,TIE,HAP,happy,XX,train
1066_TIE_NEU_XX.wav,ai-service\data\raw\CREMA-D\AudioWAV\1066_TIE_NEU_XX.wav,1066,TIE,NEU,neutral,XX,train
1066_TIE_SAD_XX.wav,ai-service\data\raw\CREMA-D\AudioWAV\1066_TIE_SAD_XX.wav,1066,TIE,SAD,sad,XX,train
1066_TSI_ANG_XX.wav,ai-service\data\raw\CREMA-D\AudioWAV\1066_TSI_ANG_XX.wav,1066,TSI,ANG,angry,XX,train
1066_TSI_DIS_XX.wav,ai-service\data\raw\CREMA-D\AudioWAV\1066_TSI_DIS_XX.wav,1066,TSI,DIS,disgust,XX,train
1066_TSI_FEA_XX.wav,ai-service\data\raw\CREMA-D\AudioWAV\1066_TSI_FEA_XX.wav,1066,TSI,FEA,fear,XX,train
1066_TSI_HAP_XX.wav,ai-service\data\raw\CREMA-D\AudioWAV\1066_TSI_HAP_XX.wav,1066,TSI,HAP,happy,XX,train
1066_TSI_NEU_XX.wav,ai-service\data\raw\CREMA-D\AudioWAV\1066_TSI_NEU_XX.wav,1066,TSI,NEU,neutral,XX,train
1066_TSI_SAD_XX.wav,ai-service\data\raw\CREMA-D\AudioWAV\1066_TSI_SAD_XX.wav,1066,TSI,SAD,sad,XX,train
1066_WSI_ANG_XX.wav,ai-service\data\raw\CREMA-D\AudioWAV\1066_WSI_ANG_XX.wav,1066,WSI,ANG,angry,XX,train
1066_WSI_DIS_XX.wav,ai-service\data\raw\CREMA-D\AudioWAV\1066_WSI_DIS_XX.wav,1066,WSI,DIS,disgust,XX,train
1066_WSI_FEA_XX.wav,ai-service\data\raw\CREMA-D\AudioWAV\1066_WSI_FEA_XX.wav,1066,WSI,FEA,fear,XX,train
1066_WSI_HAP_XX.wav,ai-service\data\raw\CREMA-D\AudioWAV\1066_WSI_HAP_XX.wav,1066,WSI,HAP,happy,XX,train
1066_WSI_NEU_XX.wav,ai-service\data\raw\CREMA-D\AudioWAV\1066_WSI_NEU_XX.wav,1066,WSI,NEU,neutral,XX,train
1066_WSI_SAD_XX.wav,ai-service\data\raw\CREMA-D\AudioWAV\1066_WSI_SAD_XX.wav,1066,WSI,SAD,sad,XX,train
1067_DFA_ANG_XX.wav,ai-service\data\raw\CREMA-D\AudioWAV\1067_DFA_ANG_XX.wav,1067,DFA,ANG,angry,XX,train
1067_DFA_DIS_XX.wav,ai-service\data\raw\CREMA-D\AudioWAV\1067_DFA_DIS_XX.wav,1067,DFA,DIS,disgust,XX,train
1067_DFA_FEA_XX.wav,ai-service\data\raw\CREMA-D\AudioWAV\1067_DFA_FEA_XX.wav,1067,DFA,FEA,fear,XX,train
1067_DFA_HAP_XX.wav,ai-service\data\raw\CREMA-D\AudioWAV\1067_DFA_HAP_XX.wav,1067,DFA,HAP,happy,XX,train
1067_DFA_NEU_XX.wav,ai-service\data\raw\CREMA-D\AudioWAV\1067_DFA_NEU_XX.wav,1067,DFA,NEU,neutral,XX,train
1067_DFA_SAD_XX.wav,ai-service\data\raw\CREMA-D\AudioWAV\1067_DFA_SAD_XX.wav,1067,DFA,SAD,sad,XX,train
1067_IEO_ANG_HI.wav,ai-service\data\raw\CREMA-D\AudioWAV\1067_IEO_ANG_HI.wav,1067,IEO,ANG,angry,HI,train
1067_IEO_ANG_LO.wav,ai-service\data\raw\CREMA-D\AudioWAV\1067_IEO_ANG_LO.wav,1067,IEO,ANG,angry,LO,train
1067_IEO_ANG_MD.wav,ai-service\data\raw\CREMA-D\AudioWAV\1067_IEO_ANG_MD.wav,1067,IEO,ANG,angry,MD,train
1067_IEO_DIS_HI.wav,ai-service\data\raw\CREMA-D\AudioWAV\1067_IEO_DIS_HI.wav,1067,IEO,DIS,disgust,HI,train
1067_IEO_DIS_LO.wav,ai-service\data\raw\CREMA-D\AudioWAV\1067_IEO_DIS_LO.wav,1067,IEO,DIS,disgust,LO,train
1067_IEO_DIS_MD.wav,ai-service\data\raw\CREMA-D\AudioWAV\1067_IEO_DIS_MD.wav,1067,IEO,DIS,disgust,MD,train
1067_IEO_FEA_HI.wav,ai-service\data\raw\CREMA-D\AudioWAV\1067_IEO_FEA_HI.wav,1067,IEO,FEA,fear,HI,train
1067_IEO_FEA_LO.wav,ai-service\data\raw\CREMA-D\AudioWAV\1067_IEO_FEA_LO.wav,1067,IEO,FEA,fear,LO,train
1067_IEO_FEA_MD.wav,ai-service\data\raw\CREMA-D\AudioWAV\1067_IEO_FEA_MD.wav,1067,IEO,FEA,fear,MD,train
1067_IEO_HAP_HI.wav,ai-service\data\raw\CREMA-D\AudioWAV\1067_IEO_HAP_HI.wav,1067,IEO,HAP,happy,HI,train
1067_IEO_HAP_LO.wav,ai-service\data\raw\CREMA-D\AudioWAV\1067_IEO_HAP_LO.wav,1067,IEO,HAP,happy,LO,train
1067_IEO_HAP_MD.wav,ai-service\data\raw\CREMA-D\AudioWAV\1067_IEO_HAP_MD.wav,1067,IEO,HAP,happy,MD,train
1067_IEO_NEU_XX.wav,ai-service\data\raw\CREMA-D\AudioWAV\1067_IEO_NEU_XX.wav,1067,IEO,NEU,neutral,XX,train
1067_IEO_SAD_HI.wav,ai-service\data\raw\CREMA-D\AudioWAV\1067_IEO_SAD_HI.wav,1067,IEO,SAD,sad,HI,train
1067_IEO_SAD_LO.wav,ai-service\data\raw\CREMA-D\AudioWAV\1067_IEO_SAD_LO.wav,1067,IEO,SAD,sad,LO,train
1067_IEO_SAD_MD.wav,ai-service\data\raw\CREMA-D\AudioWAV\1067_IEO_SAD_MD.wav,1067,IEO,SAD,sad,MD,train
1067_IOM_ANG_XX.wav,ai-service\data\raw\CREMA-D\AudioWAV\1067_IOM_ANG_XX.wav,1067,IOM,ANG,angry,XX,train
1067_IOM_DIS_XX.wav,ai-service\data\raw\CREMA-D\AudioWAV\1067_IOM_DIS_XX.wav,1067,IOM,DIS,disgust,XX,train
1067_IOM_FEA_XX.wav,ai-service\data\raw\CREMA-D\AudioWAV\1067_IOM_FEA_XX.wav,1067,IOM,FEA,fear,XX,train
1067_IOM_HAP_XX.wav,ai-service\data\raw\CREMA-D\AudioWAV\1067_IOM_HAP_XX.wav,1067,IOM,HAP,happy,XX,train
1067_IOM_NEU_XX.wav,ai-service\data\raw\CREMA-D\AudioWAV\1067_IOM_NEU_XX.wav,1067,IOM,NEU,neutral,XX,train
1067_IOM_SAD_XX.wav,ai-service\data\raw\CREMA-D\AudioWAV\1067_IOM_SAD_XX.wav,1067,IOM,SAD,sad,XX,train
1067_ITH_ANG_XX.wav,ai-service\data\raw\CREMA-D\AudioWAV\1067_ITH_ANG_XX.wav,1067,ITH,ANG,angry,XX,train
1067_ITH_DIS_XX.wav,ai-service\data\raw\CREMA-D\AudioWAV\1067_ITH_DIS_XX.wav,1067,ITH,DIS,disgust,XX,train
1067_ITH_FEA_XX.wav,ai-service\data\raw\CREMA-D\AudioWAV\1067_ITH_FEA_XX.wav,1067,ITH,FEA,fear,XX,train
1067_ITH_HAP_XX.wav,ai-service\data\raw\CREMA-D\AudioWAV\1067_ITH_HAP_XX.wav,1067,ITH,HAP,happy,XX,train
1067_ITH_NEU_XX.wav,ai-service\data\raw\CREMA-D\AudioWAV\1067_ITH_NEU_XX.wav,1067,ITH,NEU,neutral,XX,train
1067_ITH_SAD_XX.wav,ai-service\data\raw\CREMA-D\AudioWAV\1067_ITH_SAD_XX.wav,1067,ITH,SAD,sad,XX,train
1067_ITS_ANG_XX.wav,ai-service\data\raw\CREMA-D\AudioWAV\1067_ITS_ANG_XX.wav,1067,ITS,ANG,angry,XX,train
1067_ITS_DIS_XX.wav,ai-service\data\raw\CREMA-D\AudioWAV\1067_ITS_DIS_XX.wav,1067,ITS,DIS,disgust,XX,train
1067_ITS_FEA_XX.wav,ai-service\data\raw\CREMA-D\AudioWAV\1067_ITS_FEA_XX.wav,1067,ITS,FEA,fear,XX,train
1067_ITS_HAP_XX.wav,ai-service\data\raw\CREMA-D\AudioWAV\1067_ITS_HAP_XX.wav,1067,ITS,HAP,happy,XX,train
1067_ITS_NEU_XX.wav,ai-service\data\raw\CREMA-D\AudioWAV\1067_ITS_NEU_XX.wav,1067,ITS,NEU,neutral,XX,train
1067_ITS_SAD_XX.wav,ai-service\data\raw\CREMA-D\AudioWAV\1067_ITS_SAD_XX.wav,1067,ITS,SAD,sad,XX,train
1067_IWL_ANG_XX.wav,ai-service\data\raw\CREMA-D\AudioWAV\1067_IWL_ANG_XX.wav,1067,IWL,ANG,angry,XX,train
1067_IWL_DIS_XX.wav,ai-service\data\raw\CREMA-D\AudioWAV\1067_IWL_DIS_XX.wav,1067,IWL,DIS,disgust,XX,train
1067_IWL_FEA_XX.wav,ai-service\data\raw\CREMA-D\AudioWAV\1067_IWL_FEA_XX.wav,1067,IWL,FEA,fear,XX,train
1067_IWL_HAP_XX.wav,ai-service\data\raw\CREMA-D\AudioWAV\1067_IWL_HAP_XX.wav,1067,IWL,HAP,happy,XX,train
1067_IWL_NEU_XX.wav,ai-service\data\raw\CREMA-D\AudioWAV\1067_IWL_NEU_XX.wav,1067,IWL,NEU,neutral,XX,train
1067_IWL_SAD_XX.wav,ai-service\data\raw\CREMA-D\AudioWAV\1067_IWL_SAD_XX.wav,1067,IWL,SAD,sad,XX,train
1067_IWW_ANG_XX.wav,ai-service\data\raw\CREMA-D\AudioWAV\1067_IWW_ANG_XX.wav,1067,IWW,ANG,angry,XX,train
1067_IWW_DIS_XX.wav,ai-service\data\raw\CREMA-D\AudioWAV\1067_IWW_DIS_XX.wav,1067,IWW,DIS,disgust,XX,train
1067_IWW_FEA_XX.wav,ai-service\data\raw\CREMA-D\AudioWAV\1067_IWW_FEA_XX.wav,1067,IWW,FEA,fear,XX,train
1067_IWW_HAP_XX.wav,ai-service\data\raw\CREMA-D\AudioWAV\1067_IWW_HAP_XX.wav,1067,IWW,HAP,happy,XX,train
1067_IWW_NEU_XX.wav,ai-service\data\raw\CREMA-D\AudioWAV\1067_IWW_NEU_XX.wav,1067,IWW,NEU,neutral,XX,train
1067_IWW_SAD_XX.wav,ai-service\data\raw\CREMA-D\AudioWAV\1067_IWW_SAD_XX.wav,1067,IWW,SAD,sad,XX,train
1067_MTI_ANG_XX.wav,ai-service\data\raw\CREMA-D\AudioWAV\1067_MTI_ANG_XX.wav,1067,MTI,ANG,angry,XX,train
1067_MTI_DIS_XX.wav,ai-service\data\raw\CREMA-D\AudioWAV\1067_MTI_DIS_XX.wav,1067,MTI,DIS,disgust,XX,train
1067_MTI_FEA_XX.wav,ai-service\data\raw\CREMA-D\AudioWAV\1067_MTI_FEA_XX.wav,1067,MTI,FEA,fear,XX,train
1067_MTI_HAP_XX.wav,ai-service\data\raw\CREMA-D\AudioWAV\1067_MTI_HAP_XX.wav,1067,MTI,HAP,happy,XX,train
1067_MTI_NEU_XX.wav,ai-service\data\raw\CREMA-D\AudioWAV\1067_MTI_NEU_XX.wav,1067,MTI,NEU,neutral,XX,train
1067_MTI_SAD_XX.wav,ai-service\data\raw\CREMA-D\AudioWAV\1067_MTI_SAD_XX.wav,1067,MTI,SAD,sad,XX,train
1067_TAI_ANG_XX.wav,ai-service\data\raw\CREMA-D\AudioWAV\1067_TAI_ANG_XX.wav,1067,TAI,ANG,angry,XX,train
1067_TAI_DIS_XX.wav,ai-service\data\raw\CREMA-D\AudioWAV\1067_TAI_DIS_XX.wav,1067,TAI,DIS,disgust,XX,train
1067_TAI_FEA_XX.wav,ai-service\data\raw\CREMA-D\AudioWAV\1067_TAI_FEA_XX.wav,1067,TAI,FEA,fear,XX,train
1067_TAI_HAP_XX.wav,ai-service\data\raw\CREMA-D\AudioWAV\1067_TAI_HAP_XX.wav,1067,TAI,HAP,happy,XX,train
1067_TAI_NEU_XX.wav,ai-service\data\raw\CREMA-D\AudioWAV\1067_TAI_NEU_XX.wav,1067,TAI,NEU,neutral,XX,train
1067_TAI_SAD_XX.wav,ai-service\data\raw\CREMA-D\AudioWAV\1067_TAI_SAD_XX.wav,1067,TAI,SAD,sad,XX,train
1067_TIE_ANG_XX.wav,ai-service\data\raw\CREMA-D\AudioWAV\1067_TIE_ANG_XX.wav,1067,TIE,ANG,angry,XX,train
1067_TIE_DIS_XX.wav,ai-service\data\raw\CREMA-D\AudioWAV\1067_TIE_DIS_XX.wav,1067,TIE,DIS,disgust,XX,train
1067_TIE_FEA_XX.wav,ai-service\data\raw\CREMA-D\AudioWAV\1067_TIE_FEA_XX.wav,1067,TIE,FEA,fear,XX,train
1067_TIE_HAP_XX.wav,ai-service\data\raw\CREMA-D\AudioWAV\1067_TIE_HAP_XX.wav,1067,TIE,HAP,happy,XX,train
1067_TIE_NEU_XX.wav,ai-service\data\raw\CREMA-D\AudioWAV\1067_TIE_NEU_XX.wav,1067,TIE,NEU,neutral,XX,train
1067_TIE_SAD_XX.wav,ai-service\data\raw\CREMA-D\AudioWAV\1067_TIE_SAD_XX.wav,1067,TIE,SAD,sad,XX,train
1067_TSI_ANG_XX.wav,ai-service\data\raw\CREMA-D\AudioWAV\1067_TSI_ANG_XX.wav,1067,TSI,ANG,angry,XX,train
1067_TSI_DIS_XX.wav,ai-service\data\raw\CREMA-D\AudioWAV\1067_TSI_DIS_XX.wav,1067,TSI,DIS,disgust,XX,train
1067_TSI_FEA_XX.wav,ai-service\data\raw\CREMA-D\AudioWAV\1067_TSI_FEA_XX.wav,1067,TSI,FEA,fear,XX,train
1067_TSI_HAP_XX.wav,ai-service\data\raw\CREMA-D\AudioWAV\1067_TSI_HAP_XX.wav,1067,TSI,HAP,happy,XX,train
1067_TSI_NEU_XX.wav,ai-service\data\raw\CREMA-D\AudioWAV\1067_TSI_NEU_XX.wav,1067,TSI,NEU,neutral,XX,train
1067_TSI_SAD_XX.wav,ai-service\data\raw\CREMA-D\AudioWAV\1067_TSI_SAD_XX.wav,1067,TSI,SAD,sad,XX,train
1067_WSI_ANG_XX.wav,ai-service\data\raw\CREMA-D\AudioWAV\1067_WSI_ANG_XX.wav,1067,WSI,ANG,angry,XX,train
1067_WSI_DIS_XX.wav,ai-service\data\raw\CREMA-D\AudioWAV\1067_WSI_DIS_XX.wav,1067,WSI,DIS,disgust,XX,train
1067_WSI_FEA_XX.wav,ai-service\data\raw\CREMA-D\AudioWAV\1067_WSI_FEA_XX.wav,1067,WSI,FEA,fear,XX,train
1067_WSI_HAP_XX.wav,ai-service\data\raw\CREMA-D\AudioWAV\1067_WSI_HAP_XX.wav,1067,WSI,HAP,happy,XX,train
1067_WSI_NEU_XX.wav,ai-service\data\raw\CREMA-D\AudioWAV\1067_WSI_NEU_XX.wav,1067,WSI,NEU,neutral,XX,train
1067_WSI_SAD_XX.wav,ai-service\data\raw\CREMA-D\AudioWAV\1067_WSI_SAD_XX.wav,1067,WSI,SAD,sad,XX,train
1068_DFA_ANG_XX.wav,ai-service\data\raw\CREMA-D\AudioWAV\1068_DFA_ANG_XX.wav,1068,DFA,ANG,angry,XX,train
1068_DFA_DIS_XX.wav,ai-service\data\raw\CREMA-D\AudioWAV\1068_DFA_DIS_XX.wav,1068,DFA,DIS,disgust,XX,train
1068_DFA_FEA_XX.wav,ai-service\data\raw\CREMA-D\AudioWAV\1068_DFA_FEA_XX.wav,1068,DFA,FEA,fear,XX,train
1068_DFA_HAP_XX.wav,ai-service\data\raw\CREMA-D\AudioWAV\1068_DFA_HAP_XX.wav,1068,DFA,HAP,happy,XX,train
1068_DFA_NEU_XX.wav,ai-service\data\raw\CREMA-D\AudioWAV\1068_DFA_NEU_XX.wav,1068,DFA,NEU,neutral,XX,train
1068_DFA_SAD_XX.wav,ai-service\data\raw\CREMA-D\AudioWAV\1068_DFA_SAD_XX.wav,1068,DFA,SAD,sad,XX,train
1068_IEO_ANG_HI.wav,ai-service\data\raw\CREMA-D\AudioWAV\1068_IEO_ANG_HI.wav,1068,IEO,ANG,angry,HI,train
1068_IEO_ANG_LO.wav,ai-service\data\raw\CREMA-D\AudioWAV\1068_IEO_ANG_LO.wav,1068,IEO,ANG,angry,LO,train
1068_IEO_ANG_MD.wav,ai-service\data\raw\CREMA-D\AudioWAV\1068_IEO_ANG_MD.wav,1068,IEO,ANG,angry,MD,train
1068_IEO_DIS_HI.wav,ai-service\data\raw\CREMA-D\AudioWAV\1068_IEO_DIS_HI.wav,1068,IEO,DIS,disgust,HI,train
1068_IEO_DIS_LO.wav,ai-service\data\raw\CREMA-D\AudioWAV\1068_IEO_DIS_LO.wav,1068,IEO,DIS,disgust,LO,train
1068_IEO_DIS_MD.wav,ai-service\data\raw\CREMA-D\AudioWAV\1068_IEO_DIS_MD.wav,1068,IEO,DIS,disgust,MD,train
1068_IEO_FEA_HI.wav,ai-service\data\raw\CREMA-D\AudioWAV\1068_IEO_FEA_HI.wav,1068,IEO,FEA,fear,HI,train
1068_IEO_FEA_LO.wav,ai-service\data\raw\CREMA-D\AudioWAV\1068_IEO_FEA_LO.wav,1068,IEO,FEA,fear,LO,train
1068_IEO_FEA_MD.wav,ai-service\data\raw\CREMA-D\AudioWAV\1068_IEO_FEA_MD.wav,1068,IEO,FEA,fear,MD,train
1068_IEO_HAP_HI.wav,ai-service\data\raw\CREMA-D\AudioWAV\1068_IEO_HAP_HI.wav,1068,IEO,HAP,happy,HI,train
1068_IEO_HAP_LO.wav,ai-service\data\raw\CREMA-D\AudioWAV\1068_IEO_HAP_LO.wav,1068,IEO,HAP,happy,LO,train
1068_IEO_HAP_MD.wav,ai-service\data\raw\CREMA-D\AudioWAV\1068_IEO_HAP_MD.wav,1068,IEO,HAP,happy,MD,train
1068_IEO_NEU_XX.wav,ai-service\data\raw\CREMA-D\AudioWAV\1068_IEO_NEU_XX.wav,1068,IEO,NEU,neutral,XX,train
1068_IEO_SAD_HI.wav,ai-service\data\raw\CREMA-D\AudioWAV\1068_IEO_SAD_HI.wav,1068,IEO,SAD,sad,HI,train
1068_IEO_SAD_LO.wav,ai-service\data\raw\CREMA-D\AudioWAV\1068_IEO_SAD_LO.wav,1068,IEO,SAD,sad,LO,train
1068_IEO_SAD_MD.wav,ai-service\data\raw\CREMA-D\AudioWAV\1068_IEO_SAD_MD.wav,1068,IEO,SAD,sad,MD,train
1068_IOM_ANG_XX.wav,ai-service\data\raw\CREMA-D\AudioWAV\1068_IOM_ANG_XX.wav,1068,IOM,ANG,angry,XX,train
1068_IOM_DIS_XX.wav,ai-service\data\raw\CREMA-D\AudioWAV\1068_IOM_DIS_XX.wav,1068,IOM,DIS,disgust,XX,train
1068_IOM_FEA_XX.wav,ai-service\data\raw\CREMA-D\AudioWAV\1068_IOM_FEA_XX.wav,1068,IOM,FEA,fear,XX,train
1068_IOM_HAP_XX.wav,ai-service\data\raw\CREMA-D\AudioWAV\1068_IOM_HAP_XX.wav,1068,IOM,HAP,happy,XX,train
1068_IOM_NEU_XX.wav,ai-service\data\raw\CREMA-D\AudioWAV\1068_IOM_NEU_XX.wav,1068,IOM,NEU,neutral,XX,train
1068_IOM_SAD_XX.wav,ai-service\data\raw\CREMA-D\AudioWAV\1068_IOM_SAD_XX.wav,1068,IOM,SAD,sad,XX,train
1068_ITH_ANG_XX.wav,ai-service\data\raw\CREMA-D\AudioWAV\1068_ITH_ANG_XX.wav,1068,ITH,ANG,angry,XX,train
1068_ITH_DIS_XX.wav,ai-service\data\raw\CREMA-D\AudioWAV\1068_ITH_DIS_XX.wav,1068,ITH,DIS,disgust,XX,train
1068_ITH_FEA_XX.wav,ai-service\data\raw\CREMA-D\AudioWAV\1068_ITH_FEA_XX.wav,1068,ITH,FEA,fear,XX,train
1068_ITH_HAP_XX.wav,ai-service\data\raw\CREMA-D\AudioWAV\1068_ITH_HAP_XX.wav,1068,ITH,HAP,happy,XX,train
1068_ITH_NEU_XX.wav,ai-service\data\raw\CREMA-D\AudioWAV\1068_ITH_NEU_XX.wav,1068,ITH,NEU,neutral,XX,train
1068_ITH_SAD_XX.wav,ai-service\data\raw\CREMA-D\AudioWAV\1068_ITH_SAD_XX.wav,1068,ITH,SAD,sad,XX,train
1068_ITS_ANG_XX.wav,ai-service\data\raw\CREMA-D\AudioWAV\1068_ITS_ANG_XX.wav,1068,ITS,ANG,angry,XX,train
1068_ITS_DIS_XX.wav,ai-service\data\raw\CREMA-D\AudioWAV\1068_ITS_DIS_XX.wav,1068,ITS,DIS,disgust,XX,train
1068_ITS_FEA_XX.wav,ai-service\data\raw\CREMA-D\AudioWAV\1068_ITS_FEA_XX.wav,1068,ITS,FEA,fear,XX,train
1068_ITS_HAP_XX.wav,ai-service\data\raw\CREMA-D\AudioWAV\1068_ITS_HAP_XX.wav,1068,ITS,HAP,happy,XX,train
1068_ITS_NEU_XX.wav,ai-service\data\raw\CREMA-D\AudioWAV\1068_ITS_NEU_XX.wav,1068,ITS,NEU,neutral,XX,train
1068_ITS_SAD_XX.wav,ai-service\data\raw\CREMA-D\AudioWAV\1068_ITS_SAD_XX.wav,1068,ITS,SAD,sad,XX,train
1068_IWL_ANG_XX.wav,ai-service\data\raw\CREMA-D\AudioWAV\1068_IWL_ANG_XX.wav,1068,IWL,ANG,angry,XX,train
1068_IWL_DIS_XX.wav,ai-service\data\raw\CREMA-D\AudioWAV\1068_IWL_DIS_XX.wav,1068,IWL,DIS,disgust,XX,train
1068_IWL_FEA_XX.wav,ai-service\data\raw\CREMA-D\AudioWAV\1068_IWL_FEA_XX.wav,1068,IWL,FEA,fear,XX,train
1068_IWL_HAP_XX.wav,ai-service\data\raw\CREMA-D\AudioWAV\1068_IWL_HAP_XX.wav,1068,IWL,HAP,happy,XX,train
1068_IWL_NEU_XX.wav,ai-service\data\raw\CREMA-D\AudioWAV\1068_IWL_NEU_XX.wav,1068,IWL,NEU,neutral,XX,train
1068_IWL_SAD_XX.wav,ai-service\data\raw\CREMA-D\AudioWAV\1068_IWL_SAD_XX.wav,1068,IWL,SAD,sad,XX,train
1068_IWW_ANG_XX.wav,ai-service\data\raw\CREMA-D\AudioWAV\1068_IWW_ANG_XX.wav,1068,IWW,ANG,angry,XX,train
1068_IWW_DIS_XX.wav,ai-service\data\raw\CREMA-D\AudioWAV\1068_IWW_DIS_XX.wav,1068,IWW,DIS,disgust,XX,train
1068_IWW_FEA_XX.wav,ai-service\data\raw\CREMA-D\AudioWAV\1068_IWW_FEA_XX.wav,1068,IWW,FEA,fear,XX,train
1068_IWW_HAP_XX.wav,ai-service\data\raw\CREMA-D\AudioWAV\1068_IWW_HAP_XX.wav,1068,IWW,HAP,happy,XX,train
1068_IWW_NEU_XX.wav,ai-service\data\raw\CREMA-D\AudioWAV\1068_IWW_NEU_XX.wav,1068,IWW,NEU,neutral,XX,train
1068_IWW_SAD_XX.wav,ai-service\data\raw\CREMA-D\AudioWAV\1068_IWW_SAD_XX.wav,1068,IWW,SAD,sad,XX,train
1068_MTI_ANG_XX.wav,ai-service\data\raw\CREMA-D\AudioWAV\1068_MTI_ANG_XX.wav,1068,MTI,ANG,angry,XX,train
1068_MTI_DIS_XX.wav,ai-service\data\raw\CREMA-D\AudioWAV\1068_MTI_DIS_XX.wav,1068,MTI,DIS,disgust,XX,train
1068_MTI_FEA_XX.wav,ai-service\data\raw\CREMA-D\AudioWAV\1068_MTI_FEA_XX.wav,1068,MTI,FEA,fear,XX,train
1068_MTI_HAP_XX.wav,ai-service\data\raw\CREMA-D\AudioWAV\1068_MTI_HAP_XX.wav,1068,MTI,HAP,happy,XX,train
1068_MTI_NEU_XX.wav,ai-service\data\raw\CREMA-D\AudioWAV\1068_MTI_NEU_XX.wav,1068,MTI,NEU,neutral,XX,train
1068_MTI_SAD_XX.wav,ai-service\data\raw\CREMA-D\AudioWAV\1068_MTI_SAD_XX.wav,1068,MTI,SAD,sad,XX,train
1068_TAI_ANG_XX.wav,ai-service\data\raw\CREMA-D\AudioWAV\1068_TAI_ANG_XX.wav,1068,TAI,ANG,angry,XX,train
1068_TAI_DIS_XX.wav,ai-service\data\raw\CREMA-D\AudioWAV\1068_TAI_DIS_XX.wav,1068,TAI,DIS,disgust,XX,train
1068_TAI_FEA_XX.wav,ai-service\data\raw\CREMA-D\AudioWAV\1068_TAI_FEA_XX.wav,1068,TAI,FEA,fear,XX,train
1068_TAI_HAP_XX.wav,ai-service\data\raw\CREMA-D\AudioWAV\1068_TAI_HAP_XX.wav,1068,TAI,HAP,happy,XX,train
1068_TAI_NEU_XX.wav,ai-service\data\raw\CREMA-D\AudioWAV\1068_TAI_NEU_XX.wav,1068,TAI,NEU,neutral,XX,train
1068_TAI_SAD_XX.wav,ai-service\data\raw\CREMA-D\AudioWAV\1068_TAI_SAD_XX.wav,1068,TAI,SAD,sad,XX,train
1068_TIE_ANG_XX.wav,ai-service\data\raw\CREMA-D\AudioWAV\1068_TIE_ANG_XX.wav,1068,TIE,ANG,angry,XX,train
1068_TIE_DIS_XX.wav,ai-service\data\raw\CREMA-D\AudioWAV\1068_TIE_DIS_XX.wav,1068,TIE,DIS,disgust,XX,train
1068_TIE_FEA_XX.wav,ai-service\data\raw\CREMA-D\AudioWAV\1068_TIE_FEA_XX.wav,1068,TIE,FEA,fear,XX,train
1068_TIE_HAP_XX.wav,ai-service\data\raw\CREMA-D\AudioWAV\1068_TIE_HAP_XX.wav,1068,TIE,HAP,happy,XX,train
1068_TIE_NEU_XX.wav,ai-service\data\raw\CREMA-D\AudioWAV\1068_TIE_NEU_XX.wav,1068,TIE,NEU,neutral,XX,train
1068_TIE_SAD_XX.wav,ai-service\data\raw\CREMA-D\AudioWAV\1068_TIE_SAD_XX.wav,1068,TIE,SAD,sad,XX,train
1068_TSI_ANG_XX.wav,ai-service\data\raw\CREMA-D\AudioWAV\1068_TSI_ANG_XX.wav,1068,TSI,ANG,angry,XX,train
1068_TSI_DIS_XX.wav,ai-service\data\raw\CREMA-D\AudioWAV\1068_TSI_DIS_XX.wav,1068,TSI,DIS,disgust,XX,train
1068_TSI_FEA_XX.wav,ai-service\data\raw\CREMA-D\AudioWAV\1068_TSI_FEA_XX.wav,1068,TSI,FEA,fear,XX,train
1068_TSI_HAP_XX.wav,ai-service\data\raw\CREMA-D\AudioWAV\1068_TSI_HAP_XX.wav,1068,TSI,HAP,happy,XX,train
1068_TSI_NEU_XX.wav,ai-service\data\raw\CREMA-D\AudioWAV\1068_TSI_NEU_XX.wav,1068,TSI,NEU,neutral,XX,train
1068_TSI_SAD_XX.wav,ai-service\data\raw\CREMA-D\AudioWAV\1068_TSI_SAD_XX.wav,1068,TSI,SAD,sad,XX,train
1068_WSI_ANG_XX.wav,ai-service\data\raw\CREMA-D\AudioWAV\1068_WSI_ANG_XX.wav,1068,WSI,ANG,angry,XX,train
1068_WSI_DIS_XX.wav,ai-service\data\raw\CREMA-D\AudioWAV\1068_WSI_DIS_XX.wav,1068,WSI,DIS,disgust,XX,train
1068_WSI_FEA_XX.wav,ai-service\data\raw\CREMA-D\AudioWAV\1068_WSI_FEA_XX.wav,1068,WSI,FEA,fear,XX,train
1068_WSI_HAP_XX.wav,ai-service\data\raw\CREMA-D\AudioWAV\1068_WSI_HAP_XX.wav,1068,WSI,HAP,happy,XX,train
1068_WSI_NEU_XX.wav,ai-service\data\raw\CREMA-D\AudioWAV\1068_WSI_NEU_XX.wav,1068,WSI,NEU,neutral,XX,train
1068_WSI_SAD_XX.wav,ai-service\data\raw\CREMA-D\AudioWAV\1068_WSI_SAD_XX.wav,1068,WSI,SAD,sad,XX,train
1069_DFA_ANG_XX.wav,ai-service\data\raw\CREMA-D\AudioWAV\1069_DFA_ANG_XX.wav,1069,DFA,ANG,angry,XX,train
1069_DFA_DIS_XX.wav,ai-service\data\raw\CREMA-D\AudioWAV\1069_DFA_DIS_XX.wav,1069,DFA,DIS,disgust,XX,train
1069_DFA_FEA_XX.wav,ai-service\data\raw\CREMA-D\AudioWAV\1069_DFA_FEA_XX.wav,1069,DFA,FEA,fear,XX,train
1069_DFA_HAP_XX.wav,ai-service\data\raw\CREMA-D\AudioWAV\1069_DFA_HAP_XX.wav,1069,DFA,HAP,happy,XX,train
1069_DFA_NEU_XX.wav,ai-service\data\raw\CREMA-D\AudioWAV\1069_DFA_NEU_XX.wav,1069,DFA,NEU,neutral,XX,train
1069_DFA_SAD_XX.wav,ai-service\data\raw\CREMA-D\AudioWAV\1069_DFA_SAD_XX.wav,1069,DFA,SAD,sad,XX,train
1069_IEO_ANG_HI.wav,ai-service\data\raw\CREMA-D\AudioWAV\1069_IEO_ANG_HI.wav,1069,IEO,ANG,angry,HI,train
1069_IEO_ANG_LO.wav,ai-service\data\raw\CREMA-D\AudioWAV\1069_IEO_ANG_LO.wav,1069,IEO,ANG,angry,LO,train
1069_IEO_ANG_MD.wav,ai-service\data\raw\CREMA-D\AudioWAV\1069_IEO_ANG_MD.wav,1069,IEO,ANG,angry,MD,train
1069_IEO_DIS_HI.wav,ai-service\data\raw\CREMA-D\AudioWAV\1069_IEO_DIS_HI.wav,1069,IEO,DIS,disgust,HI,train
1069_IEO_DIS_LO.wav,ai-service\data\raw\CREMA-D\AudioWAV\1069_IEO_DIS_LO.wav,1069,IEO,DIS,disgust,LO,train
1069_IEO_DIS_MD.wav,ai-service\data\raw\CREMA-D\AudioWAV\1069_IEO_DIS_MD.wav,1069,IEO,DIS,disgust,MD,train
1069_IEO_FEA_HI.wav,ai-service\data\raw\CREMA-D\AudioWAV\1069_IEO_FEA_HI.wav,1069,IEO,FEA,fear,HI,train
1069_IEO_FEA_LO.wav,ai-service\data\raw\CREMA-D\AudioWAV\1069_IEO_FEA_LO.wav,1069,IEO,FEA,fear,LO,train
1069_IEO_FEA_MD.wav,ai-service\data\raw\CREMA-D\AudioWAV\1069_IEO_FEA_MD.wav,1069,IEO,FEA,fear,MD,train
1069_IEO_HAP_HI.wav,ai-service\data\raw\CREMA-D\AudioWAV\1069_IEO_HAP_HI.wav,1069,IEO,HAP,happy,HI,train
1069_IEO_HAP_LO.wav,ai-service\data\raw\CREMA-D\AudioWAV\1069_IEO_HAP_LO.wav,1069,IEO,HAP,happy,LO,train
1069_IEO_HAP_MD.wav,ai-service\data\raw\CREMA-D\AudioWAV\1069_IEO_HAP_MD.wav,1069,IEO,HAP,happy,MD,train
1069_IEO_NEU_XX.wav,ai-service\data\raw\CREMA-D\AudioWAV\1069_IEO_NEU_XX.wav,1069,IEO,NEU,neutral,XX,train
1069_IEO_SAD_HI.wav,ai-service\data\raw\CREMA-D\AudioWAV\1069_IEO_SAD_HI.wav,1069,IEO,SAD,sad,HI,train
1069_IEO_SAD_LO.wav,ai-service\data\raw\CREMA-D\AudioWAV\1069_IEO_SAD_LO.wav,1069,IEO,SAD,sad,LO,train
1069_IEO_SAD_MD.wav,ai-service\data\raw\CREMA-D\AudioWAV\1069_IEO_SAD_MD.wav,1069,IEO,SAD,sad,MD,train
1069_IOM_ANG_XX.wav,ai-service\data\raw\CREMA-D\AudioWAV\1069_IOM_ANG_XX.wav,1069,IOM,ANG,angry,XX,train
1069_IOM_DIS_XX.wav,ai-service\data\raw\CREMA-D\AudioWAV\1069_IOM_DIS_XX.wav,1069,IOM,DIS,disgust,XX,train
1069_IOM_FEA_XX.wav,ai-service\data\raw\CREMA-D\AudioWAV\1069_IOM_FEA_XX.wav,1069,IOM,FEA,fear,XX,train
1069_IOM_HAP_XX.wav,ai-service\data\raw\CREMA-D\AudioWAV\1069_IOM_HAP_XX.wav,1069,IOM,HAP,happy,XX,train
1069_IOM_NEU_XX.wav,ai-service\data\raw\CREMA-D\AudioWAV\1069_IOM_NEU_XX.wav,1069,IOM,NEU,neutral,XX,train
1069_IOM_SAD_XX.wav,ai-service\data\raw\CREMA-D\AudioWAV\1069_IOM_SAD_XX.wav,1069,IOM,SAD,sad,XX,train
1069_ITH_ANG_XX.wav,ai-service\data\raw\CREMA-D\AudioWAV\1069_ITH_ANG_XX.wav,1069,ITH,ANG,angry,XX,train
1069_ITH_DIS_XX.wav,ai-service\data\raw\CREMA-D\AudioWAV\1069_ITH_DIS_XX.wav,1069,ITH,DIS,disgust,XX,train
1069_ITH_FEA_XX.wav,ai-service\data\raw\CREMA-D\AudioWAV\1069_ITH_FEA_XX.wav,1069,ITH,FEA,fear,XX,train
1069_ITH_HAP_XX.wav,ai-service\data\raw\CREMA-D\AudioWAV\1069_ITH_HAP_XX.wav,1069,ITH,HAP,happy,XX,train
1069_ITH_NEU_XX.wav,ai-service\data\raw\CREMA-D\AudioWAV\1069_ITH_NEU_XX.wav,1069,ITH,NEU,neutral,XX,train
1069_ITH_SAD_XX.wav,ai-service\data\raw\CREMA-D\AudioWAV\1069_ITH_SAD_XX.wav,1069,ITH,SAD,sad,XX,train
1069_ITS_ANG_XX.wav,ai-service\data\raw\CREMA-D\AudioWAV\1069_ITS_ANG_XX.wav,1069,ITS,ANG,angry,XX,train
1069_ITS_DIS_XX.wav,ai-service\data\raw\CREMA-D\AudioWAV\1069_ITS_DIS_XX.wav,1069,ITS,DIS,disgust,XX,train
1069_ITS_FEA_XX.wav,ai-service\data\raw\CREMA-D\AudioWAV\1069_ITS_FEA_XX.wav,1069,ITS,FEA,fear,XX,train
1069_ITS_HAP_XX.wav,ai-service\data\raw\CREMA-D\AudioWAV\1069_ITS_HAP_XX.wav,1069,ITS,HAP,happy,XX,train
1069_ITS_NEU_XX.wav,ai-service\data\raw\CREMA-D\AudioWAV\1069_ITS_NEU_XX.wav,1069,ITS,NEU,neutral,XX,train
1069_ITS_SAD_XX.wav,ai-service\data\raw\CREMA-D\AudioWAV\1069_ITS_SAD_XX.wav,1069,ITS,SAD,sad,XX,train
1069_IWL_ANG_XX.wav,ai-service\data\raw\CREMA-D\AudioWAV\1069_IWL_ANG_XX.wav,1069,IWL,ANG,angry,XX,train
1069_IWL_DIS_XX.wav,ai-service\data\raw\CREMA-D\AudioWAV\1069_IWL_DIS_XX.wav,1069,IWL,DIS,disgust,XX,train
1069_IWL_FEA_XX.wav,ai-service\data\raw\CREMA-D\AudioWAV\1069_IWL_FEA_XX.wav,1069,IWL,FEA,fear,XX,train
1069_IWL_HAP_XX.wav,ai-service\data\raw\CREMA-D\AudioWAV\1069_IWL_HAP_XX.wav,1069,IWL,HAP,happy,XX,train
1069_IWL_NEU_XX.wav,ai-service\data\raw\CREMA-D\AudioWAV\1069_IWL_NEU_XX.wav,1069,IWL,NEU,neutral,XX,train
1069_IWL_SAD_XX.wav,ai-service\data\raw\CREMA-D\AudioWAV\1069_IWL_SAD_XX.wav,1069,IWL,SAD,sad,XX,train
1069_IWW_ANG_XX.wav,ai-service\data\raw\CREMA-D\AudioWAV\1069_IWW_ANG_XX.wav,1069,IWW,ANG,angry,XX,train
1069_IWW_DIS_XX.wav,ai-service\data\raw\CREMA-D\AudioWAV\1069_IWW_DIS_XX.wav,1069,IWW,DIS,disgust,XX,train
1069_IWW_FEA_XX.wav,ai-service\data\raw\CREMA-D\AudioWAV\1069_IWW_FEA_XX.wav,1069,IWW,FEA,fear,XX,train
1069_IWW_HAP_XX.wav,ai-service\data\raw\CREMA-D\AudioWAV\1069_IWW_HAP_XX.wav,1069,IWW,HAP,happy,XX,train
1069_IWW_NEU_XX.wav,ai-service\data\raw\CREMA-D\AudioWAV\1069_IWW_NEU_XX.wav,1069,IWW,NEU,neutral,XX,train
1069_IWW_SAD_XX.wav,ai-service\data\raw\CREMA-D\AudioWAV\1069_IWW_SAD_XX.wav,1069,IWW,SAD,sad,XX,train
1069_MTI_ANG_XX.wav,ai-service\data\raw\CREMA-D\AudioWAV\1069_MTI_ANG_XX.wav,1069,MTI,ANG,angry,XX,train
1069_MTI_DIS_XX.wav,ai-service\data\raw\CREMA-D\AudioWAV\1069_MTI_DIS_XX.wav,1069,MTI,DIS,disgust,XX,train
1069_MTI_FEA_XX.wav,ai-service\data\raw\CREMA-D\AudioWAV\1069_MTI_FEA_XX.wav,1069,MTI,FEA,fear,XX,train
1069_MTI_HAP_XX.wav,ai-service\data\raw\CREMA-D\AudioWAV\1069_MTI_HAP_XX.wav,1069,MTI,HAP,happy,XX,train
1069_MTI_NEU_XX.wav,ai-service\data\raw\CREMA-D\AudioWAV\1069_MTI_NEU_XX.wav,1069,MTI,NEU,neutral,XX,train
1069_MTI_SAD_XX.wav,ai-service\data\raw\CREMA-D\AudioWAV\1069_MTI_SAD_XX.wav,1069,MTI,SAD,sad,XX,train
1069_TAI_ANG_XX.wav,ai-service\data\raw\CREMA-D\AudioWAV\1069_TAI_ANG_XX.wav,1069,TAI,ANG,angry,XX,train
1069_TAI_DIS_XX.wav,ai-service\data\raw\CREMA-D\AudioWAV\1069_TAI_DIS_XX.wav,1069,TAI,DIS,disgust,XX,train
1069_TAI_FEA_XX.wav,ai-service\data\raw\CREMA-D\AudioWAV\1069_TAI_FEA_XX.wav,1069,TAI,FEA,fear,XX,train
1069_TAI_HAP_XX.wav,ai-service\data\raw\CREMA-D\AudioWAV\1069_TAI_HAP_XX.wav,1069,TAI,HAP,happy,XX,train
1069_TAI_NEU_XX.wav,ai-service\data\raw\CREMA-D\AudioWAV\1069_TAI_NEU_XX.wav,1069,TAI,NEU,neutral,XX,train
1069_TAI_SAD_XX.wav,ai-service\data\raw\CREMA-D\AudioWAV\1069_TAI_SAD_XX.wav,1069,TAI,SAD,sad,XX,train
1069_TIE_ANG_XX.wav,ai-service\data\raw\CREMA-D\AudioWAV\1069_TIE_ANG_XX.wav,1069,TIE,ANG,angry,XX,train
1069_TIE_DIS_XX.wav,ai-service\data\raw\CREMA-D\AudioWAV\1069_TIE_DIS_XX.wav,1069,TIE,DIS,disgust,XX,train
1069_TIE_FEA_XX.wav,ai-service\data\raw\CREMA-D\AudioWAV\1069_TIE_FEA_XX.wav,1069,TIE,FEA,fear,XX,train
1069_TIE_HAP_XX.wav,ai-service\data\raw\CREMA-D\AudioWAV\1069_TIE_HAP_XX.wav,1069,TIE,HAP,happy,XX,train
1069_TIE_NEU_XX.wav,ai-service\data\raw\CREMA-D\AudioWAV\1069_TIE_NEU_XX.wav,1069,TIE,NEU,neutral,XX,train
1069_TIE_SAD_XX.wav,ai-service\data\raw\CREMA-D\AudioWAV\1069_TIE_SAD_XX.wav,1069,TIE,SAD,sad,XX,train
1069_TSI_ANG_XX.wav,ai-service\data\raw\CREMA-D\AudioWAV\1069_TSI_ANG_XX.wav,1069,TSI,ANG,angry,XX,train
1069_TSI_DIS_XX.wav,ai-service\data\raw\CREMA-D\AudioWAV\1069_TSI_DIS_XX.wav,1069,TSI,DIS,disgust,XX,train
1069_TSI_FEA_XX.wav,ai-service\data\raw\CREMA-D\AudioWAV\1069_TSI_FEA_XX.wav,1069,TSI,FEA,fear,XX,train
1069_TSI_HAP_XX.wav,ai-service\data\raw\CREMA-D\AudioWAV\1069_TSI_HAP_XX.wav,1069,TSI,HAP,happy,XX,train
1069_TSI_NEU_XX.wav,ai-service\data\raw\CREMA-D\AudioWAV\1069_TSI_NEU_XX.wav,1069,TSI,NEU,neutral,XX,train
1069_TSI_SAD_XX.wav,ai-service\data\raw\CREMA-D\AudioWAV\1069_TSI_SAD_XX.wav,1069,TSI,SAD,sad,XX,train
1069_WSI_ANG_XX.wav,ai-service\data\raw\CREMA-D\AudioWAV\1069_WSI_ANG_XX.wav,1069,WSI,ANG,angry,XX,train
1069_WSI_DIS_XX.wav,ai-service\data\raw\CREMA-D\AudioWAV\1069_WSI_DIS_XX.wav,1069,WSI,DIS,disgust,XX,train
1069_WSI_FEA_XX.wav,ai-service\data\raw\CREMA-D\AudioWAV\1069_WSI_FEA_XX.wav,1069,WSI,FEA,fear,XX,train
1069_WSI_HAP_XX.wav,ai-service\data\raw\CREMA-D\AudioWAV\1069_WSI_HAP_XX.wav,1069,WSI,HAP,happy,XX,train
1069_WSI_NEU_XX.wav,ai-service\data\raw\CREMA-D\AudioWAV\1069_WSI_NEU_XX.wav,1069,WSI,NEU,neutral,XX,train
1069_WSI_SAD_XX.wav,ai-service\data\raw\CREMA-D\AudioWAV\1069_WSI_SAD_XX.wav,1069,WSI,SAD,sad,XX,train
1071_DFA_ANG_XX.wav,ai-service\data\raw\CREMA-D\AudioWAV\1071_DFA_ANG_XX.wav,1071,DFA,ANG,angry,XX,train
1071_DFA_DIS_XX.wav,ai-service\data\raw\CREMA-D\AudioWAV\1071_DFA_DIS_XX.wav,1071,DFA,DIS,disgust,XX,train
1071_DFA_FEA_XX.wav,ai-service\data\raw\CREMA-D\AudioWAV\1071_DFA_FEA_XX.wav,1071,DFA,FEA,fear,XX,train
1071_DFA_HAP_XX.wav,ai-service\data\raw\CREMA-D\AudioWAV\1071_DFA_HAP_XX.wav,1071,DFA,HAP,happy,XX,train
1071_DFA_NEU_XX.wav,ai-service\data\raw\CREMA-D\AudioWAV\1071_DFA_NEU_XX.wav,1071,DFA,NEU,neutral,XX,train
1071_DFA_SAD_XX.wav,ai-service\data\raw\CREMA-D\AudioWAV\1071_DFA_SAD_XX.wav,1071,DFA,SAD,sad,XX,train
1071_IEO_ANG_HI.wav,ai-service\data\raw\CREMA-D\AudioWAV\1071_IEO_ANG_HI.wav,1071,IEO,ANG,angry,HI,train
1071_IEO_ANG_LO.wav,ai-service\data\raw\CREMA-D\AudioWAV\1071_IEO_ANG_LO.wav,1071,IEO,ANG,angry,LO,train
1071_IEO_ANG_MD.wav,ai-service\data\raw\CREMA-D\AudioWAV\1071_IEO_ANG_MD.wav,1071,IEO,ANG,angry,MD,train
1071_IEO_DIS_HI.wav,ai-service\data\raw\CREMA-D\AudioWAV\1071_IEO_DIS_HI.wav,1071,IEO,DIS,disgust,HI,train
1071_IEO_DIS_LO.wav,ai-service\data\raw\CREMA-D\AudioWAV\1071_IEO_DIS_LO.wav,1071,IEO,DIS,disgust,LO,train
1071_IEO_DIS_MD.wav,ai-service\data\raw\CREMA-D\AudioWAV\1071_IEO_DIS_MD.wav,1071,IEO,DIS,disgust,MD,train
1071_IEO_FEA_HI.wav,ai-service\data\raw\CREMA-D\AudioWAV\1071_IEO_FEA_HI.wav,1071,IEO,FEA,fear,HI,train
1071_IEO_FEA_LO.wav,ai-service\data\raw\CREMA-D\AudioWAV\1071_IEO_FEA_LO.wav,1071,IEO,FEA,fear,LO,train
1071_IEO_FEA_MD.wav,ai-service\data\raw\CREMA-D\AudioWAV\1071_IEO_FEA_MD.wav,1071,IEO,FEA,fear,MD,train
1071_IEO_HAP_HI.wav,ai-service\data\raw\CREMA-D\AudioWAV\1071_IEO_HAP_HI.wav,1071,IEO,HAP,happy,HI,train
1071_IEO_HAP_LO.wav,ai-service\data\raw\CREMA-D\AudioWAV\1071_IEO_HAP_LO.wav,1071,IEO,HAP,happy,LO,train
1071_IEO_HAP_MD.wav,ai-service\data\raw\CREMA-D\AudioWAV\1071_IEO_HAP_MD.wav,1071,IEO,HAP,happy,MD,train
1071_IEO_NEU_XX.wav,ai-service\data\raw\CREMA-D\AudioWAV\1071_IEO_NEU_XX.wav,1071,IEO,NEU,neutral,XX,train
1071_IEO_SAD_HI.wav,ai-service\data\raw\CREMA-D\AudioWAV\1071_IEO_SAD_HI.wav,1071,IEO,SAD,sad,HI,train
1071_IEO_SAD_LO.wav,ai-service\data\raw\CREMA-D\AudioWAV\1071_IEO_SAD_LO.wav,1071,IEO,SAD,sad,LO,train
1071_IEO_SAD_MD.wav,ai-service\data\raw\CREMA-D\AudioWAV\1071_IEO_SAD_MD.wav,1071,IEO,SAD,sad,MD,train
1071_IOM_ANG_XX.wav,ai-service\data\raw\CREMA-D\AudioWAV\1071_IOM_ANG_XX.wav,1071,IOM,ANG,angry,XX,train
1071_IOM_DIS_XX.wav,ai-service\data\raw\CREMA-D\AudioWAV\1071_IOM_DIS_XX.wav,1071,IOM,DIS,disgust,XX,train
1071_IOM_FEA_XX.wav,ai-service\data\raw\CREMA-D\AudioWAV\1071_IOM_FEA_XX.wav,1071,IOM,FEA,fear,XX,train
1071_IOM_HAP_XX.wav,ai-service\data\raw\CREMA-D\AudioWAV\1071_IOM_HAP_XX.wav,1071,IOM,HAP,happy,XX,train
1071_IOM_NEU_XX.wav,ai-service\data\raw\CREMA-D\AudioWAV\1071_IOM_NEU_XX.wav,1071,IOM,NEU,neutral,XX,train
1071_IOM_SAD_XX.wav,ai-service\data\raw\CREMA-D\AudioWAV\1071_IOM_SAD_XX.wav,1071,IOM,SAD,sad,XX,train
1071_ITH_ANG_XX.wav,ai-service\data\raw\CREMA-D\AudioWAV\1071_ITH_ANG_XX.wav,1071,ITH,ANG,angry,XX,train
1071_ITH_DIS_XX.wav,ai-service\data\raw\CREMA-D\AudioWAV\1071_ITH_DIS_XX.wav,1071,ITH,DIS,disgust,XX,train
1071_ITH_FEA_XX.wav,ai-service\data\raw\CREMA-D\AudioWAV\1071_ITH_FEA_XX.wav,1071,ITH,FEA,fear,XX,train
1071_ITH_HAP_XX.wav,ai-service\data\raw\CREMA-D\AudioWAV\1071_ITH_HAP_XX.wav,1071,ITH,HAP,happy,XX,train
1071_ITH_NEU_XX.wav,ai-service\data\raw\CREMA-D\AudioWAV\1071_ITH_NEU_XX.wav,1071,ITH,NEU,neutral,XX,train
1071_ITH_SAD_XX.wav,ai-service\data\raw\CREMA-D\AudioWAV\1071_ITH_SAD_XX.wav,1071,ITH,SAD,sad,XX,train
1071_ITS_ANG_XX.wav,ai-service\data\raw\CREMA-D\AudioWAV\1071_ITS_ANG_XX.wav,1071,ITS,ANG,angry,XX,train
1071_ITS_DIS_XX.wav,ai-service\data\raw\CREMA-D\AudioWAV\1071_ITS_DIS_XX.wav,1071,ITS,DIS,disgust,XX,train
1071_ITS_FEA_XX.wav,ai-service\data\raw\CREMA-D\AudioWAV\1071_ITS_FEA_XX.wav,1071,ITS,FEA,fear,XX,train
1071_ITS_HAP_XX.wav,ai-service\data\raw\CREMA-D\AudioWAV\1071_ITS_HAP_XX.wav,1071,ITS,HAP,happy,XX,train
1071_ITS_NEU_XX.wav,ai-service\data\raw\CREMA-D\AudioWAV\1071_ITS_NEU_XX.wav,1071,ITS,NEU,neutral,XX,train
1071_ITS_SAD_XX.wav,ai-service\data\raw\CREMA-D\AudioWAV\1071_ITS_SAD_XX.wav,1071,ITS,SAD,sad,XX,train
1071_IWL_ANG_XX.wav,ai-service\data\raw\CREMA-D\AudioWAV\1071_IWL_ANG_XX.wav,1071,IWL,ANG,angry,XX,train
1071_IWL_DIS_XX.wav,ai-service\data\raw\CREMA-D\AudioWAV\1071_IWL_DIS_XX.wav,1071,IWL,DIS,disgust,XX,train
1071_IWL_FEA_XX.wav,ai-service\data\raw\CREMA-D\AudioWAV\1071_IWL_FEA_XX.wav,1071,IWL,FEA,fear,XX,train
1071_IWL_HAP_XX.wav,ai-service\data\raw\CREMA-D\AudioWAV\1071_IWL_HAP_XX.wav,1071,IWL,HAP,happy,XX,train
1071_IWL_NEU_XX.wav,ai-service\data\raw\CREMA-D\AudioWAV\1071_IWL_NEU_XX.wav,1071,IWL,NEU,neutral,XX,train
1071_IWL_SAD_XX.wav,ai-service\data\raw\CREMA-D\AudioWAV\1071_IWL_SAD_XX.wav,1071,IWL,SAD,sad,XX,train
1071_IWW_ANG_XX.wav,ai-service\data\raw\CREMA-D\AudioWAV\1071_IWW_ANG_XX.wav,1071,IWW,ANG,angry,XX,train
1071_IWW_DIS_XX.wav,ai-service\data\raw\CREMA-D\AudioWAV\1071_IWW_DIS_XX.wav,1071,IWW,DIS,disgust,XX,train
1071_IWW_FEA_XX.wav,ai-service\data\raw\CREMA-D\AudioWAV\1071_IWW_FEA_XX.wav,1071,IWW,FEA,fear,XX,train
1071_IWW_HAP_XX.wav,ai-service\data\raw\CREMA-D\AudioWAV\1071_IWW_HAP_XX.wav,1071,IWW,HAP,happy,XX,train
1071_IWW_NEU_XX.wav,ai-service\data\raw\CREMA-D\AudioWAV\1071_IWW_NEU_XX.wav,1071,IWW,NEU,neutral,XX,train
1071_IWW_SAD_XX.wav,ai-service\data\raw\CREMA-D\AudioWAV\1071_IWW_SAD_XX.wav,1071,IWW,SAD,sad,XX,train
1071_MTI_ANG_XX.wav,ai-service\data\raw\CREMA-D\AudioWAV\1071_MTI_ANG_XX.wav,1071,MTI,ANG,angry,XX,train
1071_MTI_DIS_XX.wav,ai-service\data\raw\CREMA-D\AudioWAV\1071_MTI_DIS_XX.wav,1071,MTI,DIS,disgust,XX,train
1071_MTI_FEA_XX.wav,ai-service\data\raw\CREMA-D\AudioWAV\1071_MTI_FEA_XX.wav,1071,MTI,FEA,fear,XX,train
1071_MTI_HAP_XX.wav,ai-service\data\raw\CREMA-D\AudioWAV\1071_MTI_HAP_XX.wav,1071,MTI,HAP,happy,XX,train
1071_MTI_NEU_XX.wav,ai-service\data\raw\CREMA-D\AudioWAV\1071_MTI_NEU_XX.wav,1071,MTI,NEU,neutral,XX,train
1071_MTI_SAD_XX.wav,ai-service\data\raw\CREMA-D\AudioWAV\1071_MTI_SAD_XX.wav,1071,MTI,SAD,sad,XX,train
1071_TAI_ANG_XX.wav,ai-service\data\raw\CREMA-D\AudioWAV\1071_TAI_ANG_XX.wav,1071,TAI,ANG,angry,XX,train
1071_TAI_DIS_XX.wav,ai-service\data\raw\CREMA-D\AudioWAV\1071_TAI_DIS_XX.wav,1071,TAI,DIS,disgust,XX,train
1071_TAI_FEA_XX.wav,ai-service\data\raw\CREMA-D\AudioWAV\1071_TAI_FEA_XX.wav,1071,TAI,FEA,fear,XX,train
1071_TAI_HAP_XX.wav,ai-service\data\raw\CREMA-D\AudioWAV\1071_TAI_HAP_XX.wav,1071,TAI,HAP,happy,XX,train
1071_TAI_NEU_XX.wav,ai-service\data\raw\CREMA-D\AudioWAV\1071_TAI_NEU_XX.wav,1071,TAI,NEU,neutral,XX,train
1071_TAI_SAD_XX.wav,ai-service\data\raw\CREMA-D\AudioWAV\1071_TAI_SAD_XX.wav,1071,TAI,SAD,sad,XX,train
1071_TIE_ANG_XX.wav,ai-service\data\raw\CREMA-D\AudioWAV\1071_TIE_ANG_XX.wav,1071,TIE,ANG,angry,XX,train
1071_TIE_DIS_XX.wav,ai-service\data\raw\CREMA-D\AudioWAV\1071_TIE_DIS_XX.wav,1071,TIE,DIS,disgust,XX,train
1071_TIE_FEA_XX.wav,ai-service\data\raw\CREMA-D\AudioWAV\1071_TIE_FEA_XX.wav,1071,TIE,FEA,fear,XX,train
1071_TIE_HAP_XX.wav,ai-service\data\raw\CREMA-D\AudioWAV\1071_TIE_HAP_XX.wav,1071,TIE,HAP,happy,XX,train
1071_TIE_NEU_XX.wav,ai-service\data\raw\CREMA-D\AudioWAV\1071_TIE_NEU_XX.wav,1071,TIE,NEU,neutral,XX,train
1071_TIE_SAD_XX.wav,ai-service\data\raw\CREMA-D\AudioWAV\1071_TIE_SAD_XX.wav,1071,TIE,SAD,sad,XX,train
1071_TSI_ANG_XX.wav,ai-service\data\raw\CREMA-D\AudioWAV\1071_TSI_ANG_XX.wav,1071,TSI,ANG,angry,XX,train
1071_TSI_DIS_XX.wav,ai-service\data\raw\CREMA-D\AudioWAV\1071_TSI_DIS_XX.wav,1071,TSI,DIS,disgust,XX,train
1071_TSI_FEA_XX.wav,ai-service\data\raw\CREMA-D\AudioWAV\1071_TSI_FEA_XX.wav,1071,TSI,FEA,fear,XX,train
1071_TSI_HAP_XX.wav,ai-service\data\raw\CREMA-D\AudioWAV\1071_TSI_HAP_XX.wav,1071,TSI,HAP,happy,XX,train
1071_TSI_NEU_XX.wav,ai-service\data\raw\CREMA-D\AudioWAV\1071_TSI_NEU_XX.wav,1071,TSI,NEU,neutral,XX,train
1071_TSI_SAD_XX.wav,ai-service\data\raw\CREMA-D\AudioWAV\1071_TSI_SAD_XX.wav,1071,TSI,SAD,sad,XX,train
1071_WSI_ANG_XX.wav,ai-service\data\raw\CREMA-D\AudioWAV\1071_WSI_ANG_XX.wav,1071,WSI,ANG,angry,XX,train
1071_WSI_DIS_XX.wav,ai-service\data\raw\CREMA-D\AudioWAV\1071_WSI_DIS_XX.wav,1071,WSI,DIS,disgust,XX,train
1071_WSI_FEA_XX.wav,ai-service\data\raw\CREMA-D\AudioWAV\1071_WSI_FEA_XX.wav,1071,WSI,FEA,fear,XX,train
1071_WSI_HAP_XX.wav,ai-service\data\raw\CREMA-D\AudioWAV\1071_WSI_HAP_XX.wav,1071,WSI,HAP,happy,XX,train
1071_WSI_NEU_XX.wav,ai-service\data\raw\CREMA-D\AudioWAV\1071_WSI_NEU_XX.wav,1071,WSI,NEU,neutral,XX,train
1071_WSI_SAD_XX.wav,ai-service\data\raw\CREMA-D\AudioWAV\1071_WSI_SAD_XX.wav,1071,WSI,SAD,sad,XX,train
1073_DFA_ANG_XX.wav,ai-service\data\raw\CREMA-D\AudioWAV\1073_DFA_ANG_XX.wav,1073,DFA,ANG,angry,XX,train
1073_DFA_DIS_XX.wav,ai-service\data\raw\CREMA-D\AudioWAV\1073_DFA_DIS_XX.wav,1073,DFA,DIS,disgust,XX,train
1073_DFA_FEA_XX.wav,ai-service\data\raw\CREMA-D\AudioWAV\1073_DFA_FEA_XX.wav,1073,DFA,FEA,fear,XX,train
1073_DFA_HAP_XX.wav,ai-service\data\raw\CREMA-D\AudioWAV\1073_DFA_HAP_XX.wav,1073,DFA,HAP,happy,XX,train
1073_DFA_NEU_XX.wav,ai-service\data\raw\CREMA-D\AudioWAV\1073_DFA_NEU_XX.wav,1073,DFA,NEU,neutral,XX,train
1073_DFA_SAD_XX.wav,ai-service\data\raw\CREMA-D\AudioWAV\1073_DFA_SAD_XX.wav,1073,DFA,SAD,sad,XX,train
1073_IEO_ANG_HI.wav,ai-service\data\raw\CREMA-D\AudioWAV\1073_IEO_ANG_HI.wav,1073,IEO,ANG,angry,HI,train
1073_IEO_ANG_LO.wav,ai-service\data\raw\CREMA-D\AudioWAV\1073_IEO_ANG_LO.wav,1073,IEO,ANG,angry,LO,train
1073_IEO_ANG_MD.wav,ai-service\data\raw\CREMA-D\AudioWAV\1073_IEO_ANG_MD.wav,1073,IEO,ANG,angry,MD,train
1073_IEO_DIS_HI.wav,ai-service\data\raw\CREMA-D\AudioWAV\1073_IEO_DIS_HI.wav,1073,IEO,DIS,disgust,HI,train
1073_IEO_DIS_LO.wav,ai-service\data\raw\CREMA-D\AudioWAV\1073_IEO_DIS_LO.wav,1073,IEO,DIS,disgust,LO,train
1073_IEO_DIS_MD.wav,ai-service\data\raw\CREMA-D\AudioWAV\1073_IEO_DIS_MD.wav,1073,IEO,DIS,disgust,MD,train
1073_IEO_FEA_HI.wav,ai-service\data\raw\CREMA-D\AudioWAV\1073_IEO_FEA_HI.wav,1073,IEO,FEA,fear,HI,train
1073_IEO_FEA_LO.wav,ai-service\data\raw\CREMA-D\AudioWAV\1073_IEO_FEA_LO.wav,1073,IEO,FEA,fear,LO,train
1073_IEO_FEA_MD.wav,ai-service\data\raw\CREMA-D\AudioWAV\1073_IEO_FEA_MD.wav,1073,IEO,FEA,fear,MD,train
1073_IEO_HAP_HI.wav,ai-service\data\raw\CREMA-D\AudioWAV\1073_IEO_HAP_HI.wav,1073,IEO,HAP,happy,HI,train
1073_IEO_HAP_LO.wav,ai-service\data\raw\CREMA-D\AudioWAV\1073_IEO_HAP_LO.wav,1073,IEO,HAP,happy,LO,train
1073_IEO_HAP_MD.wav,ai-service\data\raw\CREMA-D\AudioWAV\1073_IEO_HAP_MD.wav,1073,IEO,HAP,happy,MD,train
1073_IEO_NEU_XX.wav,ai-service\data\raw\CREMA-D\AudioWAV\1073_IEO_NEU_XX.wav,1073,IEO,NEU,neutral,XX,train
1073_IEO_SAD_HI.wav,ai-service\data\raw\CREMA-D\AudioWAV\1073_IEO_SAD_HI.wav,1073,IEO,SAD,sad,HI,train
1073_IEO_SAD_LO.wav,ai-service\data\raw\CREMA-D\AudioWAV\1073_IEO_SAD_LO.wav,1073,IEO,SAD,sad,LO,train
1073_IEO_SAD_MD.wav,ai-service\data\raw\CREMA-D\AudioWAV\1073_IEO_SAD_MD.wav,1073,IEO,SAD,sad,MD,train
1073_IOM_ANG_XX.wav,ai-service\data\raw\CREMA-D\AudioWAV\1073_IOM_ANG_XX.wav,1073,IOM,ANG,angry,XX,train
1073_IOM_DIS_XX.wav,ai-service\data\raw\CREMA-D\AudioWAV\1073_IOM_DIS_XX.wav,1073,IOM,DIS,disgust,XX,train
1073_IOM_FEA_XX.wav,ai-service\data\raw\CREMA-D\AudioWAV\1073_IOM_FEA_XX.wav,1073,IOM,FEA,fear,XX,train
1073_IOM_HAP_XX.wav,ai-service\data\raw\CREMA-D\AudioWAV\1073_IOM_HAP_XX.wav,1073,IOM,HAP,happy,XX,train
1073_IOM_NEU_XX.wav,ai-service\data\raw\CREMA-D\AudioWAV\1073_IOM_NEU_XX.wav,1073,IOM,NEU,neutral,XX,train
1073_IOM_SAD_XX.wav,ai-service\data\raw\CREMA-D\AudioWAV\1073_IOM_SAD_XX.wav,1073,IOM,SAD,sad,XX,train
1073_ITH_ANG_XX.wav,ai-service\data\raw\CREMA-D\AudioWAV\1073_ITH_ANG_XX.wav,1073,ITH,ANG,angry,XX,train
1073_ITH_DIS_XX.wav,ai-service\data\raw\CREMA-D\AudioWAV\1073_ITH_DIS_XX.wav,1073,ITH,DIS,disgust,XX,train
1073_ITH_FEA_XX.wav,ai-service\data\raw\CREMA-D\AudioWAV\1073_ITH_FEA_XX.wav,1073,ITH,FEA,fear,XX,train
1073_ITH_HAP_XX.wav,ai-service\data\raw\CREMA-D\AudioWAV\1073_ITH_HAP_XX.wav,1073,ITH,HAP,happy,XX,train
1073_ITH_NEU_XX.wav,ai-service\data\raw\CREMA-D\AudioWAV\1073_ITH_NEU_XX.wav,1073,ITH,NEU,neutral,XX,train
1073_ITH_SAD_XX.wav,ai-service\data\raw\CREMA-D\AudioWAV\1073_ITH_SAD_XX.wav,1073,ITH,SAD,sad,XX,train
1073_ITS_ANG_XX.wav,ai-service\data\raw\CREMA-D\AudioWAV\1073_ITS_ANG_XX.wav,1073,ITS,ANG,angry,XX,train
1073_ITS_DIS_XX.wav,ai-service\data\raw\CREMA-D\AudioWAV\1073_ITS_DIS_XX.wav,1073,ITS,DIS,disgust,XX,train
1073_ITS_FEA_XX.wav,ai-service\data\raw\CREMA-D\AudioWAV\1073_ITS_FEA_XX.wav,1073,ITS,FEA,fear,XX,train
1073_ITS_HAP_XX.wav,ai-service\data\raw\CREMA-D\AudioWAV\1073_ITS_HAP_XX.wav,1073,ITS,HAP,happy,XX,train
1073_ITS_NEU_XX.wav,ai-service\data\raw\CREMA-D\AudioWAV\1073_ITS_NEU_XX.wav,1073,ITS,NEU,neutral,XX,train
1073_ITS_SAD_XX.wav,ai-service\data\raw\CREMA-D\AudioWAV\1073_ITS_SAD_XX.wav,1073,ITS,SAD,sad,XX,train
1073_IWL_ANG_XX.wav,ai-service\data\raw\CREMA-D\AudioWAV\1073_IWL_ANG_XX.wav,1073,IWL,ANG,angry,XX,train
1073_IWL_DIS_XX.wav,ai-service\data\raw\CREMA-D\AudioWAV\1073_IWL_DIS_XX.wav,1073,IWL,DIS,disgust,XX,train
1073_IWL_FEA_XX.wav,ai-service\data\raw\CREMA-D\AudioWAV\1073_IWL_FEA_XX.wav,1073,IWL,FEA,fear,XX,train
1073_IWL_HAP_XX.wav,ai-service\data\raw\CREMA-D\AudioWAV\1073_IWL_HAP_XX.wav,1073,IWL,HAP,happy,XX,train
1073_IWL_NEU_XX.wav,ai-service\data\raw\CREMA-D\AudioWAV\1073_IWL_NEU_XX.wav,1073,IWL,NEU,neutral,XX,train
1073_IWL_SAD_XX.wav,ai-service\data\raw\CREMA-D\AudioWAV\1073_IWL_SAD_XX.wav,1073,IWL,SAD,sad,XX,train
1073_IWW_ANG_XX.wav,ai-service\data\raw\CREMA-D\AudioWAV\1073_IWW_ANG_XX.wav,1073,IWW,ANG,angry,XX,train
1073_IWW_DIS_XX.wav,ai-service\data\raw\CREMA-D\AudioWAV\1073_IWW_DIS_XX.wav,1073,IWW,DIS,disgust,XX,train
1073_IWW_FEA_XX.wav,ai-service\data\raw\CREMA-D\AudioWAV\1073_IWW_FEA_XX.wav,1073,IWW,FEA,fear,XX,train
1073_IWW_HAP_XX.wav,ai-service\data\raw\CREMA-D\AudioWAV\1073_IWW_HAP_XX.wav,1073,IWW,HAP,happy,XX,train
1073_IWW_NEU_XX.wav,ai-service\data\raw\CREMA-D\AudioWAV\1073_IWW_NEU_XX.wav,1073,IWW,NEU,neutral,XX,train
1073_IWW_SAD_XX.wav,ai-service\data\raw\CREMA-D\AudioWAV\1073_IWW_SAD_XX.wav,1073,IWW,SAD,sad,XX,train
1073_MTI_ANG_XX.wav,ai-service\data\raw\CREMA-D\AudioWAV\1073_MTI_ANG_XX.wav,1073,MTI,ANG,angry,XX,train
1073_MTI_DIS_XX.wav,ai-service\data\raw\CREMA-D\AudioWAV\1073_MTI_DIS_XX.wav,1073,MTI,DIS,disgust,XX,train
1073_MTI_FEA_XX.wav,ai-service\data\raw\CREMA-D\AudioWAV\1073_MTI_FEA_XX.wav,1073,MTI,FEA,fear,XX,train
1073_MTI_HAP_XX.wav,ai-service\data\raw\CREMA-D\AudioWAV\1073_MTI_HAP_XX.wav,1073,MTI,HAP,happy,XX,train
1073_MTI_NEU_XX.wav,ai-service\data\raw\CREMA-D\AudioWAV\1073_MTI_NEU_XX.wav,1073,MTI,NEU,neutral,XX,train
1073_MTI_SAD_XX.wav,ai-service\data\raw\CREMA-D\AudioWAV\1073_MTI_SAD_XX.wav,1073,MTI,SAD,sad,XX,train
1073_TAI_ANG_XX.wav,ai-service\data\raw\CREMA-D\AudioWAV\1073_TAI_ANG_XX.wav,1073,TAI,ANG,angry,XX,train
1073_TAI_DIS_XX.wav,ai-service\data\raw\CREMA-D\AudioWAV\1073_TAI_DIS_XX.wav,1073,TAI,DIS,disgust,XX,train
1073_TAI_FEA_XX.wav,ai-service\data\raw\CREMA-D\AudioWAV\1073_TAI_FEA_XX.wav,1073,TAI,FEA,fear,XX,train
1073_TAI_HAP_XX.wav,ai-service\data\raw\CREMA-D\AudioWAV\1073_TAI_HAP_XX.wav,1073,TAI,HAP,happy,XX,train
1073_TAI_NEU_XX.wav,ai-service\data\raw\CREMA-D\AudioWAV\1073_TAI_NEU_XX.wav,1073,TAI,NEU,neutral,XX,train
1073_TAI_SAD_XX.wav,ai-service\data\raw\CREMA-D\AudioWAV\1073_TAI_SAD_XX.wav,1073,TAI,SAD,sad,XX,train
1073_TIE_ANG_XX.wav,ai-service\data\raw\CREMA-D\AudioWAV\1073_TIE_ANG_XX.wav,1073,TIE,ANG,angry,XX,train
1073_TIE_DIS_XX.wav,ai-service\data\raw\CREMA-D\AudioWAV\1073_TIE_DIS_XX.wav,1073,TIE,DIS,disgust,XX,train
1073_TIE_FEA_XX.wav,ai-service\data\raw\CREMA-D\AudioWAV\1073_TIE_FEA_XX.wav,1073,TIE,FEA,fear,XX,train
1073_TIE_HAP_XX.wav,ai-service\data\raw\CREMA-D\AudioWAV\1073_TIE_HAP_XX.wav,1073,TIE,HAP,happy,XX,train
1073_TIE_NEU_XX.wav,ai-service\data\raw\CREMA-D\AudioWAV\1073_TIE_NEU_XX.wav,1073,TIE,NEU,neutral,XX,train
1073_TIE_SAD_XX.wav,ai-service\data\raw\CREMA-D\AudioWAV\1073_TIE_SAD_XX.wav,1073,TIE,SAD,sad,XX,train
1073_TSI_ANG_XX.wav,ai-service\data\raw\CREMA-D\AudioWAV\1073_TSI_ANG_XX.wav,1073,TSI,ANG,angry,XX,train
1073_TSI_DIS_XX.wav,ai-service\data\raw\CREMA-D\AudioWAV\1073_TSI_DIS_XX.wav,1073,TSI,DIS,disgust,XX,train
1073_TSI_FEA_XX.wav,ai-service\data\raw\CREMA-D\AudioWAV\1073_TSI_FEA_XX.wav,1073,TSI,FEA,fear,XX,train
1073_TSI_HAP_XX.wav,ai-service\data\raw\CREMA-D\AudioWAV\1073_TSI_HAP_XX.wav,1073,TSI,HAP,happy,XX,train
1073_TSI_NEU_XX.wav,ai-service\data\raw\CREMA-D\AudioWAV\1073_TSI_NEU_XX.wav,1073,TSI,NEU,neutral,XX,train
1073_TSI_SAD_XX.wav,ai-service\data\raw\CREMA-D\AudioWAV\1073_TSI_SAD_XX.wav,1073,TSI,SAD,sad,XX,train
1073_WSI_ANG_XX.wav,ai-service\data\raw\CREMA-D\AudioWAV\1073_WSI_ANG_XX.wav,1073,WSI,ANG,angry,XX,train
1073_WSI_DIS_XX.wav,ai-service\data\raw\CREMA-D\AudioWAV\1073_WSI_DIS_XX.wav,1073,WSI,DIS,disgust,XX,train
1073_WSI_FEA_XX.wav,ai-service\data\raw\CREMA-D\AudioWAV\1073_WSI_FEA_XX.wav,1073,WSI,FEA,fear,XX,train
1073_WSI_HAP_XX.wav,ai-service\data\raw\CREMA-D\AudioWAV\1073_WSI_HAP_XX.wav,1073,WSI,HAP,happy,XX,train
1073_WSI_NEU_XX.wav,ai-service\data\raw\CREMA-D\AudioWAV\1073_WSI_NEU_XX.wav,1073,WSI,NEU,neutral,XX,train
1073_WSI_SAD_XX.wav,ai-service\data\raw\CREMA-D\AudioWAV\1073_WSI_SAD_XX.wav,1073,WSI,SAD,sad,XX,train
1074_DFA_ANG_XX.wav,ai-service\data\raw\CREMA-D\AudioWAV\1074_DFA_ANG_XX.wav,1074,DFA,ANG,angry,XX,train
1074_DFA_DIS_XX.wav,ai-service\data\raw\CREMA-D\AudioWAV\1074_DFA_DIS_XX.wav,1074,DFA,DIS,disgust,XX,train
1074_DFA_FEA_XX.wav,ai-service\data\raw\CREMA-D\AudioWAV\1074_DFA_FEA_XX.wav,1074,DFA,FEA,fear,XX,train
1074_DFA_HAP_XX.wav,ai-service\data\raw\CREMA-D\AudioWAV\1074_DFA_HAP_XX.wav,1074,DFA,HAP,happy,XX,train
1074_DFA_NEU_XX.wav,ai-service\data\raw\CREMA-D\AudioWAV\1074_DFA_NEU_XX.wav,1074,DFA,NEU,neutral,XX,train
1074_DFA_SAD_XX.wav,ai-service\data\raw\CREMA-D\AudioWAV\1074_DFA_SAD_XX.wav,1074,DFA,SAD,sad,XX,train
1074_IEO_ANG_HI.wav,ai-service\data\raw\CREMA-D\AudioWAV\1074_IEO_ANG_HI.wav,1074,IEO,ANG,angry,HI,train
1074_IEO_ANG_LO.wav,ai-service\data\raw\CREMA-D\AudioWAV\1074_IEO_ANG_LO.wav,1074,IEO,ANG,angry,LO,train
1074_IEO_ANG_MD.wav,ai-service\data\raw\CREMA-D\AudioWAV\1074_IEO_ANG_MD.wav,1074,IEO,ANG,angry,MD,train
1074_IEO_DIS_HI.wav,ai-service\data\raw\CREMA-D\AudioWAV\1074_IEO_DIS_HI.wav,1074,IEO,DIS,disgust,HI,train
1074_IEO_DIS_LO.wav,ai-service\data\raw\CREMA-D\AudioWAV\1074_IEO_DIS_LO.wav,1074,IEO,DIS,disgust,LO,train
1074_IEO_DIS_MD.wav,ai-service\data\raw\CREMA-D\AudioWAV\1074_IEO_DIS_MD.wav,1074,IEO,DIS,disgust,MD,train
1074_IEO_FEA_HI.wav,ai-service\data\raw\CREMA-D\AudioWAV\1074_IEO_FEA_HI.wav,1074,IEO,FEA,fear,HI,train
1074_IEO_FEA_LO.wav,ai-service\data\raw\CREMA-D\AudioWAV\1074_IEO_FEA_LO.wav,1074,IEO,FEA,fear,LO,train
1074_IEO_FEA_MD.wav,ai-service\data\raw\CREMA-D\AudioWAV\1074_IEO_FEA_MD.wav,1074,IEO,FEA,fear,MD,train
1074_IEO_HAP_HI.wav,ai-service\data\raw\CREMA-D\AudioWAV\1074_IEO_HAP_HI.wav,1074,IEO,HAP,happy,HI,train
1074_IEO_HAP_LO.wav,ai-service\data\raw\CREMA-D\AudioWAV\1074_IEO_HAP_LO.wav,1074,IEO,HAP,happy,LO,train
1074_IEO_HAP_MD.wav,ai-service\data\raw\CREMA-D\AudioWAV\1074_IEO_HAP_MD.wav,1074,IEO,HAP,happy,MD,train
1074_IEO_NEU_XX.wav,ai-service\data\raw\CREMA-D\AudioWAV\1074_IEO_NEU_XX.wav,1074,IEO,NEU,neutral,XX,train
1074_IEO_SAD_HI.wav,ai-service\data\raw\CREMA-D\AudioWAV\1074_IEO_SAD_HI.wav,1074,IEO,SAD,sad,HI,train
1074_IEO_SAD_LO.wav,ai-service\data\raw\CREMA-D\AudioWAV\1074_IEO_SAD_LO.wav,1074,IEO,SAD,sad,LO,train
1074_IEO_SAD_MD.wav,ai-service\data\raw\CREMA-D\AudioWAV\1074_IEO_SAD_MD.wav,1074,IEO,SAD,sad,MD,train
1074_IOM_ANG_XX.wav,ai-service\data\raw\CREMA-D\AudioWAV\1074_IOM_ANG_XX.wav,1074,IOM,ANG,angry,XX,train
1074_IOM_DIS_XX.wav,ai-service\data\raw\CREMA-D\AudioWAV\1074_IOM_DIS_XX.wav,1074,IOM,DIS,disgust,XX,train
1074_IOM_FEA_XX.wav,ai-service\data\raw\CREMA-D\AudioWAV\1074_IOM_FEA_XX.wav,1074,IOM,FEA,fear,XX,train
1074_IOM_HAP_XX.wav,ai-service\data\raw\CREMA-D\AudioWAV\1074_IOM_HAP_XX.wav,1074,IOM,HAP,happy,XX,train
1074_IOM_NEU_XX.wav,ai-service\data\raw\CREMA-D\AudioWAV\1074_IOM_NEU_XX.wav,1074,IOM,NEU,neutral,XX,train
1074_IOM_SAD_XX.wav,ai-service\data\raw\CREMA-D\AudioWAV\1074_IOM_SAD_XX.wav,1074,IOM,SAD,sad,XX,train
1074_ITH_ANG_XX.wav,ai-service\data\raw\CREMA-D\AudioWAV\1074_ITH_ANG_XX.wav,1074,ITH,ANG,angry,XX,train
1074_ITH_DIS_XX.wav,ai-service\data\raw\CREMA-D\AudioWAV\1074_ITH_DIS_XX.wav,1074,ITH,DIS,disgust,XX,train
1074_ITH_FEA_XX.wav,ai-service\data\raw\CREMA-D\AudioWAV\1074_ITH_FEA_XX.wav,1074,ITH,FEA,fear,XX,train
1074_ITH_HAP_XX.wav,ai-service\data\raw\CREMA-D\AudioWAV\1074_ITH_HAP_XX.wav,1074,ITH,HAP,happy,XX,train
1074_ITH_NEU_XX.wav,ai-service\data\raw\CREMA-D\AudioWAV\1074_ITH_NEU_XX.wav,1074,ITH,NEU,neutral,XX,train
1074_ITH_SAD_XX.wav,ai-service\data\raw\CREMA-D\AudioWAV\1074_ITH_SAD_XX.wav,1074,ITH,SAD,sad,XX,train
1074_ITS_ANG_XX.wav,ai-service\data\raw\CREMA-D\AudioWAV\1074_ITS_ANG_XX.wav,1074,ITS,ANG,angry,XX,train
1074_ITS_DIS_XX.wav,ai-service\data\raw\CREMA-D\AudioWAV\1074_ITS_DIS_XX.wav,1074,ITS,DIS,disgust,XX,train
1074_ITS_FEA_XX.wav,ai-service\data\raw\CREMA-D\AudioWAV\1074_ITS_FEA_XX.wav,1074,ITS,FEA,fear,XX,train
1074_ITS_HAP_XX.wav,ai-service\data\raw\CREMA-D\AudioWAV\1074_ITS_HAP_XX.wav,1074,ITS,HAP,happy,XX,train
1074_ITS_NEU_XX.wav,ai-service\data\raw\CREMA-D\AudioWAV\1074_ITS_NEU_XX.wav,1074,ITS,NEU,neutral,XX,train
1074_ITS_SAD_XX.wav,ai-service\data\raw\CREMA-D\AudioWAV\1074_ITS_SAD_XX.wav,1074,ITS,SAD,sad,XX,train
1074_IWL_ANG_XX.wav,ai-service\data\raw\CREMA-D\AudioWAV\1074_IWL_ANG_XX.wav,1074,IWL,ANG,angry,XX,train
1074_IWL_DIS_XX.wav,ai-service\data\raw\CREMA-D\AudioWAV\1074_IWL_DIS_XX.wav,1074,IWL,DIS,disgust,XX,train
1074_IWL_FEA_XX.wav,ai-service\data\raw\CREMA-D\AudioWAV\1074_IWL_FEA_XX.wav,1074,IWL,FEA,fear,XX,train
1074_IWL_HAP_XX.wav,ai-service\data\raw\CREMA-D\AudioWAV\1074_IWL_HAP_XX.wav,1074,IWL,HAP,happy,XX,train
1074_IWL_NEU_XX.wav,ai-service\data\raw\CREMA-D\AudioWAV\1074_IWL_NEU_XX.wav,1074,IWL,NEU,neutral,XX,train
1074_IWL_SAD_XX.wav,ai-service\data\raw\CREMA-D\AudioWAV\1074_IWL_SAD_XX.wav,1074,IWL,SAD,sad,XX,train
1074_IWW_ANG_XX.wav,ai-service\data\raw\CREMA-D\AudioWAV\1074_IWW_ANG_XX.wav,1074,IWW,ANG,angry,XX,train
1074_IWW_DIS_XX.wav,ai-service\data\raw\CREMA-D\AudioWAV\1074_IWW_DIS_XX.wav,1074,IWW,DIS,disgust,XX,train
1074_IWW_FEA_XX.wav,ai-service\data\raw\CREMA-D\AudioWAV\1074_IWW_FEA_XX.wav,1074,IWW,FEA,fear,XX,train
1074_IWW_HAP_XX.wav,ai-service\data\raw\CREMA-D\AudioWAV\1074_IWW_HAP_XX.wav,1074,IWW,HAP,happy,XX,train
1074_IWW_NEU_XX.wav,ai-service\data\raw\CREMA-D\AudioWAV\1074_IWW_NEU_XX.wav,1074,IWW,NEU,neutral,XX,train
1074_IWW_SAD_XX.wav,ai-service\data\raw\CREMA-D\AudioWAV\1074_IWW_SAD_XX.wav,1074,IWW,SAD,sad,XX,train
1074_MTI_ANG_XX.wav,ai-service\data\raw\CREMA-D\AudioWAV\1074_MTI_ANG_XX.wav,1074,MTI,ANG,angry,XX,train
1074_MTI_DIS_XX.wav,ai-service\data\raw\CREMA-D\AudioWAV\1074_MTI_DIS_XX.wav,1074,MTI,DIS,disgust,XX,train
1074_MTI_FEA_XX.wav,ai-service\data\raw\CREMA-D\AudioWAV\1074_MTI_FEA_XX.wav,1074,MTI,FEA,fear,XX,train
1074_MTI_HAP_XX.wav,ai-service\data\raw\CREMA-D\AudioWAV\1074_MTI_HAP_XX.wav,1074,MTI,HAP,happy,XX,train
1074_MTI_NEU_XX.wav,ai-service\data\raw\CREMA-D\AudioWAV\1074_MTI_NEU_XX.wav,1074,MTI,NEU,neutral,XX,train
1074_MTI_SAD_XX.wav,ai-service\data\raw\CREMA-D\AudioWAV\1074_MTI_SAD_XX.wav,1074,MTI,SAD,sad,XX,train
1074_TAI_ANG_XX.wav,ai-service\data\raw\CREMA-D\AudioWAV\1074_TAI_ANG_XX.wav,1074,TAI,ANG,angry,XX,train
1074_TAI_DIS_XX.wav,ai-service\data\raw\CREMA-D\AudioWAV\1074_TAI_DIS_XX.wav,1074,TAI,DIS,disgust,XX,train
1074_TAI_FEA_XX.wav,ai-service\data\raw\CREMA-D\AudioWAV\1074_TAI_FEA_XX.wav,1074,TAI,FEA,fear,XX,train
1074_TAI_HAP_XX.wav,ai-service\data\raw\CREMA-D\AudioWAV\1074_TAI_HAP_XX.wav,1074,TAI,HAP,happy,XX,train
1074_TAI_NEU_XX.wav,ai-service\data\raw\CREMA-D\AudioWAV\1074_TAI_NEU_XX.wav,1074,TAI,NEU,neutral,XX,train
1074_TAI_SAD_XX.wav,ai-service\data\raw\CREMA-D\AudioWAV\1074_TAI_SAD_XX.wav,1074,TAI,SAD,sad,XX,train
1074_TIE_ANG_XX.wav,ai-service\data\raw\CREMA-D\AudioWAV\1074_TIE_ANG_XX.wav,1074,TIE,ANG,angry,XX,train
1074_TIE_DIS_XX.wav,ai-service\data\raw\CREMA-D\AudioWAV\1074_TIE_DIS_XX.wav,1074,TIE,DIS,disgust,XX,train
1074_TIE_FEA_XX.wav,ai-service\data\raw\CREMA-D\AudioWAV\1074_TIE_FEA_XX.wav,1074,TIE,FEA,fear,XX,train
1074_TIE_HAP_XX.wav,ai-service\data\raw\CREMA-D\AudioWAV\1074_TIE_HAP_XX.wav,1074,TIE,HAP,happy,XX,train
1074_TIE_NEU_XX.wav,ai-service\data\raw\CREMA-D\AudioWAV\1074_TIE_NEU_XX.wav,1074,TIE,NEU,neutral,XX,train
1074_TIE_SAD_XX.wav,ai-service\data\raw\CREMA-D\AudioWAV\1074_TIE_SAD_XX.wav,1074,TIE,SAD,sad,XX,train
1074_TSI_ANG_XX.wav,ai-service\data\raw\CREMA-D\AudioWAV\1074_TSI_ANG_XX.wav,1074,TSI,ANG,angry,XX,train
1074_TSI_DIS_XX.wav,ai-service\data\raw\CREMA-D\AudioWAV\1074_TSI_DIS_XX.wav,1074,TSI,DIS,disgust,XX,train
1074_TSI_FEA_XX.wav,ai-service\data\raw\CREMA-D\AudioWAV\1074_TSI_FEA_XX.wav,1074,TSI,FEA,fear,XX,train
1074_TSI_HAP_XX.wav,ai-service\data\raw\CREMA-D\AudioWAV\1074_TSI_HAP_XX.wav,1074,TSI,HAP,happy,XX,train
1074_TSI_NEU_XX.wav,ai-service\data\raw\CREMA-D\AudioWAV\1074_TSI_NEU_XX.wav,1074,TSI,NEU,neutral,XX,train
1074_TSI_SAD_XX.wav,ai-service\data\raw\CREMA-D\AudioWAV\1074_TSI_SAD_XX.wav,1074,TSI,SAD,sad,XX,train
1074_WSI_ANG_XX.wav,ai-service\data\raw\CREMA-D\AudioWAV\1074_WSI_ANG_XX.wav,1074,WSI,ANG,angry,XX,train
1074_WSI_DIS_XX.wav,ai-service\data\raw\CREMA-D\AudioWAV\1074_WSI_DIS_XX.wav,1074,WSI,DIS,disgust,XX,train
1074_WSI_FEA_XX.wav,ai-service\data\raw\CREMA-D\AudioWAV\1074_WSI_FEA_XX.wav,1074,WSI,FEA,fear,XX,train
1074_WSI_HAP_XX.wav,ai-service\data\raw\CREMA-D\AudioWAV\1074_WSI_HAP_XX.wav,1074,WSI,HAP,happy,XX,train
1074_WSI_NEU_XX.wav,ai-service\data\raw\CREMA-D\AudioWAV\1074_WSI_NEU_XX.wav,1074,WSI,NEU,neutral,XX,train
1074_WSI_SAD_XX.wav,ai-service\data\raw\CREMA-D\AudioWAV\1074_WSI_SAD_XX.wav,1074,WSI,SAD,sad,XX,train
1075_DFA_ANG_XX.wav,ai-service\data\raw\CREMA-D\AudioWAV\1075_DFA_ANG_XX.wav,1075,DFA,ANG,angry,XX,train
1075_DFA_DIS_XX.wav,ai-service\data\raw\CREMA-D\AudioWAV\1075_DFA_DIS_XX.wav,1075,DFA,DIS,disgust,XX,train
1075_DFA_FEA_XX.wav,ai-service\data\raw\CREMA-D\AudioWAV\1075_DFA_FEA_XX.wav,1075,DFA,FEA,fear,XX,train
1075_DFA_HAP_XX.wav,ai-service\data\raw\CREMA-D\AudioWAV\1075_DFA_HAP_XX.wav,1075,DFA,HAP,happy,XX,train
1075_DFA_NEU_XX.wav,ai-service\data\raw\CREMA-D\AudioWAV\1075_DFA_NEU_XX.wav,1075,DFA,NEU,neutral,XX,train
1075_DFA_SAD_XX.wav,ai-service\data\raw\CREMA-D\AudioWAV\1075_DFA_SAD_XX.wav,1075,DFA,SAD,sad,XX,train
1075_IEO_ANG_HI.wav,ai-service\data\raw\CREMA-D\AudioWAV\1075_IEO_ANG_HI.wav,1075,IEO,ANG,angry,HI,train
1075_IEO_ANG_LO.wav,ai-service\data\raw\CREMA-D\AudioWAV\1075_IEO_ANG_LO.wav,1075,IEO,ANG,angry,LO,train
1075_IEO_ANG_MD.wav,ai-service\data\raw\CREMA-D\AudioWAV\1075_IEO_ANG_MD.wav,1075,IEO,ANG,angry,MD,train
1075_IEO_DIS_HI.wav,ai-service\data\raw\CREMA-D\AudioWAV\1075_IEO_DIS_HI.wav,1075,IEO,DIS,disgust,HI,train
1075_IEO_DIS_LO.wav,ai-service\data\raw\CREMA-D\AudioWAV\1075_IEO_DIS_LO.wav,1075,IEO,DIS,disgust,LO,train
1075_IEO_DIS_MD.wav,ai-service\data\raw\CREMA-D\AudioWAV\1075_IEO_DIS_MD.wav,1075,IEO,DIS,disgust,MD,train
1075_IEO_FEA_HI.wav,ai-service\data\raw\CREMA-D\AudioWAV\1075_IEO_FEA_HI.wav,1075,IEO,FEA,fear,HI,train
1075_IEO_FEA_LO.wav,ai-service\data\raw\CREMA-D\AudioWAV\1075_IEO_FEA_LO.wav,1075,IEO,FEA,fear,LO,train
1075_IEO_FEA_MD.wav,ai-service\data\raw\CREMA-D\AudioWAV\1075_IEO_FEA_MD.wav,1075,IEO,FEA,fear,MD,train
1075_IEO_HAP_HI.wav,ai-service\data\raw\CREMA-D\AudioWAV\1075_IEO_HAP_HI.wav,1075,IEO,HAP,happy,HI,train
1075_IEO_HAP_LO.wav,ai-service\data\raw\CREMA-D\AudioWAV\1075_IEO_HAP_LO.wav,1075,IEO,HAP,happy,LO,train
1075_IEO_HAP_MD.wav,ai-service\data\raw\CREMA-D\AudioWAV\1075_IEO_HAP_MD.wav,1075,IEO,HAP,happy,MD,train
1075_IEO_NEU_XX.wav,ai-service\data\raw\CREMA-D\AudioWAV\1075_IEO_NEU_XX.wav,1075,IEO,NEU,neutral,XX,train
1075_IEO_SAD_HI.wav,ai-service\data\raw\CREMA-D\AudioWAV\1075_IEO_SAD_HI.wav,1075,IEO,SAD,sad,HI,train
1075_IEO_SAD_LO.wav,ai-service\data\raw\CREMA-D\AudioWAV\1075_IEO_SAD_LO.wav,1075,IEO,SAD,sad,LO,train
1075_IEO_SAD_MD.wav,ai-service\data\raw\CREMA-D\AudioWAV\1075_IEO_SAD_MD.wav,1075,IEO,SAD,sad,MD,train
1075_IOM_ANG_XX.wav,ai-service\data\raw\CREMA-D\AudioWAV\1075_IOM_ANG_XX.wav,1075,IOM,ANG,angry,XX,train
1075_IOM_DIS_XX.wav,ai-service\data\raw\CREMA-D\AudioWAV\1075_IOM_DIS_XX.wav,1075,IOM,DIS,disgust,XX,train
1075_IOM_FEA_XX.wav,ai-service\data\raw\CREMA-D\AudioWAV\1075_IOM_FEA_XX.wav,1075,IOM,FEA,fear,XX,train
1075_IOM_HAP_XX.wav,ai-service\data\raw\CREMA-D\AudioWAV\1075_IOM_HAP_XX.wav,1075,IOM,HAP,happy,XX,train
1075_IOM_NEU_XX.wav,ai-service\data\raw\CREMA-D\AudioWAV\1075_IOM_NEU_XX.wav,1075,IOM,NEU,neutral,XX,train
1075_IOM_SAD_XX.wav,ai-service\data\raw\CREMA-D\AudioWAV\1075_IOM_SAD_XX.wav,1075,IOM,SAD,sad,XX,train
1075_ITH_ANG_XX.wav,ai-service\data\raw\CREMA-D\AudioWAV\1075_ITH_ANG_XX.wav,1075,ITH,ANG,angry,XX,train
1075_ITH_DIS_XX.wav,ai-service\data\raw\CREMA-D\AudioWAV\1075_ITH_DIS_XX.wav,1075,ITH,DIS,disgust,XX,train
1075_ITH_FEA_XX.wav,ai-service\data\raw\CREMA-D\AudioWAV\1075_ITH_FEA_XX.wav,1075,ITH,FEA,fear,XX,train
1075_ITH_HAP_XX.wav,ai-service\data\raw\CREMA-D\AudioWAV\1075_ITH_HAP_XX.wav,1075,ITH,HAP,happy,XX,train
1075_ITH_NEU_XX.wav,ai-service\data\raw\CREMA-D\AudioWAV\1075_ITH_NEU_XX.wav,1075,ITH,NEU,neutral,XX,train
1075_ITH_SAD_XX.wav,ai-service\data\raw\CREMA-D\AudioWAV\1075_ITH_SAD_XX.wav,1075,ITH,SAD,sad,XX,train
1075_ITS_ANG_XX.wav,ai-service\data\raw\CREMA-D\AudioWAV\1075_ITS_ANG_XX.wav,1075,ITS,ANG,angry,XX,train
1075_ITS_DIS_XX.wav,ai-service\data\raw\CREMA-D\AudioWAV\1075_ITS_DIS_XX.wav,1075,ITS,DIS,disgust,XX,train
1075_ITS_FEA_XX.wav,ai-service\data\raw\CREMA-D\AudioWAV\1075_ITS_FEA_XX.wav,1075,ITS,FEA,fear,XX,train
1075_ITS_HAP_XX.wav,ai-service\data\raw\CREMA-D\AudioWAV\1075_ITS_HAP_XX.wav,1075,ITS,HAP,happy,XX,train
1075_ITS_NEU_XX.wav,ai-service\data\raw\CREMA-D\AudioWAV\1075_ITS_NEU_XX.wav,1075,ITS,NEU,neutral,XX,train
1075_ITS_SAD_XX.wav,ai-service\data\raw\CREMA-D\AudioWAV\1075_ITS_SAD_XX.wav,1075,ITS,SAD,sad,XX,train
1075_IWL_ANG_XX.wav,ai-service\data\raw\CREMA-D\AudioWAV\1075_IWL_ANG_XX.wav,1075,IWL,ANG,angry,XX,train
1075_IWL_DIS_XX.wav,ai-service\data\raw\CREMA-D\AudioWAV\1075_IWL_DIS_XX.wav,1075,IWL,DIS,disgust,XX,train
1075_IWL_FEA_XX.wav,ai-service\data\raw\CREMA-D\AudioWAV\1075_IWL_FEA_XX.wav,1075,IWL,FEA,fear,XX,train
1075_IWL_HAP_XX.wav,ai-service\data\raw\CREMA-D\AudioWAV\1075_IWL_HAP_XX.wav,1075,IWL,HAP,happy,XX,train
1075_IWL_NEU_XX.wav,ai-service\data\raw\CREMA-D\AudioWAV\1075_IWL_NEU_XX.wav,1075,IWL,NEU,neutral,XX,train
1075_IWL_SAD_XX.wav,ai-service\data\raw\CREMA-D\AudioWAV\1075_IWL_SAD_XX.wav,1075,IWL,SAD,sad,XX,train
1075_IWW_ANG_XX.wav,ai-service\data\raw\CREMA-D\AudioWAV\1075_IWW_ANG_XX.wav,1075,IWW,ANG,angry,XX,train
1075_IWW_DIS_XX.wav,ai-service\data\raw\CREMA-D\AudioWAV\1075_IWW_DIS_XX.wav,1075,IWW,DIS,disgust,XX,train
1075_IWW_FEA_XX.wav,ai-service\data\raw\CREMA-D\AudioWAV\1075_IWW_FEA_XX.wav,1075,IWW,FEA,fear,XX,train
1075_IWW_HAP_XX.wav,ai-service\data\raw\CREMA-D\AudioWAV\1075_IWW_HAP_XX.wav,1075,IWW,HAP,happy,XX,train
1075_IWW_NEU_XX.wav,ai-service\data\raw\CREMA-D\AudioWAV\1075_IWW_NEU_XX.wav,1075,IWW,NEU,neutral,XX,train
1075_IWW_SAD_XX.wav,ai-service\data\raw\CREMA-D\AudioWAV\1075_IWW_SAD_XX.wav,1075,IWW,SAD,sad,XX,train
1075_MTI_ANG_XX.wav,ai-service\data\raw\CREMA-D\AudioWAV\1075_MTI_ANG_XX.wav,1075,MTI,ANG,angry,XX,train
1075_MTI_DIS_XX.wav,ai-service\data\raw\CREMA-D\AudioWAV\1075_MTI_DIS_XX.wav,1075,MTI,DIS,disgust,XX,train
1075_MTI_FEA_XX.wav,ai-service\data\raw\CREMA-D\AudioWAV\1075_MTI_FEA_XX.wav,1075,MTI,FEA,fear,XX,train
1075_MTI_HAP_XX.wav,ai-service\data\raw\CREMA-D\AudioWAV\1075_MTI_HAP_XX.wav,1075,MTI,HAP,happy,XX,train
1075_MTI_NEU_XX.wav,ai-service\data\raw\CREMA-D\AudioWAV\1075_MTI_NEU_XX.wav,1075,MTI,NEU,neutral,XX,train
1075_MTI_SAD_XX.wav,ai-service\data\raw\CREMA-D\AudioWAV\1075_MTI_SAD_XX.wav,1075,MTI,SAD,sad,XX,train
1075_TAI_ANG_XX.wav,ai-service\data\raw\CREMA-D\AudioWAV\1075_TAI_ANG_XX.wav,1075,TAI,ANG,angry,XX,train
1075_TAI_DIS_XX.wav,ai-service\data\raw\CREMA-D\AudioWAV\1075_TAI_DIS_XX.wav,1075,TAI,DIS,disgust,XX,train
1075_TAI_FEA_XX.wav,ai-service\data\raw\CREMA-D\AudioWAV\1075_TAI_FEA_XX.wav,1075,TAI,FEA,fear,XX,train
1075_TAI_HAP_XX.wav,ai-service\data\raw\CREMA-D\AudioWAV\1075_TAI_HAP_XX.wav,1075,TAI,HAP,happy,XX,train
1075_TAI_NEU_XX.wav,ai-service\data\raw\CREMA-D\AudioWAV\1075_TAI_NEU_XX.wav,1075,TAI,NEU,neutral,XX,train
1075_TAI_SAD_XX.wav,ai-service\data\raw\CREMA-D\AudioWAV\1075_TAI_SAD_XX.wav,1075,TAI,SAD,sad,XX,train
1075_TIE_ANG_XX.wav,ai-service\data\raw\CREMA-D\AudioWAV\1075_TIE_ANG_XX.wav,1075,TIE,ANG,angry,XX,train
1075_TIE_DIS_XX.wav,ai-service\data\raw\CREMA-D\AudioWAV\1075_TIE_DIS_XX.wav,1075,TIE,DIS,disgust,XX,train
1075_TIE_FEA_XX.wav,ai-service\data\raw\CREMA-D\AudioWAV\1075_TIE_FEA_XX.wav,1075,TIE,FEA,fear,XX,train
1075_TIE_HAP_XX.wav,ai-service\data\raw\CREMA-D\AudioWAV\1075_TIE_HAP_XX.wav,1075,TIE,HAP,happy,XX,train
1075_TIE_NEU_XX.wav,ai-service\data\raw\CREMA-D\AudioWAV\1075_TIE_NEU_XX.wav,1075,TIE,NEU,neutral,XX,train
1075_TIE_SAD_XX.wav,ai-service\data\raw\CREMA-D\AudioWAV\1075_TIE_SAD_XX.wav,1075,TIE,SAD,sad,XX,train
1075_TSI_ANG_XX.wav,ai-service\data\raw\CREMA-D\AudioWAV\1075_TSI_ANG_XX.wav,1075,TSI,ANG,angry,XX,train
1075_TSI_DIS_XX.wav,ai-service\data\raw\CREMA-D\AudioWAV\1075_TSI_DIS_XX.wav,1075,TSI,DIS,disgust,XX,train
1075_TSI_FEA_XX.wav,ai-service\data\raw\CREMA-D\AudioWAV\1075_TSI_FEA_XX.wav,1075,TSI,FEA,fear,XX,train
1075_TSI_HAP_XX.wav,ai-service\data\raw\CREMA-D\AudioWAV\1075_TSI_HAP_XX.wav,1075,TSI,HAP,happy,XX,train
1075_TSI_NEU_XX.wav,ai-service\data\raw\CREMA-D\AudioWAV\1075_TSI_NEU_XX.wav,1075,TSI,NEU,neutral,XX,train
1075_TSI_SAD_XX.wav,ai-service\data\raw\CREMA-D\AudioWAV\1075_TSI_SAD_XX.wav,1075,TSI,SAD,sad,XX,train
1075_WSI_ANG_XX.wav,ai-service\data\raw\CREMA-D\AudioWAV\1075_WSI_ANG_XX.wav,1075,WSI,ANG,angry,XX,train
1075_WSI_DIS_XX.wav,ai-service\data\raw\CREMA-D\AudioWAV\1075_WSI_DIS_XX.wav,1075,WSI,DIS,disgust,XX,train
1075_WSI_FEA_XX.wav,ai-service\data\raw\CREMA-D\AudioWAV\1075_WSI_FEA_XX.wav,1075,WSI,FEA,fear,XX,train
1075_WSI_HAP_XX.wav,ai-service\data\raw\CREMA-D\AudioWAV\1075_WSI_HAP_XX.wav,1075,WSI,HAP,happy,XX,train
1075_WSI_NEU_XX.wav,ai-service\data\raw\CREMA-D\AudioWAV\1075_WSI_NEU_XX.wav,1075,WSI,NEU,neutral,XX,train
1075_WSI_SAD_XX.wav,ai-service\data\raw\CREMA-D\AudioWAV\1075_WSI_SAD_XX.wav,1075,WSI,SAD,sad,XX,train
1077_DFA_ANG_XX.wav,ai-service\data\raw\CREMA-D\AudioWAV\1077_DFA_ANG_XX.wav,1077,DFA,ANG,angry,XX,train
1077_DFA_DIS_XX.wav,ai-service\data\raw\CREMA-D\AudioWAV\1077_DFA_DIS_XX.wav,1077,DFA,DIS,disgust,XX,train
1077_DFA_FEA_XX.wav,ai-service\data\raw\CREMA-D\AudioWAV\1077_DFA_FEA_XX.wav,1077,DFA,FEA,fear,XX,train
1077_DFA_HAP_XX.wav,ai-service\data\raw\CREMA-D\AudioWAV\1077_DFA_HAP_XX.wav,1077,DFA,HAP,happy,XX,train
1077_DFA_NEU_XX.wav,ai-service\data\raw\CREMA-D\AudioWAV\1077_DFA_NEU_XX.wav,1077,DFA,NEU,neutral,XX,train
1077_DFA_SAD_XX.wav,ai-service\data\raw\CREMA-D\AudioWAV\1077_DFA_SAD_XX.wav,1077,DFA,SAD,sad,XX,train
1077_IEO_ANG_HI.wav,ai-service\data\raw\CREMA-D\AudioWAV\1077_IEO_ANG_HI.wav,1077,IEO,ANG,angry,HI,train
1077_IEO_ANG_LO.wav,ai-service\data\raw\CREMA-D\AudioWAV\1077_IEO_ANG_LO.wav,1077,IEO,ANG,angry,LO,train
1077_IEO_ANG_MD.wav,ai-service\data\raw\CREMA-D\AudioWAV\1077_IEO_ANG_MD.wav,1077,IEO,ANG,angry,MD,train
1077_IEO_DIS_HI.wav,ai-service\data\raw\CREMA-D\AudioWAV\1077_IEO_DIS_HI.wav,1077,IEO,DIS,disgust,HI,train
1077_IEO_DIS_LO.wav,ai-service\data\raw\CREMA-D\AudioWAV\1077_IEO_DIS_LO.wav,1077,IEO,DIS,disgust,LO,train
1077_IEO_DIS_MD.wav,ai-service\data\raw\CREMA-D\AudioWAV\1077_IEO_DIS_MD.wav,1077,IEO,DIS,disgust,MD,train
1077_IEO_FEA_HI.wav,ai-service\data\raw\CREMA-D\AudioWAV\1077_IEO_FEA_HI.wav,1077,IEO,FEA,fear,HI,train
1077_IEO_FEA_LO.wav,ai-service\data\raw\CREMA-D\AudioWAV\1077_IEO_FEA_LO.wav,1077,IEO,FEA,fear,LO,train
1077_IEO_FEA_MD.wav,ai-service\data\raw\CREMA-D\AudioWAV\1077_IEO_FEA_MD.wav,1077,IEO,FEA,fear,MD,train
1077_IEO_HAP_HI.wav,ai-service\data\raw\CREMA-D\AudioWAV\1077_IEO_HAP_HI.wav,1077,IEO,HAP,happy,HI,train
1077_IEO_HAP_LO.wav,ai-service\data\raw\CREMA-D\AudioWAV\1077_IEO_HAP_LO.wav,1077,IEO,HAP,happy,LO,train
1077_IEO_HAP_MD.wav,ai-service\data\raw\CREMA-D\AudioWAV\1077_IEO_HAP_MD.wav,1077,IEO,HAP,happy,MD,train
1077_IEO_NEU_XX.wav,ai-service\data\raw\CREMA-D\AudioWAV\1077_IEO_NEU_XX.wav,1077,IEO,NEU,neutral,XX,train
1077_IEO_SAD_HI.wav,ai-service\data\raw\CREMA-D\AudioWAV\1077_IEO_SAD_HI.wav,1077,IEO,SAD,sad,HI,train
1077_IEO_SAD_LO.wav,ai-service\data\raw\CREMA-D\AudioWAV\1077_IEO_SAD_LO.wav,1077,IEO,SAD,sad,LO,train
1077_IEO_SAD_MD.wav,ai-service\data\raw\CREMA-D\AudioWAV\1077_IEO_SAD_MD.wav,1077,IEO,SAD,sad,MD,train
1077_IOM_ANG_XX.wav,ai-service\data\raw\CREMA-D\AudioWAV\1077_IOM_ANG_XX.wav,1077,IOM,ANG,angry,XX,train
1077_IOM_DIS_XX.wav,ai-service\data\raw\CREMA-D\AudioWAV\1077_IOM_DIS_XX.wav,1077,IOM,DIS,disgust,XX,train
1077_IOM_FEA_XX.wav,ai-service\data\raw\CREMA-D\AudioWAV\1077_IOM_FEA_XX.wav,1077,IOM,FEA,fear,XX,train
1077_IOM_HAP_XX.wav,ai-service\data\raw\CREMA-D\AudioWAV\1077_IOM_HAP_XX.wav,1077,IOM,HAP,happy,XX,train
1077_IOM_NEU_XX.wav,ai-service\data\raw\CREMA-D\AudioWAV\1077_IOM_NEU_XX.wav,1077,IOM,NEU,neutral,XX,train
1077_IOM_SAD_XX.wav,ai-service\data\raw\CREMA-D\AudioWAV\1077_IOM_SAD_XX.wav,1077,IOM,SAD,sad,XX,train
1077_ITH_ANG_XX.wav,ai-service\data\raw\CREMA-D\AudioWAV\1077_ITH_ANG_XX.wav,1077,ITH,ANG,angry,XX,train
1077_ITH_DIS_XX.wav,ai-service\data\raw\CREMA-D\AudioWAV\1077_ITH_DIS_XX.wav,1077,ITH,DIS,disgust,XX,train
1077_ITH_FEA_XX.wav,ai-service\data\raw\CREMA-D\AudioWAV\1077_ITH_FEA_XX.wav,1077,ITH,FEA,fear,XX,train
1077_ITH_HAP_XX.wav,ai-service\data\raw\CREMA-D\AudioWAV\1077_ITH_HAP_XX.wav,1077,ITH,HAP,happy,XX,train
1077_ITH_NEU_XX.wav,ai-service\data\raw\CREMA-D\AudioWAV\1077_ITH_NEU_XX.wav,1077,ITH,NEU,neutral,XX,train
1077_ITH_SAD_XX.wav,ai-service\data\raw\CREMA-D\AudioWAV\1077_ITH_SAD_XX.wav,1077,ITH,SAD,sad,XX,train
1077_ITS_ANG_XX.wav,ai-service\data\raw\CREMA-D\AudioWAV\1077_ITS_ANG_XX.wav,1077,ITS,ANG,angry,XX,train
1077_ITS_DIS_XX.wav,ai-service\data\raw\CREMA-D\AudioWAV\1077_ITS_DIS_XX.wav,1077,ITS,DIS,disgust,XX,train
1077_ITS_FEA_XX.wav,ai-service\data\raw\CREMA-D\AudioWAV\1077_ITS_FEA_XX.wav,1077,ITS,FEA,fear,XX,train
1077_ITS_HAP_XX.wav,ai-service\data\raw\CREMA-D\AudioWAV\1077_ITS_HAP_XX.wav,1077,ITS,HAP,happy,XX,train
1077_ITS_NEU_XX.wav,ai-service\data\raw\CREMA-D\AudioWAV\1077_ITS_NEU_XX.wav,1077,ITS,NEU,neutral,XX,train
1077_ITS_SAD_XX.wav,ai-service\data\raw\CREMA-D\AudioWAV\1077_ITS_SAD_XX.wav,1077,ITS,SAD,sad,XX,train
1077_IWL_ANG_XX.wav,ai-service\data\raw\CREMA-D\AudioWAV\1077_IWL_ANG_XX.wav,1077,IWL,ANG,angry,XX,train
1077_IWL_DIS_XX.wav,ai-service\data\raw\CREMA-D\AudioWAV\1077_IWL_DIS_XX.wav,1077,IWL,DIS,disgust,XX,train
1077_IWL_FEA_XX.wav,ai-service\data\raw\CREMA-D\AudioWAV\1077_IWL_FEA_XX.wav,1077,IWL,FEA,fear,XX,train
1077_IWL_HAP_XX.wav,ai-service\data\raw\CREMA-D\AudioWAV\1077_IWL_HAP_XX.wav,1077,IWL,HAP,happy,XX,train
1077_IWL_NEU_XX.wav,ai-service\data\raw\CREMA-D\AudioWAV\1077_IWL_NEU_XX.wav,1077,IWL,NEU,neutral,XX,train
1077_IWL_SAD_XX.wav,ai-service\data\raw\CREMA-D\AudioWAV\1077_IWL_SAD_XX.wav,1077,IWL,SAD,sad,XX,train
1077_IWW_ANG_XX.wav,ai-service\data\raw\CREMA-D\AudioWAV\1077_IWW_ANG_XX.wav,1077,IWW,ANG,angry,XX,train
1077_IWW_DIS_XX.wav,ai-service\data\raw\CREMA-D\AudioWAV\1077_IWW_DIS_XX.wav,1077,IWW,DIS,disgust,XX,train
1077_IWW_FEA_XX.wav,ai-service\data\raw\CREMA-D\AudioWAV\1077_IWW_FEA_XX.wav,1077,IWW,FEA,fear,XX,train
1077_IWW_HAP_XX.wav,ai-service\data\raw\CREMA-D\AudioWAV\1077_IWW_HAP_XX.wav,1077,IWW,HAP,happy,XX,train
1077_IWW_NEU_XX.wav,ai-service\data\raw\CREMA-D\AudioWAV\1077_IWW_NEU_XX.wav,1077,IWW,NEU,neutral,XX,train
1077_IWW_SAD_XX.wav,ai-service\data\raw\CREMA-D\AudioWAV\1077_IWW_SAD_XX.wav,1077,IWW,SAD,sad,XX,train
1077_MTI_ANG_XX.wav,ai-service\data\raw\CREMA-D\AudioWAV\1077_MTI_ANG_XX.wav,1077,MTI,ANG,angry,XX,train
1077_MTI_DIS_XX.wav,ai-service\data\raw\CREMA-D\AudioWAV\1077_MTI_DIS_XX.wav,1077,MTI,DIS,disgust,XX,train
1077_MTI_FEA_XX.wav,ai-service\data\raw\CREMA-D\AudioWAV\1077_MTI_FEA_XX.wav,1077,MTI,FEA,fear,XX,train
1077_MTI_HAP_XX.wav,ai-service\data\raw\CREMA-D\AudioWAV\1077_MTI_HAP_XX.wav,1077,MTI,HAP,happy,XX,train
1077_MTI_NEU_XX.wav,ai-service\data\raw\CREMA-D\AudioWAV\1077_MTI_NEU_XX.wav,1077,MTI,NEU,neutral,XX,train
1077_MTI_SAD_XX.wav,ai-service\data\raw\CREMA-D\AudioWAV\1077_MTI_SAD_XX.wav,1077,MTI,SAD,sad,XX,train
1077_TAI_ANG_XX.wav,ai-service\data\raw\CREMA-D\AudioWAV\1077_TAI_ANG_XX.wav,1077,TAI,ANG,angry,XX,train
1077_TAI_DIS_XX.wav,ai-service\data\raw\CREMA-D\AudioWAV\1077_TAI_DIS_XX.wav,1077,TAI,DIS,disgust,XX,train
1077_TAI_FEA_XX.wav,ai-service\data\raw\CREMA-D\AudioWAV\1077_TAI_FEA_XX.wav,1077,TAI,FEA,fear,XX,train
1077_TAI_HAP_XX.wav,ai-service\data\raw\CREMA-D\AudioWAV\1077_TAI_HAP_XX.wav,1077,TAI,HAP,happy,XX,train
1077_TAI_NEU_XX.wav,ai-service\data\raw\CREMA-D\AudioWAV\1077_TAI_NEU_XX.wav,1077,TAI,NEU,neutral,XX,train
1077_TAI_SAD_XX.wav,ai-service\data\raw\CREMA-D\AudioWAV\1077_TAI_SAD_XX.wav,1077,TAI,SAD,sad,XX,train
1077_TIE_ANG_XX.wav,ai-service\data\raw\CREMA-D\AudioWAV\1077_TIE_ANG_XX.wav,1077,TIE,ANG,angry,XX,train
1077_TIE_DIS_XX.wav,ai-service\data\raw\CREMA-D\AudioWAV\1077_TIE_DIS_XX.wav,1077,TIE,DIS,disgust,XX,train
1077_TIE_FEA_XX.wav,ai-service\data\raw\CREMA-D\AudioWAV\1077_TIE_FEA_XX.wav,1077,TIE,FEA,fear,XX,train
1077_TIE_HAP_XX.wav,ai-service\data\raw\CREMA-D\AudioWAV\1077_TIE_HAP_XX.wav,1077,TIE,HAP,happy,XX,train
1077_TIE_NEU_XX.wav,ai-service\data\raw\CREMA-D\AudioWAV\1077_TIE_NEU_XX.wav,1077,TIE,NEU,neutral,XX,train
1077_TIE_SAD_XX.wav,ai-service\data\raw\CREMA-D\AudioWAV\1077_TIE_SAD_XX.wav,1077,TIE,SAD,sad,XX,train
1077_TSI_ANG_XX.wav,ai-service\data\raw\CREMA-D\AudioWAV\1077_TSI_ANG_XX.wav,1077,TSI,ANG,angry,XX,train
1077_TSI_DIS_XX.wav,ai-service\data\raw\CREMA-D\AudioWAV\1077_TSI_DIS_XX.wav,1077,TSI,DIS,disgust,XX,train
1077_TSI_FEA_XX.wav,ai-service\data\raw\CREMA-D\AudioWAV\1077_TSI_FEA_XX.wav,1077,TSI,FEA,fear,XX,train
1077_TSI_HAP_XX.wav,ai-service\data\raw\CREMA-D\AudioWAV\1077_TSI_HAP_XX.wav,1077,TSI,HAP,happy,XX,train
1077_TSI_NEU_XX.wav,ai-service\data\raw\CREMA-D\AudioWAV\1077_TSI_NEU_XX.wav,1077,TSI,NEU,neutral,XX,train
1077_TSI_SAD_XX.wav,ai-service\data\raw\CREMA-D\AudioWAV\1077_TSI_SAD_XX.wav,1077,TSI,SAD,sad,XX,train
1077_WSI_ANG_XX.wav,ai-service\data\raw\CREMA-D\AudioWAV\1077_WSI_ANG_XX.wav,1077,WSI,ANG,angry,XX,train
1077_WSI_DIS_XX.wav,ai-service\data\raw\CREMA-D\AudioWAV\1077_WSI_DIS_XX.wav,1077,WSI,DIS,disgust,XX,train
1077_WSI_FEA_XX.wav,ai-service\data\raw\CREMA-D\AudioWAV\1077_WSI_FEA_XX.wav,1077,WSI,FEA,fear,XX,train
1077_WSI_HAP_XX.wav,ai-service\data\raw\CREMA-D\AudioWAV\1077_WSI_HAP_XX.wav,1077,WSI,HAP,happy,XX,train
1077_WSI_NEU_XX.wav,ai-service\data\raw\CREMA-D\AudioWAV\1077_WSI_NEU_XX.wav,1077,WSI,NEU,neutral,XX,train
1077_WSI_SAD_XX.wav,ai-service\data\raw\CREMA-D\AudioWAV\1077_WSI_SAD_XX.wav,1077,WSI,SAD,sad,XX,train
1079_DFA_ANG_XX.wav,ai-service\data\raw\CREMA-D\AudioWAV\1079_DFA_ANG_XX.wav,1079,DFA,ANG,angry,XX,train
1079_DFA_DIS_XX.wav,ai-service\data\raw\CREMA-D\AudioWAV\1079_DFA_DIS_XX.wav,1079,DFA,DIS,disgust,XX,train
1079_DFA_FEA_XX.wav,ai-service\data\raw\CREMA-D\AudioWAV\1079_DFA_FEA_XX.wav,1079,DFA,FEA,fear,XX,train
1079_DFA_HAP_XX.wav,ai-service\data\raw\CREMA-D\AudioWAV\1079_DFA_HAP_XX.wav,1079,DFA,HAP,happy,XX,train
1079_DFA_NEU_XX.wav,ai-service\data\raw\CREMA-D\AudioWAV\1079_DFA_NEU_XX.wav,1079,DFA,NEU,neutral,XX,train
1079_DFA_SAD_XX.wav,ai-service\data\raw\CREMA-D\AudioWAV\1079_DFA_SAD_XX.wav,1079,DFA,SAD,sad,XX,train
1079_IEO_ANG_HI.wav,ai-service\data\raw\CREMA-D\AudioWAV\1079_IEO_ANG_HI.wav,1079,IEO,ANG,angry,HI,train
1079_IEO_ANG_LO.wav,ai-service\data\raw\CREMA-D\AudioWAV\1079_IEO_ANG_LO.wav,1079,IEO,ANG,angry,LO,train
1079_IEO_ANG_MD.wav,ai-service\data\raw\CREMA-D\AudioWAV\1079_IEO_ANG_MD.wav,1079,IEO,ANG,angry,MD,train
1079_IEO_DIS_HI.wav,ai-service\data\raw\CREMA-D\AudioWAV\1079_IEO_DIS_HI.wav,1079,IEO,DIS,disgust,HI,train
1079_IEO_DIS_LO.wav,ai-service\data\raw\CREMA-D\AudioWAV\1079_IEO_DIS_LO.wav,1079,IEO,DIS,disgust,LO,train
1079_IEO_DIS_MD.wav,ai-service\data\raw\CREMA-D\AudioWAV\1079_IEO_DIS_MD.wav,1079,IEO,DIS,disgust,MD,train
1079_IEO_FEA_HI.wav,ai-service\data\raw\CREMA-D\AudioWAV\1079_IEO_FEA_HI.wav,1079,IEO,FEA,fear,HI,train
1079_IEO_FEA_LO.wav,ai-service\data\raw\CREMA-D\AudioWAV\1079_IEO_FEA_LO.wav,1079,IEO,FEA,fear,LO,train
1079_IEO_FEA_MD.wav,ai-service\data\raw\CREMA-D\AudioWAV\1079_IEO_FEA_MD.wav,1079,IEO,FEA,fear,MD,train
1079_IEO_HAP_HI.wav,ai-service\data\raw\CREMA-D\AudioWAV\1079_IEO_HAP_HI.wav,1079,IEO,HAP,happy,HI,train
1079_IEO_HAP_LO.wav,ai-service\data\raw\CREMA-D\AudioWAV\1079_IEO_HAP_LO.wav,1079,IEO,HAP,happy,LO,train
1079_IEO_HAP_MD.wav,ai-service\data\raw\CREMA-D\AudioWAV\1079_IEO_HAP_MD.wav,1079,IEO,HAP,happy,MD,train
1079_IEO_NEU_XX.wav,ai-service\data\raw\CREMA-D\AudioWAV\1079_IEO_NEU_XX.wav,1079,IEO,NEU,neutral,XX,train
1079_IEO_SAD_HI.wav,ai-service\data\raw\CREMA-D\AudioWAV\1079_IEO_SAD_HI.wav,1079,IEO,SAD,sad,HI,train
1079_IEO_SAD_LO.wav,ai-service\data\raw\CREMA-D\AudioWAV\1079_IEO_SAD_LO.wav,1079,IEO,SAD,sad,LO,train
1079_IEO_SAD_MD.wav,ai-service\data\raw\CREMA-D\AudioWAV\1079_IEO_SAD_MD.wav,1079,IEO,SAD,sad,MD,train
1079_IOM_ANG_XX.wav,ai-service\data\raw\CREMA-D\AudioWAV\1079_IOM_ANG_XX.wav,1079,IOM,ANG,angry,XX,train
1079_IOM_DIS_XX.wav,ai-service\data\raw\CREMA-D\AudioWAV\1079_IOM_DIS_XX.wav,1079,IOM,DIS,disgust,XX,train
1079_IOM_FEA_XX.wav,ai-service\data\raw\CREMA-D\AudioWAV\1079_IOM_FEA_XX.wav,1079,IOM,FEA,fear,XX,train
1079_IOM_HAP_XX.wav,ai-service\data\raw\CREMA-D\AudioWAV\1079_IOM_HAP_XX.wav,1079,IOM,HAP,happy,XX,train
1079_IOM_NEU_XX.wav,ai-service\data\raw\CREMA-D\AudioWAV\1079_IOM_NEU_XX.wav,1079,IOM,NEU,neutral,XX,train
1079_IOM_SAD_XX.wav,ai-service\data\raw\CREMA-D\AudioWAV\1079_IOM_SAD_XX.wav,1079,IOM,SAD,sad,XX,train
1079_ITH_ANG_XX.wav,ai-service\data\raw\CREMA-D\AudioWAV\1079_ITH_ANG_XX.wav,1079,ITH,ANG,angry,XX,train
1079_ITH_DIS_XX.wav,ai-service\data\raw\CREMA-D\AudioWAV\1079_ITH_DIS_XX.wav,1079,ITH,DIS,disgust,XX,train
1079_ITH_FEA_XX.wav,ai-service\data\raw\CREMA-D\AudioWAV\1079_ITH_FEA_XX.wav,1079,ITH,FEA,fear,XX,train
1079_ITH_HAP_XX.wav,ai-service\data\raw\CREMA-D\AudioWAV\1079_ITH_HAP_XX.wav,1079,ITH,HAP,happy,XX,train
1079_ITH_NEU_XX.wav,ai-service\data\raw\CREMA-D\AudioWAV\1079_ITH_NEU_XX.wav,1079,ITH,NEU,neutral,XX,train
1079_ITH_SAD_XX.wav,ai-service\data\raw\CREMA-D\AudioWAV\1079_ITH_SAD_XX.wav,1079,ITH,SAD,sad,XX,train
1079_ITS_ANG_XX.wav,ai-service\data\raw\CREMA-D\AudioWAV\1079_ITS_ANG_XX.wav,1079,ITS,ANG,angry,XX,train
1079_ITS_DIS_XX.wav,ai-service\data\raw\CREMA-D\AudioWAV\1079_ITS_DIS_XX.wav,1079,ITS,DIS,disgust,XX,train
1079_ITS_FEA_XX.wav,ai-service\data\raw\CREMA-D\AudioWAV\1079_ITS_FEA_XX.wav,1079,ITS,FEA,fear,XX,train
1079_ITS_HAP_XX.wav,ai-service\data\raw\CREMA-D\AudioWAV\1079_ITS_HAP_XX.wav,1079,ITS,HAP,happy,XX,train
1079_ITS_NEU_XX.wav,ai-service\data\raw\CREMA-D\AudioWAV\1079_ITS_NEU_XX.wav,1079,ITS,NEU,neutral,XX,train
1079_ITS_SAD_XX.wav,ai-service\data\raw\CREMA-D\AudioWAV\1079_ITS_SAD_XX.wav,1079,ITS,SAD,sad,XX,train
1079_IWL_ANG_XX.wav,ai-service\data\raw\CREMA-D\AudioWAV\1079_IWL_ANG_XX.wav,1079,IWL,ANG,angry,XX,train
1079_IWL_DIS_XX.wav,ai-service\data\raw\CREMA-D\AudioWAV\1079_IWL_DIS_XX.wav,1079,IWL,DIS,disgust,XX,train
1079_IWL_FEA_XX.wav,ai-service\data\raw\CREMA-D\AudioWAV\1079_IWL_FEA_XX.wav,1079,IWL,FEA,fear,XX,train
1079_IWL_HAP_XX.wav,ai-service\data\raw\CREMA-D\AudioWAV\1079_IWL_HAP_XX.wav,1079,IWL,HAP,happy,XX,train
1079_IWL_NEU_XX.wav,ai-service\data\raw\CREMA-D\AudioWAV\1079_IWL_NEU_XX.wav,1079,IWL,NEU,neutral,XX,train
1079_IWL_SAD_XX.wav,ai-service\data\raw\CREMA-D\AudioWAV\1079_IWL_SAD_XX.wav,1079,IWL,SAD,sad,XX,train
1079_IWW_ANG_XX.wav,ai-service\data\raw\CREMA-D\AudioWAV\1079_IWW_ANG_XX.wav,1079,IWW,ANG,angry,XX,train
1079_IWW_DIS_XX.wav,ai-service\data\raw\CREMA-D\AudioWAV\1079_IWW_DIS_XX.wav,1079,IWW,DIS,disgust,XX,train
1079_IWW_FEA_XX.wav,ai-service\data\raw\CREMA-D\AudioWAV\1079_IWW_FEA_XX.wav,1079,IWW,FEA,fear,XX,train
1079_IWW_HAP_XX.wav,ai-service\data\raw\CREMA-D\AudioWAV\1079_IWW_HAP_XX.wav,1079,IWW,HAP,happy,XX,train
1079_IWW_NEU_XX.wav,ai-service\data\raw\CREMA-D\AudioWAV\1079_IWW_NEU_XX.wav,1079,IWW,NEU,neutral,XX,train
1079_IWW_SAD_XX.wav,ai-service\data\raw\CREMA-D\AudioWAV\1079_IWW_SAD_XX.wav,1079,IWW,SAD,sad,XX,train
1079_MTI_ANG_XX.wav,ai-service\data\raw\CREMA-D\AudioWAV\1079_MTI_ANG_XX.wav,1079,MTI,ANG,angry,XX,train
1079_MTI_DIS_XX.wav,ai-service\data\raw\CREMA-D\AudioWAV\1079_MTI_DIS_XX.wav,1079,MTI,DIS,disgust,XX,train
1079_MTI_FEA_XX.wav,ai-service\data\raw\CREMA-D\AudioWAV\1079_MTI_FEA_XX.wav,1079,MTI,FEA,fear,XX,train
1079_MTI_HAP_XX.wav,ai-service\data\raw\CREMA-D\AudioWAV\1079_MTI_HAP_XX.wav,1079,MTI,HAP,happy,XX,train
1079_MTI_NEU_XX.wav,ai-service\data\raw\CREMA-D\AudioWAV\1079_MTI_NEU_XX.wav,1079,MTI,NEU,neutral,XX,train
1079_MTI_SAD_XX.wav,ai-service\data\raw\CREMA-D\AudioWAV\1079_MTI_SAD_XX.wav,1079,MTI,SAD,sad,XX,train
1079_TAI_ANG_XX.wav,ai-service\data\raw\CREMA-D\AudioWAV\1079_TAI_ANG_XX.wav,1079,TAI,ANG,angry,XX,train
1079_TAI_DIS_XX.wav,ai-service\data\raw\CREMA-D\AudioWAV\1079_TAI_DIS_XX.wav,1079,TAI,DIS,disgust,XX,train
1079_TAI_FEA_XX.wav,ai-service\data\raw\CREMA-D\AudioWAV\1079_TAI_FEA_XX.wav,1079,TAI,FEA,fear,XX,train
1079_TAI_HAP_XX.wav,ai-service\data\raw\CREMA-D\AudioWAV\1079_TAI_HAP_XX.wav,1079,TAI,HAP,happy,XX,train
1079_TAI_NEU_XX.wav,ai-service\data\raw\CREMA-D\AudioWAV\1079_TAI_NEU_XX.wav,1079,TAI,NEU,neutral,XX,train
1079_TAI_SAD_XX.wav,ai-service\data\raw\CREMA-D\AudioWAV\1079_TAI_SAD_XX.wav,1079,TAI,SAD,sad,XX,train
1079_TIE_ANG_XX.wav,ai-service\data\raw\CREMA-D\AudioWAV\1079_TIE_ANG_XX.wav,1079,TIE,ANG,angry,XX,train
1079_TIE_DIS_XX.wav,ai-service\data\raw\CREMA-D\AudioWAV\1079_TIE_DIS_XX.wav,1079,TIE,DIS,disgust,XX,train
1079_TIE_FEA_XX.wav,ai-service\data\raw\CREMA-D\AudioWAV\1079_TIE_FEA_XX.wav,1079,TIE,FEA,fear,XX,train
1079_TIE_HAP_XX.wav,ai-service\data\raw\CREMA-D\AudioWAV\1079_TIE_HAP_XX.wav,1079,TIE,HAP,happy,XX,train
1079_TIE_NEU_XX.wav,ai-service\data\raw\CREMA-D\AudioWAV\1079_TIE_NEU_XX.wav,1079,TIE,NEU,neutral,XX,train
1079_TIE_SAD_XX.wav,ai-service\data\raw\CREMA-D\AudioWAV\1079_TIE_SAD_XX.wav,1079,TIE,SAD,sad,XX,train
1079_TSI_ANG_XX.wav,ai-service\data\raw\CREMA-D\AudioWAV\1079_TSI_ANG_XX.wav,1079,TSI,ANG,angry,XX,train
1079_TSI_DIS_XX.wav,ai-service\data\raw\CREMA-D\AudioWAV\1079_TSI_DIS_XX.wav,1079,TSI,DIS,disgust,XX,train
1079_TSI_FEA_XX.wav,ai-service\data\raw\CREMA-D\AudioWAV\1079_TSI_FEA_XX.wav,1079,TSI,FEA,fear,XX,train
1079_TSI_HAP_XX.wav,ai-service\data\raw\CREMA-D\AudioWAV\1079_TSI_HAP_XX.wav,1079,TSI,HAP,happy,XX,train
1079_TSI_NEU_XX.wav,ai-service\data\raw\CREMA-D\AudioWAV\1079_TSI_NEU_XX.wav,1079,TSI,NEU,neutral,XX,train
1079_TSI_SAD_XX.wav,ai-service\data\raw\CREMA-D\AudioWAV\1079_TSI_SAD_XX.wav,1079,TSI,SAD,sad,XX,train
1079_WSI_ANG_XX.wav,ai-service\data\raw\CREMA-D\AudioWAV\1079_WSI_ANG_XX.wav,1079,WSI,ANG,angry,XX,train
1079_WSI_DIS_XX.wav,ai-service\data\raw\CREMA-D\AudioWAV\1079_WSI_DIS_XX.wav,1079,WSI,DIS,disgust,XX,train
1079_WSI_FEA_XX.wav,ai-service\data\raw\CREMA-D\AudioWAV\1079_WSI_FEA_XX.wav,1079,WSI,FEA,fear,XX,train
1079_WSI_HAP_XX.wav,ai-service\data\raw\CREMA-D\AudioWAV\1079_WSI_HAP_XX.wav,1079,WSI,HAP,happy,XX,train
1079_WSI_NEU_XX.wav,ai-service\data\raw\CREMA-D\AudioWAV\1079_WSI_NEU_XX.wav,1079,WSI,NEU,neutral,XX,train
1079_WSI_SAD_XX.wav,ai-service\data\raw\CREMA-D\AudioWAV\1079_WSI_SAD_XX.wav,1079,WSI,SAD,sad,XX,train
1080_DFA_ANG_XX.wav,ai-service\data\raw\CREMA-D\AudioWAV\1080_DFA_ANG_XX.wav,1080,DFA,ANG,angry,XX,train
1080_DFA_DIS_XX.wav,ai-service\data\raw\CREMA-D\AudioWAV\1080_DFA_DIS_XX.wav,1080,DFA,DIS,disgust,XX,train
1080_DFA_FEA_XX.wav,ai-service\data\raw\CREMA-D\AudioWAV\1080_DFA_FEA_XX.wav,1080,DFA,FEA,fear,XX,train
1080_DFA_HAP_XX.wav,ai-service\data\raw\CREMA-D\AudioWAV\1080_DFA_HAP_XX.wav,1080,DFA,HAP,happy,XX,train
1080_DFA_NEU_XX.wav,ai-service\data\raw\CREMA-D\AudioWAV\1080_DFA_NEU_XX.wav,1080,DFA,NEU,neutral,XX,train
1080_DFA_SAD_XX.wav,ai-service\data\raw\CREMA-D\AudioWAV\1080_DFA_SAD_XX.wav,1080,DFA,SAD,sad,XX,train
1080_IEO_ANG_HI.wav,ai-service\data\raw\CREMA-D\AudioWAV\1080_IEO_ANG_HI.wav,1080,IEO,ANG,angry,HI,train
1080_IEO_ANG_LO.wav,ai-service\data\raw\CREMA-D\AudioWAV\1080_IEO_ANG_LO.wav,1080,IEO,ANG,angry,LO,train
1080_IEO_ANG_MD.wav,ai-service\data\raw\CREMA-D\AudioWAV\1080_IEO_ANG_MD.wav,1080,IEO,ANG,angry,MD,train
1080_IEO_DIS_HI.wav,ai-service\data\raw\CREMA-D\AudioWAV\1080_IEO_DIS_HI.wav,1080,IEO,DIS,disgust,HI,train
1080_IEO_DIS_LO.wav,ai-service\data\raw\CREMA-D\AudioWAV\1080_IEO_DIS_LO.wav,1080,IEO,DIS,disgust,LO,train
1080_IEO_DIS_MD.wav,ai-service\data\raw\CREMA-D\AudioWAV\1080_IEO_DIS_MD.wav,1080,IEO,DIS,disgust,MD,train
1080_IEO_FEA_HI.wav,ai-service\data\raw\CREMA-D\AudioWAV\1080_IEO_FEA_HI.wav,1080,IEO,FEA,fear,HI,train
1080_IEO_FEA_LO.wav,ai-service\data\raw\CREMA-D\AudioWAV\1080_IEO_FEA_LO.wav,1080,IEO,FEA,fear,LO,train
1080_IEO_FEA_MD.wav,ai-service\data\raw\CREMA-D\AudioWAV\1080_IEO_FEA_MD.wav,1080,IEO,FEA,fear,MD,train
1080_IEO_HAP_HI.wav,ai-service\data\raw\CREMA-D\AudioWAV\1080_IEO_HAP_HI.wav,1080,IEO,HAP,happy,HI,train
1080_IEO_HAP_LO.wav,ai-service\data\raw\CREMA-D\AudioWAV\1080_IEO_HAP_LO.wav,1080,IEO,HAP,happy,LO,train
1080_IEO_HAP_MD.wav,ai-service\data\raw\CREMA-D\AudioWAV\1080_IEO_HAP_MD.wav,1080,IEO,HAP,happy,MD,train
1080_IEO_NEU_XX.wav,ai-service\data\raw\CREMA-D\AudioWAV\1080_IEO_NEU_XX.wav,1080,IEO,NEU,neutral,XX,train
1080_IEO_SAD_HI.wav,ai-service\data\raw\CREMA-D\AudioWAV\1080_IEO_SAD_HI.wav,1080,IEO,SAD,sad,HI,train
1080_IEO_SAD_LO.wav,ai-service\data\raw\CREMA-D\AudioWAV\1080_IEO_SAD_LO.wav,1080,IEO,SAD,sad,LO,train
1080_IEO_SAD_MD.wav,ai-service\data\raw\CREMA-D\AudioWAV\1080_IEO_SAD_MD.wav,1080,IEO,SAD,sad,MD,train
1080_IOM_ANG_XX.wav,ai-service\data\raw\CREMA-D\AudioWAV\1080_IOM_ANG_XX.wav,1080,IOM,ANG,angry,XX,train
1080_IOM_DIS_XX.wav,ai-service\data\raw\CREMA-D\AudioWAV\1080_IOM_DIS_XX.wav,1080,IOM,DIS,disgust,XX,train
1080_IOM_FEA_XX.wav,ai-service\data\raw\CREMA-D\AudioWAV\1080_IOM_FEA_XX.wav,1080,IOM,FEA,fear,XX,train
1080_IOM_HAP_XX.wav,ai-service\data\raw\CREMA-D\AudioWAV\1080_IOM_HAP_XX.wav,1080,IOM,HAP,happy,XX,train
1080_IOM_NEU_XX.wav,ai-service\data\raw\CREMA-D\AudioWAV\1080_IOM_NEU_XX.wav,1080,IOM,NEU,neutral,XX,train
1080_IOM_SAD_XX.wav,ai-service\data\raw\CREMA-D\AudioWAV\1080_IOM_SAD_XX.wav,1080,IOM,SAD,sad,XX,train
1080_ITH_ANG_XX.wav,ai-service\data\raw\CREMA-D\AudioWAV\1080_ITH_ANG_XX.wav,1080,ITH,ANG,angry,XX,train
1080_ITH_DIS_XX.wav,ai-service\data\raw\CREMA-D\AudioWAV\1080_ITH_DIS_XX.wav,1080,ITH,DIS,disgust,XX,train
1080_ITH_FEA_XX.wav,ai-service\data\raw\CREMA-D\AudioWAV\1080_ITH_FEA_XX.wav,1080,ITH,FEA,fear,XX,train
1080_ITH_HAP_XX.wav,ai-service\data\raw\CREMA-D\AudioWAV\1080_ITH_HAP_XX.wav,1080,ITH,HAP,happy,XX,train
1080_ITH_NEU_XX.wav,ai-service\data\raw\CREMA-D\AudioWAV\1080_ITH_NEU_XX.wav,1080,ITH,NEU,neutral,XX,train
1080_ITH_SAD_XX.wav,ai-service\data\raw\CREMA-D\AudioWAV\1080_ITH_SAD_XX.wav,1080,ITH,SAD,sad,XX,train
1080_ITS_ANG_XX.wav,ai-service\data\raw\CREMA-D\AudioWAV\1080_ITS_ANG_XX.wav,1080,ITS,ANG,angry,XX,train
1080_ITS_DIS_XX.wav,ai-service\data\raw\CREMA-D\AudioWAV\1080_ITS_DIS_XX.wav,1080,ITS,DIS,disgust,XX,train
1080_ITS_FEA_XX.wav,ai-service\data\raw\CREMA-D\AudioWAV\1080_ITS_FEA_XX.wav,1080,ITS,FEA,fear,XX,train
1080_ITS_HAP_XX.wav,ai-service\data\raw\CREMA-D\AudioWAV\1080_ITS_HAP_XX.wav,1080,ITS,HAP,happy,XX,train
1080_ITS_NEU_XX.wav,ai-service\data\raw\CREMA-D\AudioWAV\1080_ITS_NEU_XX.wav,1080,ITS,NEU,neutral,XX,train
1080_ITS_SAD_XX.wav,ai-service\data\raw\CREMA-D\AudioWAV\1080_ITS_SAD_XX.wav,1080,ITS,SAD,sad,XX,train
1080_IWL_ANG_XX.wav,ai-service\data\raw\CREMA-D\AudioWAV\1080_IWL_ANG_XX.wav,1080,IWL,ANG,angry,XX,train
1080_IWL_DIS_XX.wav,ai-service\data\raw\CREMA-D\AudioWAV\1080_IWL_DIS_XX.wav,1080,IWL,DIS,disgust,XX,train
1080_IWL_FEA_XX.wav,ai-service\data\raw\CREMA-D\AudioWAV\1080_IWL_FEA_XX.wav,1080,IWL,FEA,fear,XX,train
1080_IWL_HAP_XX.wav,ai-service\data\raw\CREMA-D\AudioWAV\1080_IWL_HAP_XX.wav,1080,IWL,HAP,happy,XX,train
1080_IWL_NEU_XX.wav,ai-service\data\raw\CREMA-D\AudioWAV\1080_IWL_NEU_XX.wav,1080,IWL,NEU,neutral,XX,train
1080_IWL_SAD_XX.wav,ai-service\data\raw\CREMA-D\AudioWAV\1080_IWL_SAD_XX.wav,1080,IWL,SAD,sad,XX,train
1080_IWW_ANG_XX.wav,ai-service\data\raw\CREMA-D\AudioWAV\1080_IWW_ANG_XX.wav,1080,IWW,ANG,angry,XX,train
1080_IWW_DIS_XX.wav,ai-service\data\raw\CREMA-D\AudioWAV\1080_IWW_DIS_XX.wav,1080,IWW,DIS,disgust,XX,train
1080_IWW_FEA_XX.wav,ai-service\data\raw\CREMA-D\AudioWAV\1080_IWW_FEA_XX.wav,1080,IWW,FEA,fear,XX,train
1080_IWW_HAP_XX.wav,ai-service\data\raw\CREMA-D\AudioWAV\1080_IWW_HAP_XX.wav,1080,IWW,HAP,happy,XX,train
1080_IWW_NEU_XX.wav,ai-service\data\raw\CREMA-D\AudioWAV\1080_IWW_NEU_XX.wav,1080,IWW,NEU,neutral,XX,train
1080_IWW_SAD_XX.wav,ai-service\data\raw\CREMA-D\AudioWAV\1080_IWW_SAD_XX.wav,1080,IWW,SAD,sad,XX,train
1080_MTI_ANG_XX.wav,ai-service\data\raw\CREMA-D\AudioWAV\1080_MTI_ANG_XX.wav,1080,MTI,ANG,angry,XX,train
1080_MTI_DIS_XX.wav,ai-service\data\raw\CREMA-D\AudioWAV\1080_MTI_DIS_XX.wav,1080,MTI,DIS,disgust,XX,train
1080_MTI_FEA_XX.wav,ai-service\data\raw\CREMA-D\AudioWAV\1080_MTI_FEA_XX.wav,1080,MTI,FEA,fear,XX,train
1080_MTI_HAP_XX.wav,ai-service\data\raw\CREMA-D\AudioWAV\1080_MTI_HAP_XX.wav,1080,MTI,HAP,happy,XX,train
1080_MTI_NEU_XX.wav,ai-service\data\raw\CREMA-D\AudioWAV\1080_MTI_NEU_XX.wav,1080,MTI,NEU,neutral,XX,train
1080_MTI_SAD_XX.wav,ai-service\data\raw\CREMA-D\AudioWAV\1080_MTI_SAD_XX.wav,1080,MTI,SAD,sad,XX,train
1080_TAI_ANG_XX.wav,ai-service\data\raw\CREMA-D\AudioWAV\1080_TAI_ANG_XX.wav,1080,TAI,ANG,angry,XX,train
1080_TAI_DIS_XX.wav,ai-service\data\raw\CREMA-D\AudioWAV\1080_TAI_DIS_XX.wav,1080,TAI,DIS,disgust,XX,train
1080_TAI_FEA_XX.wav,ai-service\data\raw\CREMA-D\AudioWAV\1080_TAI_FEA_XX.wav,1080,TAI,FEA,fear,XX,train
1080_TAI_HAP_XX.wav,ai-service\data\raw\CREMA-D\AudioWAV\1080_TAI_HAP_XX.wav,1080,TAI,HAP,happy,XX,train
1080_TAI_NEU_XX.wav,ai-service\data\raw\CREMA-D\AudioWAV\1080_TAI_NEU_XX.wav,1080,TAI,NEU,neutral,XX,train
1080_TAI_SAD_XX.wav,ai-service\data\raw\CREMA-D\AudioWAV\1080_TAI_SAD_XX.wav,1080,TAI,SAD,sad,XX,train
1080_TIE_ANG_XX.wav,ai-service\data\raw\CREMA-D\AudioWAV\1080_TIE_ANG_XX.wav,1080,TIE,ANG,angry,XX,train
1080_TIE_DIS_XX.wav,ai-service\data\raw\CREMA-D\AudioWAV\1080_TIE_DIS_XX.wav,1080,TIE,DIS,disgust,XX,train
1080_TIE_FEA_XX.wav,ai-service\data\raw\CREMA-D\AudioWAV\1080_TIE_FEA_XX.wav,1080,TIE,FEA,fear,XX,train
1080_TIE_HAP_XX.wav,ai-service\data\raw\CREMA-D\AudioWAV\1080_TIE_HAP_XX.wav,1080,TIE,HAP,happy,XX,train
1080_TIE_NEU_XX.wav,ai-service\data\raw\CREMA-D\AudioWAV\1080_TIE_NEU_XX.wav,1080,TIE,NEU,neutral,XX,train
1080_TIE_SAD_XX.wav,ai-service\data\raw\CREMA-D\AudioWAV\1080_TIE_SAD_XX.wav,1080,TIE,SAD,sad,XX,train
1080_TSI_ANG_XX.wav,ai-service\data\raw\CREMA-D\AudioWAV\1080_TSI_ANG_XX.wav,1080,TSI,ANG,angry,XX,train
1080_TSI_DIS_XX.wav,ai-service\data\raw\CREMA-D\AudioWAV\1080_TSI_DIS_XX.wav,1080,TSI,DIS,disgust,XX,train
1080_TSI_FEA_XX.wav,ai-service\data\raw\CREMA-D\AudioWAV\1080_TSI_FEA_XX.wav,1080,TSI,FEA,fear,XX,train
1080_TSI_HAP_XX.wav,ai-service\data\raw\CREMA-D\AudioWAV\1080_TSI_HAP_XX.wav,1080,TSI,HAP,happy,XX,train
1080_TSI_NEU_XX.wav,ai-service\data\raw\CREMA-D\AudioWAV\1080_TSI_NEU_XX.wav,1080,TSI,NEU,neutral,XX,train
1080_TSI_SAD_XX.wav,ai-service\data\raw\CREMA-D\AudioWAV\1080_TSI_SAD_XX.wav,1080,TSI,SAD,sad,XX,train
1080_WSI_ANG_XX.wav,ai-service\data\raw\CREMA-D\AudioWAV\1080_WSI_ANG_XX.wav,1080,WSI,ANG,angry,XX,train
1080_WSI_DIS_XX.wav,ai-service\data\raw\CREMA-D\AudioWAV\1080_WSI_DIS_XX.wav,1080,WSI,DIS,disgust,XX,train
1080_WSI_FEA_XX.wav,ai-service\data\raw\CREMA-D\AudioWAV\1080_WSI_FEA_XX.wav,1080,WSI,FEA,fear,XX,train
1080_WSI_HAP_XX.wav,ai-service\data\raw\CREMA-D\AudioWAV\1080_WSI_HAP_XX.wav,1080,WSI,HAP,happy,XX,train
1080_WSI_NEU_XX.wav,ai-service\data\raw\CREMA-D\AudioWAV\1080_WSI_NEU_XX.wav,1080,WSI,NEU,neutral,XX,train
1080_WSI_SAD_XX.wav,ai-service\data\raw\CREMA-D\AudioWAV\1080_WSI_SAD_XX.wav,1080,WSI,SAD,sad,XX,train
1081_DFA_ANG_XX.wav,ai-service\data\raw\CREMA-D\AudioWAV\1081_DFA_ANG_XX.wav,1081,DFA,ANG,angry,XX,train
1081_DFA_DIS_XX.wav,ai-service\data\raw\CREMA-D\AudioWAV\1081_DFA_DIS_XX.wav,1081,DFA,DIS,disgust,XX,train
1081_DFA_FEA_XX.wav,ai-service\data\raw\CREMA-D\AudioWAV\1081_DFA_FEA_XX.wav,1081,DFA,FEA,fear,XX,train
1081_DFA_HAP_XX.wav,ai-service\data\raw\CREMA-D\AudioWAV\1081_DFA_HAP_XX.wav,1081,DFA,HAP,happy,XX,train
1081_DFA_NEU_XX.wav,ai-service\data\raw\CREMA-D\AudioWAV\1081_DFA_NEU_XX.wav,1081,DFA,NEU,neutral,XX,train
1081_DFA_SAD_XX.wav,ai-service\data\raw\CREMA-D\AudioWAV\1081_DFA_SAD_XX.wav,1081,DFA,SAD,sad,XX,train
1081_IEO_ANG_HI.wav,ai-service\data\raw\CREMA-D\AudioWAV\1081_IEO_ANG_HI.wav,1081,IEO,ANG,angry,HI,train
1081_IEO_ANG_LO.wav,ai-service\data\raw\CREMA-D\AudioWAV\1081_IEO_ANG_LO.wav,1081,IEO,ANG,angry,LO,train
1081_IEO_ANG_MD.wav,ai-service\data\raw\CREMA-D\AudioWAV\1081_IEO_ANG_MD.wav,1081,IEO,ANG,angry,MD,train
1081_IEO_DIS_HI.wav,ai-service\data\raw\CREMA-D\AudioWAV\1081_IEO_DIS_HI.wav,1081,IEO,DIS,disgust,HI,train
1081_IEO_DIS_LO.wav,ai-service\data\raw\CREMA-D\AudioWAV\1081_IEO_DIS_LO.wav,1081,IEO,DIS,disgust,LO,train
1081_IEO_DIS_MD.wav,ai-service\data\raw\CREMA-D\AudioWAV\1081_IEO_DIS_MD.wav,1081,IEO,DIS,disgust,MD,train
1081_IEO_FEA_HI.wav,ai-service\data\raw\CREMA-D\AudioWAV\1081_IEO_FEA_HI.wav,1081,IEO,FEA,fear,HI,train
1081_IEO_FEA_LO.wav,ai-service\data\raw\CREMA-D\AudioWAV\1081_IEO_FEA_LO.wav,1081,IEO,FEA,fear,LO,train
1081_IEO_FEA_MD.wav,ai-service\data\raw\CREMA-D\AudioWAV\1081_IEO_FEA_MD.wav,1081,IEO,FEA,fear,MD,train
1081_IEO_HAP_HI.wav,ai-service\data\raw\CREMA-D\AudioWAV\1081_IEO_HAP_HI.wav,1081,IEO,HAP,happy,HI,train
1081_IEO_HAP_LO.wav,ai-service\data\raw\CREMA-D\AudioWAV\1081_IEO_HAP_LO.wav,1081,IEO,HAP,happy,LO,train
1081_IEO_HAP_MD.wav,ai-service\data\raw\CREMA-D\AudioWAV\1081_IEO_HAP_MD.wav,1081,IEO,HAP,happy,MD,train
1081_IEO_NEU_XX.wav,ai-service\data\raw\CREMA-D\AudioWAV\1081_IEO_NEU_XX.wav,1081,IEO,NEU,neutral,XX,train
1081_IEO_SAD_HI.wav,ai-service\data\raw\CREMA-D\AudioWAV\1081_IEO_SAD_HI.wav,1081,IEO,SAD,sad,HI,train
1081_IEO_SAD_LO.wav,ai-service\data\raw\CREMA-D\AudioWAV\1081_IEO_SAD_LO.wav,1081,IEO,SAD,sad,LO,train
1081_IEO_SAD_MD.wav,ai-service\data\raw\CREMA-D\AudioWAV\1081_IEO_SAD_MD.wav,1081,IEO,SAD,sad,MD,train
1081_IOM_ANG_XX.wav,ai-service\data\raw\CREMA-D\AudioWAV\1081_IOM_ANG_XX.wav,1081,IOM,ANG,angry,XX,train
1081_IOM_DIS_XX.wav,ai-service\data\raw\CREMA-D\AudioWAV\1081_IOM_DIS_XX.wav,1081,IOM,DIS,disgust,XX,train
1081_IOM_FEA_XX.wav,ai-service\data\raw\CREMA-D\AudioWAV\1081_IOM_FEA_XX.wav,1081,IOM,FEA,fear,XX,train
1081_IOM_HAP_XX.wav,ai-service\data\raw\CREMA-D\AudioWAV\1081_IOM_HAP_XX.wav,1081,IOM,HAP,happy,XX,train
1081_IOM_NEU_XX.wav,ai-service\data\raw\CREMA-D\AudioWAV\1081_IOM_NEU_XX.wav,1081,IOM,NEU,neutral,XX,train
1081_IOM_SAD_XX.wav,ai-service\data\raw\CREMA-D\AudioWAV\1081_IOM_SAD_XX.wav,1081,IOM,SAD,sad,XX,train
1081_ITH_ANG_XX.wav,ai-service\data\raw\CREMA-D\AudioWAV\1081_ITH_ANG_XX.wav,1081,ITH,ANG,angry,XX,train
1081_ITH_DIS_XX.wav,ai-service\data\raw\CREMA-D\AudioWAV\1081_ITH_DIS_XX.wav,1081,ITH,DIS,disgust,XX,train
1081_ITH_FEA_XX.wav,ai-service\data\raw\CREMA-D\AudioWAV\1081_ITH_FEA_XX.wav,1081,ITH,FEA,fear,XX,train
1081_ITH_HAP_XX.wav,ai-service\data\raw\CREMA-D\AudioWAV\1081_ITH_HAP_XX.wav,1081,ITH,HAP,happy,XX,train
1081_ITH_NEU_XX.wav,ai-service\data\raw\CREMA-D\AudioWAV\1081_ITH_NEU_XX.wav,1081,ITH,NEU,neutral,XX,train
1081_ITH_SAD_XX.wav,ai-service\data\raw\CREMA-D\AudioWAV\1081_ITH_SAD_XX.wav,1081,ITH,SAD,sad,XX,train
1081_ITS_ANG_XX.wav,ai-service\data\raw\CREMA-D\AudioWAV\1081_ITS_ANG_XX.wav,1081,ITS,ANG,angry,XX,train
1081_ITS_DIS_XX.wav,ai-service\data\raw\CREMA-D\AudioWAV\1081_ITS_DIS_XX.wav,1081,ITS,DIS,disgust,XX,train
1081_ITS_FEA_XX.wav,ai-service\data\raw\CREMA-D\AudioWAV\1081_ITS_FEA_XX.wav,1081,ITS,FEA,fear,XX,train
1081_ITS_HAP_XX.wav,ai-service\data\raw\CREMA-D\AudioWAV\1081_ITS_HAP_XX.wav,1081,ITS,HAP,happy,XX,train
1081_ITS_NEU_XX.wav,ai-service\data\raw\CREMA-D\AudioWAV\1081_ITS_NEU_XX.wav,1081,ITS,NEU,neutral,XX,train
1081_ITS_SAD_XX.wav,ai-service\data\raw\CREMA-D\AudioWAV\1081_ITS_SAD_XX.wav,1081,ITS,SAD,sad,XX,train
1081_IWL_ANG_XX.wav,ai-service\data\raw\CREMA-D\AudioWAV\1081_IWL_ANG_XX.wav,1081,IWL,ANG,angry,XX,train
1081_IWL_DIS_XX.wav,ai-service\data\raw\CREMA-D\AudioWAV\1081_IWL_DIS_XX.wav,1081,IWL,DIS,disgust,XX,train
1081_IWL_FEA_XX.wav,ai-service\data\raw\CREMA-D\AudioWAV\1081_IWL_FEA_XX.wav,1081,IWL,FEA,fear,XX,train
1081_IWL_HAP_XX.wav,ai-service\data\raw\CREMA-D\AudioWAV\1081_IWL_HAP_XX.wav,1081,IWL,HAP,happy,XX,train
1081_IWL_NEU_XX.wav,ai-service\data\raw\CREMA-D\AudioWAV\1081_IWL_NEU_XX.wav,1081,IWL,NEU,neutral,XX,train
1081_IWL_SAD_XX.wav,ai-service\data\raw\CREMA-D\AudioWAV\1081_IWL_SAD_XX.wav,1081,IWL,SAD,sad,XX,train
1081_IWW_ANG_XX.wav,ai-service\data\raw\CREMA-D\AudioWAV\1081_IWW_ANG_XX.wav,1081,IWW,ANG,angry,XX,train
1081_IWW_DIS_XX.wav,ai-service\data\raw\CREMA-D\AudioWAV\1081_IWW_DIS_XX.wav,1081,IWW,DIS,disgust,XX,train
1081_IWW_FEA_XX.wav,ai-service\data\raw\CREMA-D\AudioWAV\1081_IWW_FEA_XX.wav,1081,IWW,FEA,fear,XX,train
1081_IWW_HAP_XX.wav,ai-service\data\raw\CREMA-D\AudioWAV\1081_IWW_HAP_XX.wav,1081,IWW,HAP,happy,XX,train
1081_IWW_NEU_XX.wav,ai-service\data\raw\CREMA-D\AudioWAV\1081_IWW_NEU_XX.wav,1081,IWW,NEU,neutral,XX,train
1081_IWW_SAD_XX.wav,ai-service\data\raw\CREMA-D\AudioWAV\1081_IWW_SAD_XX.wav,1081,IWW,SAD,sad,XX,train
1081_MTI_ANG_XX.wav,ai-service\data\raw\CREMA-D\AudioWAV\1081_MTI_ANG_XX.wav,1081,MTI,ANG,angry,XX,train
1081_MTI_DIS_XX.wav,ai-service\data\raw\CREMA-D\AudioWAV\1081_MTI_DIS_XX.wav,1081,MTI,DIS,disgust,XX,train
1081_MTI_FEA_XX.wav,ai-service\data\raw\CREMA-D\AudioWAV\1081_MTI_FEA_XX.wav,1081,MTI,FEA,fear,XX,train
1081_MTI_HAP_XX.wav,ai-service\data\raw\CREMA-D\AudioWAV\1081_MTI_HAP_XX.wav,1081,MTI,HAP,happy,XX,train
1081_MTI_NEU_XX.wav,ai-service\data\raw\CREMA-D\AudioWAV\1081_MTI_NEU_XX.wav,1081,MTI,NEU,neutral,XX,train
1081_MTI_SAD_XX.wav,ai-service\data\raw\CREMA-D\AudioWAV\1081_MTI_SAD_XX.wav,1081,MTI,SAD,sad,XX,train
1081_TAI_ANG_XX.wav,ai-service\data\raw\CREMA-D\AudioWAV\1081_TAI_ANG_XX.wav,1081,TAI,ANG,angry,XX,train
1081_TAI_DIS_XX.wav,ai-service\data\raw\CREMA-D\AudioWAV\1081_TAI_DIS_XX.wav,1081,TAI,DIS,disgust,XX,train
1081_TAI_FEA_XX.wav,ai-service\data\raw\CREMA-D\AudioWAV\1081_TAI_FEA_XX.wav,1081,TAI,FEA,fear,XX,train
1081_TAI_HAP_XX.wav,ai-service\data\raw\CREMA-D\AudioWAV\1081_TAI_HAP_XX.wav,1081,TAI,HAP,happy,XX,train
1081_TAI_NEU_XX.wav,ai-service\data\raw\CREMA-D\AudioWAV\1081_TAI_NEU_XX.wav,1081,TAI,NEU,neutral,XX,train
1081_TAI_SAD_XX.wav,ai-service\data\raw\CREMA-D\AudioWAV\1081_TAI_SAD_XX.wav,1081,TAI,SAD,sad,XX,train
1081_TIE_ANG_XX.wav,ai-service\data\raw\CREMA-D\AudioWAV\1081_TIE_ANG_XX.wav,1081,TIE,ANG,angry,XX,train
1081_TIE_DIS_XX.wav,ai-service\data\raw\CREMA-D\AudioWAV\1081_TIE_DIS_XX.wav,1081,TIE,DIS,disgust,XX,train
1081_TIE_FEA_XX.wav,ai-service\data\raw\CREMA-D\AudioWAV\1081_TIE_FEA_XX.wav,1081,TIE,FEA,fear,XX,train
1081_TIE_HAP_XX.wav,ai-service\data\raw\CREMA-D\AudioWAV\1081_TIE_HAP_XX.wav,1081,TIE,HAP,happy,XX,train
1081_TIE_NEU_XX.wav,ai-service\data\raw\CREMA-D\AudioWAV\1081_TIE_NEU_XX.wav,1081,TIE,NEU,neutral,XX,train
1081_TIE_SAD_XX.wav,ai-service\data\raw\CREMA-D\AudioWAV\1081_TIE_SAD_XX.wav,1081,TIE,SAD,sad,XX,train
1081_TSI_ANG_XX.wav,ai-service\data\raw\CREMA-D\AudioWAV\1081_TSI_ANG_XX.wav,1081,TSI,ANG,angry,XX,train
1081_TSI_DIS_XX.wav,ai-service\data\raw\CREMA-D\AudioWAV\1081_TSI_DIS_XX.wav,1081,TSI,DIS,disgust,XX,train
1081_TSI_FEA_XX.wav,ai-service\data\raw\CREMA-D\AudioWAV\1081_TSI_FEA_XX.wav,1081,TSI,FEA,fear,XX,train
1081_TSI_HAP_XX.wav,ai-service\data\raw\CREMA-D\AudioWAV\1081_TSI_HAP_XX.wav,1081,TSI,HAP,happy,XX,train
1081_TSI_NEU_XX.wav,ai-service\data\raw\CREMA-D\AudioWAV\1081_TSI_NEU_XX.wav,1081,TSI,NEU,neutral,XX,train
1081_TSI_SAD_XX.wav,ai-service\data\raw\CREMA-D\AudioWAV\1081_TSI_SAD_XX.wav,1081,TSI,SAD,sad,XX,train
1081_WSI_ANG_XX.wav,ai-service\data\raw\CREMA-D\AudioWAV\1081_WSI_ANG_XX.wav,1081,WSI,ANG,angry,XX,train
1081_WSI_DIS_XX.wav,ai-service\data\raw\CREMA-D\AudioWAV\1081_WSI_DIS_XX.wav,1081,WSI,DIS,disgust,XX,train
1081_WSI_FEA_XX.wav,ai-service\data\raw\CREMA-D\AudioWAV\1081_WSI_FEA_XX.wav,1081,WSI,FEA,fear,XX,train
1081_WSI_HAP_XX.wav,ai-service\data\raw\CREMA-D\AudioWAV\1081_WSI_HAP_XX.wav,1081,WSI,HAP,happy,XX,train
1081_WSI_NEU_XX.wav,ai-service\data\raw\CREMA-D\AudioWAV\1081_WSI_NEU_XX.wav,1081,WSI,NEU,neutral,XX,train
1081_WSI_SAD_XX.wav,ai-service\data\raw\CREMA-D\AudioWAV\1081_WSI_SAD_XX.wav,1081,WSI,SAD,sad,XX,train
1084_DFA_ANG_XX.wav,ai-service\data\raw\CREMA-D\AudioWAV\1084_DFA_ANG_XX.wav,1084,DFA,ANG,angry,XX,train
1084_DFA_DIS_XX.wav,ai-service\data\raw\CREMA-D\AudioWAV\1084_DFA_DIS_XX.wav,1084,DFA,DIS,disgust,XX,train
1084_DFA_FEA_XX.wav,ai-service\data\raw\CREMA-D\AudioWAV\1084_DFA_FEA_XX.wav,1084,DFA,FEA,fear,XX,train
1084_DFA_HAP_XX.wav,ai-service\data\raw\CREMA-D\AudioWAV\1084_DFA_HAP_XX.wav,1084,DFA,HAP,happy,XX,train
1084_DFA_NEU_XX.wav,ai-service\data\raw\CREMA-D\AudioWAV\1084_DFA_NEU_XX.wav,1084,DFA,NEU,neutral,XX,train
1084_DFA_SAD_XX.wav,ai-service\data\raw\CREMA-D\AudioWAV\1084_DFA_SAD_XX.wav,1084,DFA,SAD,sad,XX,train
1084_IEO_ANG_HI.wav,ai-service\data\raw\CREMA-D\AudioWAV\1084_IEO_ANG_HI.wav,1084,IEO,ANG,angry,HI,train
1084_IEO_ANG_LO.wav,ai-service\data\raw\CREMA-D\AudioWAV\1084_IEO_ANG_LO.wav,1084,IEO,ANG,angry,LO,train
1084_IEO_ANG_MD.wav,ai-service\data\raw\CREMA-D\AudioWAV\1084_IEO_ANG_MD.wav,1084,IEO,ANG,angry,MD,train
1084_IEO_DIS_HI.wav,ai-service\data\raw\CREMA-D\AudioWAV\1084_IEO_DIS_HI.wav,1084,IEO,DIS,disgust,HI,train
1084_IEO_DIS_LO.wav,ai-service\data\raw\CREMA-D\AudioWAV\1084_IEO_DIS_LO.wav,1084,IEO,DIS,disgust,LO,train
1084_IEO_DIS_MD.wav,ai-service\data\raw\CREMA-D\AudioWAV\1084_IEO_DIS_MD.wav,1084,IEO,DIS,disgust,MD,train
1084_IEO_FEA_HI.wav,ai-service\data\raw\CREMA-D\AudioWAV\1084_IEO_FEA_HI.wav,1084,IEO,FEA,fear,HI,train
1084_IEO_FEA_LO.wav,ai-service\data\raw\CREMA-D\AudioWAV\1084_IEO_FEA_LO.wav,1084,IEO,FEA,fear,LO,train
1084_IEO_FEA_MD.wav,ai-service\data\raw\CREMA-D\AudioWAV\1084_IEO_FEA_MD.wav,1084,IEO,FEA,fear,MD,train
1084_IEO_HAP_HI.wav,ai-service\data\raw\CREMA-D\AudioWAV\1084_IEO_HAP_HI.wav,1084,IEO,HAP,happy,HI,train
1084_IEO_HAP_LO.wav,ai-service\data\raw\CREMA-D\AudioWAV\1084_IEO_HAP_LO.wav,1084,IEO,HAP,happy,LO,train
1084_IEO_HAP_MD.wav,ai-service\data\raw\CREMA-D\AudioWAV\1084_IEO_HAP_MD.wav,1084,IEO,HAP,happy,MD,train
1084_IEO_NEU_XX.wav,ai-service\data\raw\CREMA-D\AudioWAV\1084_IEO_NEU_XX.wav,1084,IEO,NEU,neutral,XX,train
1084_IEO_SAD_HI.wav,ai-service\data\raw\CREMA-D\AudioWAV\1084_IEO_SAD_HI.wav,1084,IEO,SAD,sad,HI,train
1084_IEO_SAD_LO.wav,ai-service\data\raw\CREMA-D\AudioWAV\1084_IEO_SAD_LO.wav,1084,IEO,SAD,sad,LO,train
1084_IEO_SAD_MD.wav,ai-service\data\raw\CREMA-D\AudioWAV\1084_IEO_SAD_MD.wav,1084,IEO,SAD,sad,MD,train
1084_IOM_ANG_XX.wav,ai-service\data\raw\CREMA-D\AudioWAV\1084_IOM_ANG_XX.wav,1084,IOM,ANG,angry,XX,train
1084_IOM_DIS_XX.wav,ai-service\data\raw\CREMA-D\AudioWAV\1084_IOM_DIS_XX.wav,1084,IOM,DIS,disgust,XX,train
1084_IOM_FEA_XX.wav,ai-service\data\raw\CREMA-D\AudioWAV\1084_IOM_FEA_XX.wav,1084,IOM,FEA,fear,XX,train
1084_IOM_HAP_XX.wav,ai-service\data\raw\CREMA-D\AudioWAV\1084_IOM_HAP_XX.wav,1084,IOM,HAP,happy,XX,train
1084_IOM_NEU_XX.wav,ai-service\data\raw\CREMA-D\AudioWAV\1084_IOM_NEU_XX.wav,1084,IOM,NEU,neutral,XX,train
1084_IOM_SAD_XX.wav,ai-service\data\raw\CREMA-D\AudioWAV\1084_IOM_SAD_XX.wav,1084,IOM,SAD,sad,XX,train
1084_ITH_ANG_XX.wav,ai-service\data\raw\CREMA-D\AudioWAV\1084_ITH_ANG_XX.wav,1084,ITH,ANG,angry,XX,train
1084_ITH_DIS_XX.wav,ai-service\data\raw\CREMA-D\AudioWAV\1084_ITH_DIS_XX.wav,1084,ITH,DIS,disgust,XX,train
1084_ITH_FEA_XX.wav,ai-service\data\raw\CREMA-D\AudioWAV\1084_ITH_FEA_XX.wav,1084,ITH,FEA,fear,XX,train
1084_ITH_HAP_XX.wav,ai-service\data\raw\CREMA-D\AudioWAV\1084_ITH_HAP_XX.wav,1084,ITH,HAP,happy,XX,train
1084_ITH_NEU_XX.wav,ai-service\data\raw\CREMA-D\AudioWAV\1084_ITH_NEU_XX.wav,1084,ITH,NEU,neutral,XX,train
1084_ITH_SAD_XX.wav,ai-service\data\raw\CREMA-D\AudioWAV\1084_ITH_SAD_XX.wav,1084,ITH,SAD,sad,XX,train
1084_ITS_ANG_XX.wav,ai-service\data\raw\CREMA-D\AudioWAV\1084_ITS_ANG_XX.wav,1084,ITS,ANG,angry,XX,train
1084_ITS_DIS_XX.wav,ai-service\data\raw\CREMA-D\AudioWAV\1084_ITS_DIS_XX.wav,1084,ITS,DIS,disgust,XX,train
1084_ITS_FEA_XX.wav,ai-service\data\raw\CREMA-D\AudioWAV\1084_ITS_FEA_XX.wav,1084,ITS,FEA,fear,XX,train
1084_ITS_HAP_XX.wav,ai-service\data\raw\CREMA-D\AudioWAV\1084_ITS_HAP_XX.wav,1084,ITS,HAP,happy,XX,train
1084_ITS_NEU_XX.wav,ai-service\data\raw\CREMA-D\AudioWAV\1084_ITS_NEU_XX.wav,1084,ITS,NEU,neutral,XX,train
1084_ITS_SAD_XX.wav,ai-service\data\raw\CREMA-D\AudioWAV\1084_ITS_SAD_XX.wav,1084,ITS,SAD,sad,XX,train
1084_IWL_ANG_XX.wav,ai-service\data\raw\CREMA-D\AudioWAV\1084_IWL_ANG_XX.wav,1084,IWL,ANG,angry,XX,train
1084_IWL_DIS_XX.wav,ai-service\data\raw\CREMA-D\AudioWAV\1084_IWL_DIS_XX.wav,1084,IWL,DIS,disgust,XX,train
1084_IWL_FEA_XX.wav,ai-service\data\raw\CREMA-D\AudioWAV\1084_IWL_FEA_XX.wav,1084,IWL,FEA,fear,XX,train
1084_IWL_HAP_XX.wav,ai-service\data\raw\CREMA-D\AudioWAV\1084_IWL_HAP_XX.wav,1084,IWL,HAP,happy,XX,train
1084_IWL_NEU_XX.wav,ai-service\data\raw\CREMA-D\AudioWAV\1084_IWL_NEU_XX.wav,1084,IWL,NEU,neutral,XX,train
1084_IWL_SAD_XX.wav,ai-service\data\raw\CREMA-D\AudioWAV\1084_IWL_SAD_XX.wav,1084,IWL,SAD,sad,XX,train
1084_IWW_ANG_XX.wav,ai-service\data\raw\CREMA-D\AudioWAV\1084_IWW_ANG_XX.wav,1084,IWW,ANG,angry,XX,train
1084_IWW_DIS_XX.wav,ai-service\data\raw\CREMA-D\AudioWAV\1084_IWW_DIS_XX.wav,1084,IWW,DIS,disgust,XX,train
1084_IWW_FEA_XX.wav,ai-service\data\raw\CREMA-D\AudioWAV\1084_IWW_FEA_XX.wav,1084,IWW,FEA,fear,XX,train
1084_IWW_HAP_XX.wav,ai-service\data\raw\CREMA-D\AudioWAV\1084_IWW_HAP_XX.wav,1084,IWW,HAP,happy,XX,train
1084_IWW_NEU_XX.wav,ai-service\data\raw\CREMA-D\AudioWAV\1084_IWW_NEU_XX.wav,1084,IWW,NEU,neutral,XX,train
1084_IWW_SAD_XX.wav,ai-service\data\raw\CREMA-D\AudioWAV\1084_IWW_SAD_XX.wav,1084,IWW,SAD,sad,XX,train
1084_MTI_ANG_XX.wav,ai-service\data\raw\CREMA-D\AudioWAV\1084_MTI_ANG_XX.wav,1084,MTI,ANG,angry,XX,train
1084_MTI_DIS_XX.wav,ai-service\data\raw\CREMA-D\AudioWAV\1084_MTI_DIS_XX.wav,1084,MTI,DIS,disgust,XX,train
1084_MTI_FEA_XX.wav,ai-service\data\raw\CREMA-D\AudioWAV\1084_MTI_FEA_XX.wav,1084,MTI,FEA,fear,XX,train
1084_MTI_HAP_XX.wav,ai-service\data\raw\CREMA-D\AudioWAV\1084_MTI_HAP_XX.wav,1084,MTI,HAP,happy,XX,train
1084_MTI_NEU_XX.wav,ai-service\data\raw\CREMA-D\AudioWAV\1084_MTI_NEU_XX.wav,1084,MTI,NEU,neutral,XX,train
1084_MTI_SAD_XX.wav,ai-service\data\raw\CREMA-D\AudioWAV\1084_MTI_SAD_XX.wav,1084,MTI,SAD,sad,XX,train
1084_TAI_ANG_XX.wav,ai-service\data\raw\CREMA-D\AudioWAV\1084_TAI_ANG_XX.wav,1084,TAI,ANG,angry,XX,train
1084_TAI_DIS_XX.wav,ai-service\data\raw\CREMA-D\AudioWAV\1084_TAI_DIS_XX.wav,1084,TAI,DIS,disgust,XX,train
1084_TAI_FEA_XX.wav,ai-service\data\raw\CREMA-D\AudioWAV\1084_TAI_FEA_XX.wav,1084,TAI,FEA,fear,XX,train
1084_TAI_HAP_XX.wav,ai-service\data\raw\CREMA-D\AudioWAV\1084_TAI_HAP_XX.wav,1084,TAI,HAP,happy,XX,train
1084_TAI_NEU_XX.wav,ai-service\data\raw\CREMA-D\AudioWAV\1084_TAI_NEU_XX.wav,1084,TAI,NEU,neutral,XX,train
1084_TAI_SAD_XX.wav,ai-service\data\raw\CREMA-D\AudioWAV\1084_TAI_SAD_XX.wav,1084,TAI,SAD,sad,XX,train
1084_TIE_ANG_XX.wav,ai-service\data\raw\CREMA-D\AudioWAV\1084_TIE_ANG_XX.wav,1084,TIE,ANG,angry,XX,train
1084_TIE_DIS_XX.wav,ai-service\data\raw\CREMA-D\AudioWAV\1084_TIE_DIS_XX.wav,1084,TIE,DIS,disgust,XX,train
1084_TIE_FEA_XX.wav,ai-service\data\raw\CREMA-D\AudioWAV\1084_TIE_FEA_XX.wav,1084,TIE,FEA,fear,XX,train
1084_TIE_HAP_XX.wav,ai-service\data\raw\CREMA-D\AudioWAV\1084_TIE_HAP_XX.wav,1084,TIE,HAP,happy,XX,train
1084_TIE_NEU_XX.wav,ai-service\data\raw\CREMA-D\AudioWAV\1084_TIE_NEU_XX.wav,1084,TIE,NEU,neutral,XX,train
1084_TIE_SAD_XX.wav,ai-service\data\raw\CREMA-D\AudioWAV\1084_TIE_SAD_XX.wav,1084,TIE,SAD,sad,XX,train
1084_TSI_ANG_XX.wav,ai-service\data\raw\CREMA-D\AudioWAV\1084_TSI_ANG_XX.wav,1084,TSI,ANG,angry,XX,train
1084_TSI_DIS_XX.wav,ai-service\data\raw\CREMA-D\AudioWAV\1084_TSI_DIS_XX.wav,1084,TSI,DIS,disgust,XX,train
1084_TSI_FEA_XX.wav,ai-service\data\raw\CREMA-D\AudioWAV\1084_TSI_FEA_XX.wav,1084,TSI,FEA,fear,XX,train
1084_TSI_HAP_XX.wav,ai-service\data\raw\CREMA-D\AudioWAV\1084_TSI_HAP_XX.wav,1084,TSI,HAP,happy,XX,train
1084_TSI_NEU_XX.wav,ai-service\data\raw\CREMA-D\AudioWAV\1084_TSI_NEU_XX.wav,1084,TSI,NEU,neutral,XX,train
1084_TSI_SAD_XX.wav,ai-service\data\raw\CREMA-D\AudioWAV\1084_TSI_SAD_XX.wav,1084,TSI,SAD,sad,XX,train
1084_WSI_ANG_XX.wav,ai-service\data\raw\CREMA-D\AudioWAV\1084_WSI_ANG_XX.wav,1084,WSI,ANG,angry,XX,train
1084_WSI_DIS_XX.wav,ai-service\data\raw\CREMA-D\AudioWAV\1084_WSI_DIS_XX.wav,1084,WSI,DIS,disgust,XX,train
1084_WSI_FEA_XX.wav,ai-service\data\raw\CREMA-D\AudioWAV\1084_WSI_FEA_XX.wav,1084,WSI,FEA,fear,XX,train
1084_WSI_HAP_XX.wav,ai-service\data\raw\CREMA-D\AudioWAV\1084_WSI_HAP_XX.wav,1084,WSI,HAP,happy,XX,train
1084_WSI_NEU_XX.wav,ai-service\data\raw\CREMA-D\AudioWAV\1084_WSI_NEU_XX.wav,1084,WSI,NEU,neutral,XX,train
1084_WSI_SAD_XX.wav,ai-service\data\raw\CREMA-D\AudioWAV\1084_WSI_SAD_XX.wav,1084,WSI,SAD,sad,XX,train
1085_DFA_ANG_XX.wav,ai-service\data\raw\CREMA-D\AudioWAV\1085_DFA_ANG_XX.wav,1085,DFA,ANG,angry,XX,train
1085_DFA_DIS_XX.wav,ai-service\data\raw\CREMA-D\AudioWAV\1085_DFA_DIS_XX.wav,1085,DFA,DIS,disgust,XX,train
1085_DFA_FEA_XX.wav,ai-service\data\raw\CREMA-D\AudioWAV\1085_DFA_FEA_XX.wav,1085,DFA,FEA,fear,XX,train
1085_DFA_HAP_XX.wav,ai-service\data\raw\CREMA-D\AudioWAV\1085_DFA_HAP_XX.wav,1085,DFA,HAP,happy,XX,train
1085_DFA_NEU_XX.wav,ai-service\data\raw\CREMA-D\AudioWAV\1085_DFA_NEU_XX.wav,1085,DFA,NEU,neutral,XX,train
1085_DFA_SAD_XX.wav,ai-service\data\raw\CREMA-D\AudioWAV\1085_DFA_SAD_XX.wav,1085,DFA,SAD,sad,XX,train
1085_IEO_ANG_HI.wav,ai-service\data\raw\CREMA-D\AudioWAV\1085_IEO_ANG_HI.wav,1085,IEO,ANG,angry,HI,train
1085_IEO_ANG_LO.wav,ai-service\data\raw\CREMA-D\AudioWAV\1085_IEO_ANG_LO.wav,1085,IEO,ANG,angry,LO,train
1085_IEO_ANG_MD.wav,ai-service\data\raw\CREMA-D\AudioWAV\1085_IEO_ANG_MD.wav,1085,IEO,ANG,angry,MD,train
1085_IEO_DIS_HI.wav,ai-service\data\raw\CREMA-D\AudioWAV\1085_IEO_DIS_HI.wav,1085,IEO,DIS,disgust,HI,train
1085_IEO_DIS_LO.wav,ai-service\data\raw\CREMA-D\AudioWAV\1085_IEO_DIS_LO.wav,1085,IEO,DIS,disgust,LO,train
1085_IEO_DIS_MD.wav,ai-service\data\raw\CREMA-D\AudioWAV\1085_IEO_DIS_MD.wav,1085,IEO,DIS,disgust,MD,train
1085_IEO_FEA_HI.wav,ai-service\data\raw\CREMA-D\AudioWAV\1085_IEO_FEA_HI.wav,1085,IEO,FEA,fear,HI,train
1085_IEO_FEA_LO.wav,ai-service\data\raw\CREMA-D\AudioWAV\1085_IEO_FEA_LO.wav,1085,IEO,FEA,fear,LO,train
1085_IEO_FEA_MD.wav,ai-service\data\raw\CREMA-D\AudioWAV\1085_IEO_FEA_MD.wav,1085,IEO,FEA,fear,MD,train
1085_IEO_HAP_HI.wav,ai-service\data\raw\CREMA-D\AudioWAV\1085_IEO_HAP_HI.wav,1085,IEO,HAP,happy,HI,train
1085_IEO_HAP_LO.wav,ai-service\data\raw\CREMA-D\AudioWAV\1085_IEO_HAP_LO.wav,1085,IEO,HAP,happy,LO,train
1085_IEO_HAP_MD.wav,ai-service\data\raw\CREMA-D\AudioWAV\1085_IEO_HAP_MD.wav,1085,IEO,HAP,happy,MD,train
1085_IEO_NEU_XX.wav,ai-service\data\raw\CREMA-D\AudioWAV\1085_IEO_NEU_XX.wav,1085,IEO,NEU,neutral,XX,train
1085_IEO_SAD_HI.wav,ai-service\data\raw\CREMA-D\AudioWAV\1085_IEO_SAD_HI.wav,1085,IEO,SAD,sad,HI,train
1085_IEO_SAD_LO.wav,ai-service\data\raw\CREMA-D\AudioWAV\1085_IEO_SAD_LO.wav,1085,IEO,SAD,sad,LO,train
1085_IEO_SAD_MD.wav,ai-service\data\raw\CREMA-D\AudioWAV\1085_IEO_SAD_MD.wav,1085,IEO,SAD,sad,MD,train
1085_IOM_ANG_XX.wav,ai-service\data\raw\CREMA-D\AudioWAV\1085_IOM_ANG_XX.wav,1085,IOM,ANG,angry,XX,train
1085_IOM_DIS_XX.wav,ai-service\data\raw\CREMA-D\AudioWAV\1085_IOM_DIS_XX.wav,1085,IOM,DIS,disgust,XX,train
1085_IOM_FEA_XX.wav,ai-service\data\raw\CREMA-D\AudioWAV\1085_IOM_FEA_XX.wav,1085,IOM,FEA,fear,XX,train
1085_IOM_HAP_XX.wav,ai-service\data\raw\CREMA-D\AudioWAV\1085_IOM_HAP_XX.wav,1085,IOM,HAP,happy,XX,train
1085_IOM_NEU_XX.wav,ai-service\data\raw\CREMA-D\AudioWAV\1085_IOM_NEU_XX.wav,1085,IOM,NEU,neutral,XX,train
1085_IOM_SAD_XX.wav,ai-service\data\raw\CREMA-D\AudioWAV\1085_IOM_SAD_XX.wav,1085,IOM,SAD,sad,XX,train
1085_ITH_ANG_XX.wav,ai-service\data\raw\CREMA-D\AudioWAV\1085_ITH_ANG_XX.wav,1085,ITH,ANG,angry,XX,train
1085_ITH_DIS_XX.wav,ai-service\data\raw\CREMA-D\AudioWAV\1085_ITH_DIS_XX.wav,1085,ITH,DIS,disgust,XX,train
1085_ITH_FEA_XX.wav,ai-service\data\raw\CREMA-D\AudioWAV\1085_ITH_FEA_XX.wav,1085,ITH,FEA,fear,XX,train
1085_ITH_HAP_XX.wav,ai-service\data\raw\CREMA-D\AudioWAV\1085_ITH_HAP_XX.wav,1085,ITH,HAP,happy,XX,train
1085_ITH_NEU_XX.wav,ai-service\data\raw\CREMA-D\AudioWAV\1085_ITH_NEU_XX.wav,1085,ITH,NEU,neutral,XX,train
1085_ITH_SAD_XX.wav,ai-service\data\raw\CREMA-D\AudioWAV\1085_ITH_SAD_XX.wav,1085,ITH,SAD,sad,XX,train
1085_ITS_ANG_XX.wav,ai-service\data\raw\CREMA-D\AudioWAV\1085_ITS_ANG_XX.wav,1085,ITS,ANG,angry,XX,train
1085_ITS_DIS_XX.wav,ai-service\data\raw\CREMA-D\AudioWAV\1085_ITS_DIS_XX.wav,1085,ITS,DIS,disgust,XX,train
1085_ITS_FEA_XX.wav,ai-service\data\raw\CREMA-D\AudioWAV\1085_ITS_FEA_XX.wav,1085,ITS,FEA,fear,XX,train
1085_ITS_HAP_XX.wav,ai-service\data\raw\CREMA-D\AudioWAV\1085_ITS_HAP_XX.wav,1085,ITS,HAP,happy,XX,train
1085_ITS_NEU_XX.wav,ai-service\data\raw\CREMA-D\AudioWAV\1085_ITS_NEU_XX.wav,1085,ITS,NEU,neutral,XX,train
1085_ITS_SAD_XX.wav,ai-service\data\raw\CREMA-D\AudioWAV\1085_ITS_SAD_XX.wav,1085,ITS,SAD,sad,XX,train
1085_IWL_ANG_XX.wav,ai-service\data\raw\CREMA-D\AudioWAV\1085_IWL_ANG_XX.wav,1085,IWL,ANG,angry,XX,train
1085_IWL_DIS_XX.wav,ai-service\data\raw\CREMA-D\AudioWAV\1085_IWL_DIS_XX.wav,1085,IWL,DIS,disgust,XX,train
1085_IWL_FEA_XX.wav,ai-service\data\raw\CREMA-D\AudioWAV\1085_IWL_FEA_XX.wav,1085,IWL,FEA,fear,XX,train
1085_IWL_HAP_XX.wav,ai-service\data\raw\CREMA-D\AudioWAV\1085_IWL_HAP_XX.wav,1085,IWL,HAP,happy,XX,train
1085_IWL_NEU_XX.wav,ai-service\data\raw\CREMA-D\AudioWAV\1085_IWL_NEU_XX.wav,1085,IWL,NEU,neutral,XX,train
1085_IWL_SAD_XX.wav,ai-service\data\raw\CREMA-D\AudioWAV\1085_IWL_SAD_XX.wav,1085,IWL,SAD,sad,XX,train
1085_IWW_ANG_XX.wav,ai-service\data\raw\CREMA-D\AudioWAV\1085_IWW_ANG_XX.wav,1085,IWW,ANG,angry,XX,train
1085_IWW_DIS_XX.wav,ai-service\data\raw\CREMA-D\AudioWAV\1085_IWW_DIS_XX.wav,1085,IWW,DIS,disgust,XX,train
1085_IWW_FEA_XX.wav,ai-service\data\raw\CREMA-D\AudioWAV\1085_IWW_FEA_XX.wav,1085,IWW,FEA,fear,XX,train
1085_IWW_HAP_XX.wav,ai-service\data\raw\CREMA-D\AudioWAV\1085_IWW_HAP_XX.wav,1085,IWW,HAP,happy,XX,train
1085_IWW_NEU_XX.wav,ai-service\data\raw\CREMA-D\AudioWAV\1085_IWW_NEU_XX.wav,1085,IWW,NEU,neutral,XX,train
1085_IWW_SAD_XX.wav,ai-service\data\raw\CREMA-D\AudioWAV\1085_IWW_SAD_XX.wav,1085,IWW,SAD,sad,XX,train
1085_MTI_ANG_XX.wav,ai-service\data\raw\CREMA-D\AudioWAV\1085_MTI_ANG_XX.wav,1085,MTI,ANG,angry,XX,train
1085_MTI_DIS_XX.wav,ai-service\data\raw\CREMA-D\AudioWAV\1085_MTI_DIS_XX.wav,1085,MTI,DIS,disgust,XX,train
1085_MTI_FEA_XX.wav,ai-service\data\raw\CREMA-D\AudioWAV\1085_MTI_FEA_XX.wav,1085,MTI,FEA,fear,XX,train
1085_MTI_HAP_XX.wav,ai-service\data\raw\CREMA-D\AudioWAV\1085_MTI_HAP_XX.wav,1085,MTI,HAP,happy,XX,train
1085_MTI_NEU_XX.wav,ai-service\data\raw\CREMA-D\AudioWAV\1085_MTI_NEU_XX.wav,1085,MTI,NEU,neutral,XX,train
1085_MTI_SAD_XX.wav,ai-service\data\raw\CREMA-D\AudioWAV\1085_MTI_SAD_XX.wav,1085,MTI,SAD,sad,XX,train
1085_TAI_ANG_XX.wav,ai-service\data\raw\CREMA-D\AudioWAV\1085_TAI_ANG_XX.wav,1085,TAI,ANG,angry,XX,train
1085_TAI_DIS_XX.wav,ai-service\data\raw\CREMA-D\AudioWAV\1085_TAI_DIS_XX.wav,1085,TAI,DIS,disgust,XX,train
1085_TAI_FEA_XX.wav,ai-service\data\raw\CREMA-D\AudioWAV\1085_TAI_FEA_XX.wav,1085,TAI,FEA,fear,XX,train
1085_TAI_HAP_XX.wav,ai-service\data\raw\CREMA-D\AudioWAV\1085_TAI_HAP_XX.wav,1085,TAI,HAP,happy,XX,train
1085_TAI_NEU_XX.wav,ai-service\data\raw\CREMA-D\AudioWAV\1085_TAI_NEU_XX.wav,1085,TAI,NEU,neutral,XX,train
1085_TAI_SAD_XX.wav,ai-service\data\raw\CREMA-D\AudioWAV\1085_TAI_SAD_XX.wav,1085,TAI,SAD,sad,XX,train
1085_TIE_ANG_XX.wav,ai-service\data\raw\CREMA-D\AudioWAV\1085_TIE_ANG_XX.wav,1085,TIE,ANG,angry,XX,train
1085_TIE_DIS_XX.wav,ai-service\data\raw\CREMA-D\AudioWAV\1085_TIE_DIS_XX.wav,1085,TIE,DIS,disgust,XX,train
1085_TIE_FEA_XX.wav,ai-service\data\raw\CREMA-D\AudioWAV\1085_TIE_FEA_XX.wav,1085,TIE,FEA,fear,XX,train
1085_TIE_HAP_XX.wav,ai-service\data\raw\CREMA-D\AudioWAV\1085_TIE_HAP_XX.wav,1085,TIE,HAP,happy,XX,train
1085_TIE_NEU_XX.wav,ai-service\data\raw\CREMA-D\AudioWAV\1085_TIE_NEU_XX.wav,1085,TIE,NEU,neutral,XX,train
1085_TIE_SAD_XX.wav,ai-service\data\raw\CREMA-D\AudioWAV\1085_TIE_SAD_XX.wav,1085,TIE,SAD,sad,XX,train
1085_TSI_ANG_XX.wav,ai-service\data\raw\CREMA-D\AudioWAV\1085_TSI_ANG_XX.wav,1085,TSI,ANG,angry,XX,train
1085_TSI_DIS_XX.wav,ai-service\data\raw\CREMA-D\AudioWAV\1085_TSI_DIS_XX.wav,1085,TSI,DIS,disgust,XX,train
1085_TSI_FEA_XX.wav,ai-service\data\raw\CREMA-D\AudioWAV\1085_TSI_FEA_XX.wav,1085,TSI,FEA,fear,XX,train
1085_TSI_HAP_XX.wav,ai-service\data\raw\CREMA-D\AudioWAV\1085_TSI_HAP_XX.wav,1085,TSI,HAP,happy,XX,train
1085_TSI_NEU_XX.wav,ai-service\data\raw\CREMA-D\AudioWAV\1085_TSI_NEU_XX.wav,1085,TSI,NEU,neutral,XX,train
1085_TSI_SAD_XX.wav,ai-service\data\raw\CREMA-D\AudioWAV\1085_TSI_SAD_XX.wav,1085,TSI,SAD,sad,XX,train
1085_WSI_ANG_XX.wav,ai-service\data\raw\CREMA-D\AudioWAV\1085_WSI_ANG_XX.wav,1085,WSI,ANG,angry,XX,train
1085_WSI_DIS_XX.wav,ai-service\data\raw\CREMA-D\AudioWAV\1085_WSI_DIS_XX.wav,1085,WSI,DIS,disgust,XX,train
1085_WSI_FEA_XX.wav,ai-service\data\raw\CREMA-D\AudioWAV\1085_WSI_FEA_XX.wav,1085,WSI,FEA,fear,XX,train
1085_WSI_HAP_XX.wav,ai-service\data\raw\CREMA-D\AudioWAV\1085_WSI_HAP_XX.wav,1085,WSI,HAP,happy,XX,train
1085_WSI_NEU_XX.wav,ai-service\data\raw\CREMA-D\AudioWAV\1085_WSI_NEU_XX.wav,1085,WSI,NEU,neutral,XX,train
1085_WSI_SAD_XX.wav,ai-service\data\raw\CREMA-D\AudioWAV\1085_WSI_SAD_XX.wav,1085,WSI,SAD,sad,XX,train
1087_DFA_ANG_XX.wav,ai-service\data\raw\CREMA-D\AudioWAV\1087_DFA_ANG_XX.wav,1087,DFA,ANG,angry,XX,train
1087_DFA_DIS_XX.wav,ai-service\data\raw\CREMA-D\AudioWAV\1087_DFA_DIS_XX.wav,1087,DFA,DIS,disgust,XX,train
1087_DFA_FEA_XX.wav,ai-service\data\raw\CREMA-D\AudioWAV\1087_DFA_FEA_XX.wav,1087,DFA,FEA,fear,XX,train
1087_DFA_HAP_XX.wav,ai-service\data\raw\CREMA-D\AudioWAV\1087_DFA_HAP_XX.wav,1087,DFA,HAP,happy,XX,train
1087_DFA_NEU_XX.wav,ai-service\data\raw\CREMA-D\AudioWAV\1087_DFA_NEU_XX.wav,1087,DFA,NEU,neutral,XX,train
1087_DFA_SAD_XX.wav,ai-service\data\raw\CREMA-D\AudioWAV\1087_DFA_SAD_XX.wav,1087,DFA,SAD,sad,XX,train
1087_IEO_ANG_HI.wav,ai-service\data\raw\CREMA-D\AudioWAV\1087_IEO_ANG_HI.wav,1087,IEO,ANG,angry,HI,train
1087_IEO_ANG_LO.wav,ai-service\data\raw\CREMA-D\AudioWAV\1087_IEO_ANG_LO.wav,1087,IEO,ANG,angry,LO,train
1087_IEO_ANG_MD.wav,ai-service\data\raw\CREMA-D\AudioWAV\1087_IEO_ANG_MD.wav,1087,IEO,ANG,angry,MD,train
1087_IEO_DIS_HI.wav,ai-service\data\raw\CREMA-D\AudioWAV\1087_IEO_DIS_HI.wav,1087,IEO,DIS,disgust,HI,train
1087_IEO_DIS_LO.wav,ai-service\data\raw\CREMA-D\AudioWAV\1087_IEO_DIS_LO.wav,1087,IEO,DIS,disgust,LO,train
1087_IEO_DIS_MD.wav,ai-service\data\raw\CREMA-D\AudioWAV\1087_IEO_DIS_MD.wav,1087,IEO,DIS,disgust,MD,train
1087_IEO_FEA_HI.wav,ai-service\data\raw\CREMA-D\AudioWAV\1087_IEO_FEA_HI.wav,1087,IEO,FEA,fear,HI,train
1087_IEO_FEA_LO.wav,ai-service\data\raw\CREMA-D\AudioWAV\1087_IEO_FEA_LO.wav,1087,IEO,FEA,fear,LO,train
1087_IEO_FEA_MD.wav,ai-service\data\raw\CREMA-D\AudioWAV\1087_IEO_FEA_MD.wav,1087,IEO,FEA,fear,MD,train
1087_IEO_HAP_HI.wav,ai-service\data\raw\CREMA-D\AudioWAV\1087_IEO_HAP_HI.wav,1087,IEO,HAP,happy,HI,train
1087_IEO_HAP_LO.wav,ai-service\data\raw\CREMA-D\AudioWAV\1087_IEO_HAP_LO.wav,1087,IEO,HAP,happy,LO,train
1087_IEO_HAP_MD.wav,ai-service\data\raw\CREMA-D\AudioWAV\1087_IEO_HAP_MD.wav,1087,IEO,HAP,happy,MD,train
1087_IEO_NEU_XX.wav,ai-service\data\raw\CREMA-D\AudioWAV\1087_IEO_NEU_XX.wav,1087,IEO,NEU,neutral,XX,train
1087_IEO_SAD_HI.wav,ai-service\data\raw\CREMA-D\AudioWAV\1087_IEO_SAD_HI.wav,1087,IEO,SAD,sad,HI,train
1087_IEO_SAD_LO.wav,ai-service\data\raw\CREMA-D\AudioWAV\1087_IEO_SAD_LO.wav,1087,IEO,SAD,sad,LO,train
1087_IEO_SAD_MD.wav,ai-service\data\raw\CREMA-D\AudioWAV\1087_IEO_SAD_MD.wav,1087,IEO,SAD,sad,MD,train
1087_IOM_ANG_XX.wav,ai-service\data\raw\CREMA-D\AudioWAV\1087_IOM_ANG_XX.wav,1087,IOM,ANG,angry,XX,train
1087_IOM_DIS_XX.wav,ai-service\data\raw\CREMA-D\AudioWAV\1087_IOM_DIS_XX.wav,1087,IOM,DIS,disgust,XX,train
1087_IOM_FEA_XX.wav,ai-service\data\raw\CREMA-D\AudioWAV\1087_IOM_FEA_XX.wav,1087,IOM,FEA,fear,XX,train
1087_IOM_HAP_XX.wav,ai-service\data\raw\CREMA-D\AudioWAV\1087_IOM_HAP_XX.wav,1087,IOM,HAP,happy,XX,train
1087_IOM_NEU_XX.wav,ai-service\data\raw\CREMA-D\AudioWAV\1087_IOM_NEU_XX.wav,1087,IOM,NEU,neutral,XX,train
1087_IOM_SAD_XX.wav,ai-service\data\raw\CREMA-D\AudioWAV\1087_IOM_SAD_XX.wav,1087,IOM,SAD,sad,XX,train
1087_ITH_ANG_XX.wav,ai-service\data\raw\CREMA-D\AudioWAV\1087_ITH_ANG_XX.wav,1087,ITH,ANG,angry,XX,train
1087_ITH_DIS_XX.wav,ai-service\data\raw\CREMA-D\AudioWAV\1087_ITH_DIS_XX.wav,1087,ITH,DIS,disgust,XX,train
1087_ITH_FEA_XX.wav,ai-service\data\raw\CREMA-D\AudioWAV\1087_ITH_FEA_XX.wav,1087,ITH,FEA,fear,XX,train
1087_ITH_HAP_XX.wav,ai-service\data\raw\CREMA-D\AudioWAV\1087_ITH_HAP_XX.wav,1087,ITH,HAP,happy,XX,train
1087_ITH_NEU_XX.wav,ai-service\data\raw\CREMA-D\AudioWAV\1087_ITH_NEU_XX.wav,1087,ITH,NEU,neutral,XX,train
1087_ITH_SAD_XX.wav,ai-service\data\raw\CREMA-D\AudioWAV\1087_ITH_SAD_XX.wav,1087,ITH,SAD,sad,XX,train
1087_ITS_ANG_XX.wav,ai-service\data\raw\CREMA-D\AudioWAV\1087_ITS_ANG_XX.wav,1087,ITS,ANG,angry,XX,train
1087_ITS_DIS_XX.wav,ai-service\data\raw\CREMA-D\AudioWAV\1087_ITS_DIS_XX.wav,1087,ITS,DIS,disgust,XX,train
1087_ITS_FEA_XX.wav,ai-service\data\raw\CREMA-D\AudioWAV\1087_ITS_FEA_XX.wav,1087,ITS,FEA,fear,XX,train
1087_ITS_HAP_XX.wav,ai-service\data\raw\CREMA-D\AudioWAV\1087_ITS_HAP_XX.wav,1087,ITS,HAP,happy,XX,train
1087_ITS_NEU_XX.wav,ai-service\data\raw\CREMA-D\AudioWAV\1087_ITS_NEU_XX.wav,1087,ITS,NEU,neutral,XX,train
1087_ITS_SAD_XX.wav,ai-service\data\raw\CREMA-D\AudioWAV\1087_ITS_SAD_XX.wav,1087,ITS,SAD,sad,XX,train
1087_IWL_ANG_XX.wav,ai-service\data\raw\CREMA-D\AudioWAV\1087_IWL_ANG_XX.wav,1087,IWL,ANG,angry,XX,train
1087_IWL_DIS_XX.wav,ai-service\data\raw\CREMA-D\AudioWAV\1087_IWL_DIS_XX.wav,1087,IWL,DIS,disgust,XX,train
1087_IWL_FEA_XX.wav,ai-service\data\raw\CREMA-D\AudioWAV\1087_IWL_FEA_XX.wav,1087,IWL,FEA,fear,XX,train
1087_IWL_HAP_XX.wav,ai-service\data\raw\CREMA-D\AudioWAV\1087_IWL_HAP_XX.wav,1087,IWL,HAP,happy,XX,train
1087_IWL_NEU_XX.wav,ai-service\data\raw\CREMA-D\AudioWAV\1087_IWL_NEU_XX.wav,1087,IWL,NEU,neutral,XX,train
1087_IWL_SAD_XX.wav,ai-service\data\raw\CREMA-D\AudioWAV\1087_IWL_SAD_XX.wav,1087,IWL,SAD,sad,XX,train
1087_IWW_ANG_XX.wav,ai-service\data\raw\CREMA-D\AudioWAV\1087_IWW_ANG_XX.wav,1087,IWW,ANG,angry,XX,train
1087_IWW_DIS_XX.wav,ai-service\data\raw\CREMA-D\AudioWAV\1087_IWW_DIS_XX.wav,1087,IWW,DIS,disgust,XX,train
1087_IWW_FEA_XX.wav,ai-service\data\raw\CREMA-D\AudioWAV\1087_IWW_FEA_XX.wav,1087,IWW,FEA,fear,XX,train
1087_IWW_HAP_XX.wav,ai-service\data\raw\CREMA-D\AudioWAV\1087_IWW_HAP_XX.wav,1087,IWW,HAP,happy,XX,train
1087_IWW_NEU_XX.wav,ai-service\data\raw\CREMA-D\AudioWAV\1087_IWW_NEU_XX.wav,1087,IWW,NEU,neutral,XX,train
1087_IWW_SAD_XX.wav,ai-service\data\raw\CREMA-D\AudioWAV\1087_IWW_SAD_XX.wav,1087,IWW,SAD,sad,XX,train
1087_MTI_ANG_XX.wav,ai-service\data\raw\CREMA-D\AudioWAV\1087_MTI_ANG_XX.wav,1087,MTI,ANG,angry,XX,train
1087_MTI_DIS_XX.wav,ai-service\data\raw\CREMA-D\AudioWAV\1087_MTI_DIS_XX.wav,1087,MTI,DIS,disgust,XX,train
1087_MTI_FEA_XX.wav,ai-service\data\raw\CREMA-D\AudioWAV\1087_MTI_FEA_XX.wav,1087,MTI,FEA,fear,XX,train
1087_MTI_HAP_XX.wav,ai-service\data\raw\CREMA-D\AudioWAV\1087_MTI_HAP_XX.wav,1087,MTI,HAP,happy,XX,train
1087_MTI_NEU_XX.wav,ai-service\data\raw\CREMA-D\AudioWAV\1087_MTI_NEU_XX.wav,1087,MTI,NEU,neutral,XX,train
1087_MTI_SAD_XX.wav,ai-service\data\raw\CREMA-D\AudioWAV\1087_MTI_SAD_XX.wav,1087,MTI,SAD,sad,XX,train
1087_TAI_ANG_XX.wav,ai-service\data\raw\CREMA-D\AudioWAV\1087_TAI_ANG_XX.wav,1087,TAI,ANG,angry,XX,train
1087_TAI_DIS_XX.wav,ai-service\data\raw\CREMA-D\AudioWAV\1087_TAI_DIS_XX.wav,1087,TAI,DIS,disgust,XX,train
1087_TAI_FEA_XX.wav,ai-service\data\raw\CREMA-D\AudioWAV\1087_TAI_FEA_XX.wav,1087,TAI,FEA,fear,XX,train
1087_TAI_HAP_XX.wav,ai-service\data\raw\CREMA-D\AudioWAV\1087_TAI_HAP_XX.wav,1087,TAI,HAP,happy,XX,train
1087_TAI_NEU_XX.wav,ai-service\data\raw\CREMA-D\AudioWAV\1087_TAI_NEU_XX.wav,1087,TAI,NEU,neutral,XX,train
1087_TAI_SAD_XX.wav,ai-service\data\raw\CREMA-D\AudioWAV\1087_TAI_SAD_XX.wav,1087,TAI,SAD,sad,XX,train
1087_TIE_ANG_XX.wav,ai-service\data\raw\CREMA-D\AudioWAV\1087_TIE_ANG_XX.wav,1087,TIE,ANG,angry,XX,train
1087_TIE_DIS_XX.wav,ai-service\data\raw\CREMA-D\AudioWAV\1087_TIE_DIS_XX.wav,1087,TIE,DIS,disgust,XX,train
1087_TIE_FEA_XX.wav,ai-service\data\raw\CREMA-D\AudioWAV\1087_TIE_FEA_XX.wav,1087,TIE,FEA,fear,XX,train
1087_TIE_HAP_XX.wav,ai-service\data\raw\CREMA-D\AudioWAV\1087_TIE_HAP_XX.wav,1087,TIE,HAP,happy,XX,train
1087_TIE_NEU_XX.wav,ai-service\data\raw\CREMA-D\AudioWAV\1087_TIE_NEU_XX.wav,1087,TIE,NEU,neutral,XX,train
1087_TIE_SAD_XX.wav,ai-service\data\raw\CREMA-D\AudioWAV\1087_TIE_SAD_XX.wav,1087,TIE,SAD,sad,XX,train
1087_TSI_ANG_XX.wav,ai-service\data\raw\CREMA-D\AudioWAV\1087_TSI_ANG_XX.wav,1087,TSI,ANG,angry,XX,train
1087_TSI_DIS_XX.wav,ai-service\data\raw\CREMA-D\AudioWAV\1087_TSI_DIS_XX.wav,1087,TSI,DIS,disgust,XX,train
1087_TSI_FEA_XX.wav,ai-service\data\raw\CREMA-D\AudioWAV\1087_TSI_FEA_XX.wav,1087,TSI,FEA,fear,XX,train
1087_TSI_HAP_XX.wav,ai-service\data\raw\CREMA-D\AudioWAV\1087_TSI_HAP_XX.wav,1087,TSI,HAP,happy,XX,train
1087_TSI_NEU_XX.wav,ai-service\data\raw\CREMA-D\AudioWAV\1087_TSI_NEU_XX.wav,1087,TSI,NEU,neutral,XX,train
1087_TSI_SAD_XX.wav,ai-service\data\raw\CREMA-D\AudioWAV\1087_TSI_SAD_XX.wav,1087,TSI,SAD,sad,XX,train
1087_WSI_ANG_XX.wav,ai-service\data\raw\CREMA-D\AudioWAV\1087_WSI_ANG_XX.wav,1087,WSI,ANG,angry,XX,train
1087_WSI_DIS_XX.wav,ai-service\data\raw\CREMA-D\AudioWAV\1087_WSI_DIS_XX.wav,1087,WSI,DIS,disgust,XX,train
1087_WSI_FEA_XX.wav,ai-service\data\raw\CREMA-D\AudioWAV\1087_WSI_FEA_XX.wav,1087,WSI,FEA,fear,XX,train
1087_WSI_HAP_XX.wav,ai-service\data\raw\CREMA-D\AudioWAV\1087_WSI_HAP_XX.wav,1087,WSI,HAP,happy,XX,train
1087_WSI_NEU_XX.wav,ai-service\data\raw\CREMA-D\AudioWAV\1087_WSI_NEU_XX.wav,1087,WSI,NEU,neutral,XX,train
1087_WSI_SAD_XX.wav,ai-service\data\raw\CREMA-D\AudioWAV\1087_WSI_SAD_XX.wav,1087,WSI,SAD,sad,XX,train
1090_DFA_ANG_XX.wav,ai-service\data\raw\CREMA-D\AudioWAV\1090_DFA_ANG_XX.wav,1090,DFA,ANG,angry,XX,train
1090_DFA_DIS_XX.wav,ai-service\data\raw\CREMA-D\AudioWAV\1090_DFA_DIS_XX.wav,1090,DFA,DIS,disgust,XX,train
1090_DFA_FEA_XX.wav,ai-service\data\raw\CREMA-D\AudioWAV\1090_DFA_FEA_XX.wav,1090,DFA,FEA,fear,XX,train
1090_DFA_HAP_XX.wav,ai-service\data\raw\CREMA-D\AudioWAV\1090_DFA_HAP_XX.wav,1090,DFA,HAP,happy,XX,train
1090_DFA_NEU_XX.wav,ai-service\data\raw\CREMA-D\AudioWAV\1090_DFA_NEU_XX.wav,1090,DFA,NEU,neutral,XX,train
1090_DFA_SAD_XX.wav,ai-service\data\raw\CREMA-D\AudioWAV\1090_DFA_SAD_XX.wav,1090,DFA,SAD,sad,XX,train
1090_IEO_ANG_HI.wav,ai-service\data\raw\CREMA-D\AudioWAV\1090_IEO_ANG_HI.wav,1090,IEO,ANG,angry,HI,train
1090_IEO_ANG_LO.wav,ai-service\data\raw\CREMA-D\AudioWAV\1090_IEO_ANG_LO.wav,1090,IEO,ANG,angry,LO,train
1090_IEO_ANG_MD.wav,ai-service\data\raw\CREMA-D\AudioWAV\1090_IEO_ANG_MD.wav,1090,IEO,ANG,angry,MD,train
1090_IEO_DIS_HI.wav,ai-service\data\raw\CREMA-D\AudioWAV\1090_IEO_DIS_HI.wav,1090,IEO,DIS,disgust,HI,train
1090_IEO_DIS_LO.wav,ai-service\data\raw\CREMA-D\AudioWAV\1090_IEO_DIS_LO.wav,1090,IEO,DIS,disgust,LO,train
1090_IEO_DIS_MD.wav,ai-service\data\raw\CREMA-D\AudioWAV\1090_IEO_DIS_MD.wav,1090,IEO,DIS,disgust,MD,train
1090_IEO_FEA_HI.wav,ai-service\data\raw\CREMA-D\AudioWAV\1090_IEO_FEA_HI.wav,1090,IEO,FEA,fear,HI,train
1090_IEO_FEA_LO.wav,ai-service\data\raw\CREMA-D\AudioWAV\1090_IEO_FEA_LO.wav,1090,IEO,FEA,fear,LO,train
1090_IEO_FEA_MD.wav,ai-service\data\raw\CREMA-D\AudioWAV\1090_IEO_FEA_MD.wav,1090,IEO,FEA,fear,MD,train
1090_IEO_HAP_HI.wav,ai-service\data\raw\CREMA-D\AudioWAV\1090_IEO_HAP_HI.wav,1090,IEO,HAP,happy,HI,train
1090_IEO_HAP_LO.wav,ai-service\data\raw\CREMA-D\AudioWAV\1090_IEO_HAP_LO.wav,1090,IEO,HAP,happy,LO,train
1090_IEO_HAP_MD.wav,ai-service\data\raw\CREMA-D\AudioWAV\1090_IEO_HAP_MD.wav,1090,IEO,HAP,happy,MD,train
1090_IEO_NEU_XX.wav,ai-service\data\raw\CREMA-D\AudioWAV\1090_IEO_NEU_XX.wav,1090,IEO,NEU,neutral,XX,train
1090_IEO_SAD_HI.wav,ai-service\data\raw\CREMA-D\AudioWAV\1090_IEO_SAD_HI.wav,1090,IEO,SAD,sad,HI,train
1090_IEO_SAD_LO.wav,ai-service\data\raw\CREMA-D\AudioWAV\1090_IEO_SAD_LO.wav,1090,IEO,SAD,sad,LO,train
1090_IEO_SAD_MD.wav,ai-service\data\raw\CREMA-D\AudioWAV\1090_IEO_SAD_MD.wav,1090,IEO,SAD,sad,MD,train
1090_IOM_ANG_XX.wav,ai-service\data\raw\CREMA-D\AudioWAV\1090_IOM_ANG_XX.wav,1090,IOM,ANG,angry,XX,train
1090_IOM_DIS_XX.wav,ai-service\data\raw\CREMA-D\AudioWAV\1090_IOM_DIS_XX.wav,1090,IOM,DIS,disgust,XX,train
1090_IOM_FEA_XX.wav,ai-service\data\raw\CREMA-D\AudioWAV\1090_IOM_FEA_XX.wav,1090,IOM,FEA,fear,XX,train
1090_IOM_HAP_XX.wav,ai-service\data\raw\CREMA-D\AudioWAV\1090_IOM_HAP_XX.wav,1090,IOM,HAP,happy,XX,train
1090_IOM_NEU_XX.wav,ai-service\data\raw\CREMA-D\AudioWAV\1090_IOM_NEU_XX.wav,1090,IOM,NEU,neutral,XX,train
1090_IOM_SAD_XX.wav,ai-service\data\raw\CREMA-D\AudioWAV\1090_IOM_SAD_XX.wav,1090,IOM,SAD,sad,XX,train
1090_ITH_ANG_XX.wav,ai-service\data\raw\CREMA-D\AudioWAV\1090_ITH_ANG_XX.wav,1090,ITH,ANG,angry,XX,train
1090_ITH_DIS_XX.wav,ai-service\data\raw\CREMA-D\AudioWAV\1090_ITH_DIS_XX.wav,1090,ITH,DIS,disgust,XX,train
1090_ITH_FEA_XX.wav,ai-service\data\raw\CREMA-D\AudioWAV\1090_ITH_FEA_XX.wav,1090,ITH,FEA,fear,XX,train
1090_ITH_HAP_XX.wav,ai-service\data\raw\CREMA-D\AudioWAV\1090_ITH_HAP_XX.wav,1090,ITH,HAP,happy,XX,train
1090_ITH_NEU_XX.wav,ai-service\data\raw\CREMA-D\AudioWAV\1090_ITH_NEU_XX.wav,1090,ITH,NEU,neutral,XX,train
1090_ITH_SAD_XX.wav,ai-service\data\raw\CREMA-D\AudioWAV\1090_ITH_SAD_XX.wav,1090,ITH,SAD,sad,XX,train
1090_ITS_ANG_XX.wav,ai-service\data\raw\CREMA-D\AudioWAV\1090_ITS_ANG_XX.wav,1090,ITS,ANG,angry,XX,train
1090_ITS_DIS_XX.wav,ai-service\data\raw\CREMA-D\AudioWAV\1090_ITS_DIS_XX.wav,1090,ITS,DIS,disgust,XX,train
1090_ITS_FEA_XX.wav,ai-service\data\raw\CREMA-D\AudioWAV\1090_ITS_FEA_XX.wav,1090,ITS,FEA,fear,XX,train
1090_ITS_HAP_XX.wav,ai-service\data\raw\CREMA-D\AudioWAV\1090_ITS_HAP_XX.wav,1090,ITS,HAP,happy,XX,train
1090_ITS_NEU_XX.wav,ai-service\data\raw\CREMA-D\AudioWAV\1090_ITS_NEU_XX.wav,1090,ITS,NEU,neutral,XX,train
1090_ITS_SAD_XX.wav,ai-service\data\raw\CREMA-D\AudioWAV\1090_ITS_SAD_XX.wav,1090,ITS,SAD,sad,XX,train
1090_IWL_ANG_XX.wav,ai-service\data\raw\CREMA-D\AudioWAV\1090_IWL_ANG_XX.wav,1090,IWL,ANG,angry,XX,train
1090_IWL_DIS_XX.wav,ai-service\data\raw\CREMA-D\AudioWAV\1090_IWL_DIS_XX.wav,1090,IWL,DIS,disgust,XX,train
1090_IWL_FEA_XX.wav,ai-service\data\raw\CREMA-D\AudioWAV\1090_IWL_FEA_XX.wav,1090,IWL,FEA,fear,XX,train
1090_IWL_HAP_XX.wav,ai-service\data\raw\CREMA-D\AudioWAV\1090_IWL_HAP_XX.wav,1090,IWL,HAP,happy,XX,train
1090_IWL_NEU_XX.wav,ai-service\data\raw\CREMA-D\AudioWAV\1090_IWL_NEU_XX.wav,1090,IWL,NEU,neutral,XX,train
1090_IWL_SAD_XX.wav,ai-service\data\raw\CREMA-D\AudioWAV\1090_IWL_SAD_XX.wav,1090,IWL,SAD,sad,XX,train
1090_IWW_ANG_XX.wav,ai-service\data\raw\CREMA-D\AudioWAV\1090_IWW_ANG_XX.wav,1090,IWW,ANG,angry,XX,train
1090_IWW_DIS_XX.wav,ai-service\data\raw\CREMA-D\AudioWAV\1090_IWW_DIS_XX.wav,1090,IWW,DIS,disgust,XX,train
1090_IWW_FEA_XX.wav,ai-service\data\raw\CREMA-D\AudioWAV\1090_IWW_FEA_XX.wav,1090,IWW,FEA,fear,XX,train
1090_IWW_HAP_XX.wav,ai-service\data\raw\CREMA-D\AudioWAV\1090_IWW_HAP_XX.wav,1090,IWW,HAP,happy,XX,train
1090_IWW_NEU_XX.wav,ai-service\data\raw\CREMA-D\AudioWAV\1090_IWW_NEU_XX.wav,1090,IWW,NEU,neutral,XX,train
1090_IWW_SAD_XX.wav,ai-service\data\raw\CREMA-D\AudioWAV\1090_IWW_SAD_XX.wav,1090,IWW,SAD,sad,XX,train
1090_MTI_ANG_XX.wav,ai-service\data\raw\CREMA-D\AudioWAV\1090_MTI_ANG_XX.wav,1090,MTI,ANG,angry,XX,train
1090_MTI_DIS_XX.wav,ai-service\data\raw\CREMA-D\AudioWAV\1090_MTI_DIS_XX.wav,1090,MTI,DIS,disgust,XX,train
1090_MTI_FEA_XX.wav,ai-service\data\raw\CREMA-D\AudioWAV\1090_MTI_FEA_XX.wav,1090,MTI,FEA,fear,XX,train
1090_MTI_HAP_XX.wav,ai-service\data\raw\CREMA-D\AudioWAV\1090_MTI_HAP_XX.wav,1090,MTI,HAP,happy,XX,train
1090_MTI_NEU_XX.wav,ai-service\data\raw\CREMA-D\AudioWAV\1090_MTI_NEU_XX.wav,1090,MTI,NEU,neutral,XX,train
1090_MTI_SAD_XX.wav,ai-service\data\raw\CREMA-D\AudioWAV\1090_MTI_SAD_XX.wav,1090,MTI,SAD,sad,XX,train
1090_TAI_ANG_XX.wav,ai-service\data\raw\CREMA-D\AudioWAV\1090_TAI_ANG_XX.wav,1090,TAI,ANG,angry,XX,train
1090_TAI_DIS_XX.wav,ai-service\data\raw\CREMA-D\AudioWAV\1090_TAI_DIS_XX.wav,1090,TAI,DIS,disgust,XX,train
1090_TAI_FEA_XX.wav,ai-service\data\raw\CREMA-D\AudioWAV\1090_TAI_FEA_XX.wav,1090,TAI,FEA,fear,XX,train
1090_TAI_HAP_XX.wav,ai-service\data\raw\CREMA-D\AudioWAV\1090_TAI_HAP_XX.wav,1090,TAI,HAP,happy,XX,train
1090_TAI_NEU_XX.wav,ai-service\data\raw\CREMA-D\AudioWAV\1090_TAI_NEU_XX.wav,1090,TAI,NEU,neutral,XX,train
1090_TAI_SAD_XX.wav,ai-service\data\raw\CREMA-D\AudioWAV\1090_TAI_SAD_XX.wav,1090,TAI,SAD,sad,XX,train
1090_TIE_ANG_XX.wav,ai-service\data\raw\CREMA-D\AudioWAV\1090_TIE_ANG_XX.wav,1090,TIE,ANG,angry,XX,train
1090_TIE_DIS_XX.wav,ai-service\data\raw\CREMA-D\AudioWAV\1090_TIE_DIS_XX.wav,1090,TIE,DIS,disgust,XX,train
1090_TIE_FEA_XX.wav,ai-service\data\raw\CREMA-D\AudioWAV\1090_TIE_FEA_XX.wav,1090,TIE,FEA,fear,XX,train
1090_TIE_HAP_XX.wav,ai-service\data\raw\CREMA-D\AudioWAV\1090_TIE_HAP_XX.wav,1090,TIE,HAP,happy,XX,train
1090_TIE_NEU_XX.wav,ai-service\data\raw\CREMA-D\AudioWAV\1090_TIE_NEU_XX.wav,1090,TIE,NEU,neutral,XX,train
1090_TIE_SAD_XX.wav,ai-service\data\raw\CREMA-D\AudioWAV\1090_TIE_SAD_XX.wav,1090,TIE,SAD,sad,XX,train
1090_TSI_ANG_XX.wav,ai-service\data\raw\CREMA-D\AudioWAV\1090_TSI_ANG_XX.wav,1090,TSI,ANG,angry,XX,train
1090_TSI_DIS_XX.wav,ai-service\data\raw\CREMA-D\AudioWAV\1090_TSI_DIS_XX.wav,1090,TSI,DIS,disgust,XX,train
1090_TSI_FEA_XX.wav,ai-service\data\raw\CREMA-D\AudioWAV\1090_TSI_FEA_XX.wav,1090,TSI,FEA,fear,XX,train
1090_TSI_HAP_XX.wav,ai-service\data\raw\CREMA-D\AudioWAV\1090_TSI_HAP_XX.wav,1090,TSI,HAP,happy,XX,train
1090_TSI_NEU_XX.wav,ai-service\data\raw\CREMA-D\AudioWAV\1090_TSI_NEU_XX.wav,1090,TSI,NEU,neutral,XX,train
1090_TSI_SAD_XX.wav,ai-service\data\raw\CREMA-D\AudioWAV\1090_TSI_SAD_XX.wav,1090,TSI,SAD,sad,XX,train
1090_WSI_ANG_XX.wav,ai-service\data\raw\CREMA-D\AudioWAV\1090_WSI_ANG_XX.wav,1090,WSI,ANG,angry,XX,train
1090_WSI_DIS_XX.wav,ai-service\data\raw\CREMA-D\AudioWAV\1090_WSI_DIS_XX.wav,1090,WSI,DIS,disgust,XX,train
1090_WSI_FEA_XX.wav,ai-service\data\raw\CREMA-D\AudioWAV\1090_WSI_FEA_XX.wav,1090,WSI,FEA,fear,XX,train
1090_WSI_HAP_XX.wav,ai-service\data\raw\CREMA-D\AudioWAV\1090_WSI_HAP_XX.wav,1090,WSI,HAP,happy,XX,train
1090_WSI_NEU_XX.wav,ai-service\data\raw\CREMA-D\AudioWAV\1090_WSI_NEU_XX.wav,1090,WSI,NEU,neutral,XX,train
1090_WSI_SAD_XX.wav,ai-service\data\raw\CREMA-D\AudioWAV\1090_WSI_SAD_XX.wav,1090,WSI,SAD,sad,XX,train
